ISO-10303-21;
HEADER;
/* Generated by software containing ST-Developer
 * from STEP Tools, Inc. (www.steptools.com) 
 */

FILE_DESCRIPTION(
/* description */ (''),
/* implementation_level */ '2;1');

FILE_NAME(
/* name */ 'Case assembly 18mm.step',
/* time_stamp */ '2026-09-18T19:42:50+02:00',
/* author */ (''),
/* organization */ (''),
/* preprocessor_version */ 'ST-DEVELOPER v20.2',
/* originating_system */ 'Autodesk Translation Framework v15.15.0.0',
/* authorisation */ '');

FILE_SCHEMA (('AUTOMOTIVE_DESIGN { 1 0 10303 214 3 1 1 }'));
ENDSEC;

DATA;
#10=MECHANICAL_DESIGN_GEOMETRIC_PRESENTATION_REPRESENTATION('',(#250,#251,
#252,#253,#254,#255,#256,#257,#258,#259),#21567);
#11=ITEM_DEFINED_TRANSFORMATION($,$,#13484,#14365);
#12=(
REPRESENTATION_RELATIONSHIP($,$,#21578,#21577)
REPRESENTATION_RELATIONSHIP_WITH_TRANSFORMATION(#11)
SHAPE_REPRESENTATION_RELATIONSHIP()
);
#13=CONTEXT_DEPENDENT_SHAPE_REPRESENTATION(#12,#21576);
#14=NEXT_ASSEMBLY_USAGE_OCCURRENCE('Case - dowel:1','Case - dowel:1',
'Case - dowel:1',#21580,#21581,'Case - dowel:1');
#15=CONICAL_SURFACE('',#13532,2.55,0.785398163397448);
#16=CONICAL_SURFACE('',#13534,2.55,0.785398163397448);
#17=CONICAL_SURFACE('',#13799,2.55,0.785398163397448);
#18=CONICAL_SURFACE('',#13800,2.55,0.785398163397448);
#19=CONICAL_SURFACE('',#13980,2.55,0.785398163397448);
#20=CONICAL_SURFACE('',#13987,2.55,0.785398163397448);
#21=CONICAL_SURFACE('',#14068,2.55,0.785398163397448);
#22=CONICAL_SURFACE('',#14075,2.55,0.785398163397448);
#23=CONICAL_SURFACE('',#14082,2.55,0.785398163397448);
#24=FACE_BOUND('',#1291,.T.);
#25=FACE_BOUND('',#1292,.T.);
#26=FACE_BOUND('',#1293,.T.);
#27=FACE_BOUND('',#1295,.T.);
#28=FACE_BOUND('',#1296,.T.);
#29=FACE_BOUND('',#1297,.T.);
#30=FACE_BOUND('',#1309,.T.);
#31=FACE_BOUND('',#1310,.T.);
#32=FACE_BOUND('',#1311,.T.);
#33=FACE_BOUND('',#1312,.T.);
#34=FACE_BOUND('',#1331,.T.);
#35=FACE_BOUND('',#1332,.T.);
#36=FACE_BOUND('',#1333,.T.);
#37=FACE_BOUND('',#1334,.T.);
#38=FACE_BOUND('',#1335,.T.);
#39=FACE_BOUND('',#1353,.T.);
#40=FACE_BOUND('',#1354,.T.);
#41=FACE_BOUND('',#1355,.T.);
#42=FACE_BOUND('',#1356,.T.);
#43=FACE_BOUND('',#1357,.T.);
#44=FACE_BOUND('',#1358,.T.);
#45=FACE_BOUND('',#1359,.T.);
#46=FACE_BOUND('',#1360,.T.);
#47=FACE_BOUND('',#1361,.T.);
#48=FACE_BOUND('',#1362,.T.);
#49=FACE_BOUND('',#1363,.T.);
#50=FACE_BOUND('',#1364,.T.);
#51=FACE_BOUND('',#1365,.T.);
#52=FACE_BOUND('',#1366,.T.);
#53=FACE_BOUND('',#1367,.T.);
#54=FACE_BOUND('',#1368,.T.);
#55=FACE_BOUND('',#1397,.T.);
#56=FACE_BOUND('',#1398,.T.);
#57=FACE_BOUND('',#1399,.T.);
#58=FACE_BOUND('',#1400,.T.);
#59=FACE_BOUND('',#1401,.T.);
#60=FACE_BOUND('',#1402,.T.);
#61=FACE_BOUND('',#1403,.T.);
#62=FACE_BOUND('',#1404,.T.);
#63=FACE_BOUND('',#1405,.T.);
#64=FACE_BOUND('',#1406,.T.);
#65=FACE_BOUND('',#1407,.T.);
#66=FACE_BOUND('',#1408,.T.);
#67=FACE_BOUND('',#1409,.T.);
#68=FACE_BOUND('',#1410,.T.);
#69=FACE_BOUND('',#1411,.T.);
#70=FACE_BOUND('',#1412,.T.);
#71=FACE_BOUND('',#1418,.T.);
#72=FACE_BOUND('',#1419,.T.);
#73=FACE_BOUND('',#1420,.T.);
#74=FACE_BOUND('',#1421,.T.);
#75=FACE_BOUND('',#1521,.T.);
#76=FACE_BOUND('',#1522,.T.);
#77=FACE_BOUND('',#1528,.T.);
#78=FACE_BOUND('',#1529,.T.);
#79=FACE_BOUND('',#1530,.T.);
#80=FACE_BOUND('',#1532,.T.);
#81=FACE_BOUND('',#1533,.T.);
#82=FACE_BOUND('',#1534,.T.);
#83=FACE_BOUND('',#1535,.T.);
#84=FACE_BOUND('',#1544,.T.);
#85=FACE_BOUND('',#1545,.T.);
#86=FACE_BOUND('',#1547,.T.);
#87=FACE_BOUND('',#1548,.T.);
#88=FACE_BOUND('',#1549,.T.);
#89=FACE_BOUND('',#1550,.T.);
#90=FACE_BOUND('',#1555,.T.);
#91=FACE_BOUND('',#1556,.T.);
#92=FACE_BOUND('',#1557,.T.);
#93=FACE_BOUND('',#1558,.T.);
#94=FACE_BOUND('',#1559,.T.);
#95=FACE_BOUND('',#1560,.T.);
#96=FACE_BOUND('',#1561,.T.);
#97=FACE_BOUND('',#1568,.T.);
#98=FACE_BOUND('',#1569,.T.);
#99=FACE_BOUND('',#1570,.T.);
#100=FACE_BOUND('',#1572,.T.);
#101=FACE_BOUND('',#1573,.T.);
#102=FACE_BOUND('',#1574,.T.);
#103=FACE_BOUND('',#1579,.T.);
#104=FACE_BOUND('',#1580,.T.);
#105=FACE_BOUND('',#1581,.T.);
#106=FACE_BOUND('',#1582,.T.);
#107=FACE_BOUND('',#1583,.T.);
#108=FACE_BOUND('',#1584,.T.);
#109=FACE_BOUND('',#1587,.T.);
#110=FACE_BOUND('',#1588,.T.);
#111=FACE_BOUND('',#1589,.T.);
#112=FACE_BOUND('',#1590,.T.);
#113=FACE_BOUND('',#1591,.T.);
#114=FACE_BOUND('',#1597,.T.);
#115=FACE_BOUND('',#1651,.T.);
#116=FACE_BOUND('',#1652,.T.);
#117=FACE_BOUND('',#1653,.T.);
#118=FACE_BOUND('',#1654,.T.);
#119=FACE_BOUND('',#1662,.T.);
#120=FACE_BOUND('',#1663,.T.);
#121=FACE_BOUND('',#1664,.T.);
#122=FACE_BOUND('',#1665,.T.);
#123=FACE_BOUND('',#1719,.T.);
#124=FACE_BOUND('',#1722,.T.);
#125=FACE_BOUND('',#1723,.T.);
#126=FACE_BOUND('',#1726,.T.);
#127=FACE_BOUND('',#1727,.T.);
#128=FACE_BOUND('',#1730,.T.);
#129=FACE_BOUND('',#1740,.T.);
#130=FACE_BOUND('',#1744,.T.);
#131=FACE_BOUND('',#1750,.T.);
#132=FACE_BOUND('',#1755,.T.);
#133=FACE_BOUND('',#1757,.T.);
#134=FACE_BOUND('',#1758,.T.);
#135=FACE_BOUND('',#1759,.T.);
#136=FACE_BOUND('',#1760,.T.);
#137=FACE_BOUND('',#1761,.T.);
#138=FACE_BOUND('',#1762,.T.);
#139=FACE_BOUND('',#1763,.T.);
#140=FACE_BOUND('',#1777,.T.);
#141=FACE_BOUND('',#1778,.T.);
#142=FACE_BOUND('',#1779,.T.);
#143=FACE_BOUND('',#1780,.T.);
#144=FACE_BOUND('',#1790,.T.);
#145=FACE_BOUND('',#1791,.T.);
#146=FACE_BOUND('',#1792,.T.);
#147=FACE_BOUND('',#1793,.T.);
#148=FACE_BOUND('',#1797,.T.);
#149=FACE_BOUND('',#1798,.T.);
#150=FACE_BOUND('',#1799,.T.);
#151=FACE_BOUND('',#1800,.T.);
#152=FACE_BOUND('',#1801,.T.);
#153=FACE_BOUND('',#1802,.T.);
#154=FACE_BOUND('',#1803,.T.);
#155=FACE_BOUND('',#1804,.T.);
#156=FACE_BOUND('',#1817,.T.);
#157=FACE_BOUND('',#1821,.T.);
#158=FACE_BOUND('',#1825,.T.);
#159=FACE_BOUND('',#1830,.T.);
#160=FACE_BOUND('',#1836,.T.);
#161=FACE_BOUND('',#1842,.T.);
#162=FACE_BOUND('',#1847,.T.);
#163=FACE_BOUND('',#1848,.T.);
#164=FACE_BOUND('',#1849,.T.);
#165=FACE_BOUND('',#1850,.T.);
#166=FACE_BOUND('',#1851,.T.);
#167=FACE_BOUND('',#1852,.T.);
#168=FACE_BOUND('',#1856,.T.);
#169=FACE_BOUND('',#1857,.T.);
#170=FACE_BOUND('',#1858,.T.);
#171=FACE_BOUND('',#1859,.T.);
#172=FACE_BOUND('',#1868,.T.);
#173=FACE_BOUND('',#1869,.T.);
#174=FACE_BOUND('',#1870,.T.);
#175=FACE_BOUND('',#1871,.T.);
#176=FACE_BOUND('',#1874,.T.);
#177=FACE_BOUND('',#1875,.T.);
#178=FACE_BOUND('',#1876,.T.);
#179=FACE_BOUND('',#1877,.T.);
#180=FACE_BOUND('',#1880,.T.);
#181=FACE_BOUND('',#1881,.T.);
#182=FACE_BOUND('',#1882,.T.);
#183=FACE_BOUND('',#1883,.T.);
#184=FACE_BOUND('',#1884,.T.);
#185=FACE_BOUND('',#1885,.T.);
#186=FACE_BOUND('',#1886,.T.);
#187=FACE_BOUND('',#1887,.T.);
#188=FACE_BOUND('',#1889,.T.);
#189=FACE_BOUND('',#1890,.T.);
#190=FACE_BOUND('',#1891,.T.);
#191=FACE_BOUND('',#1892,.T.);
#192=FACE_BOUND('',#1893,.T.);
#193=FACE_BOUND('',#1894,.T.);
#194=FACE_BOUND('',#1895,.T.);
#195=FACE_BOUND('',#1902,.T.);
#196=FACE_BOUND('',#1904,.T.);
#197=FACE_BOUND('',#1906,.T.);
#198=FACE_BOUND('',#1907,.T.);
#199=FACE_BOUND('',#1908,.T.);
#200=FACE_BOUND('',#1909,.T.);
#201=FACE_BOUND('',#1910,.T.);
#202=FACE_BOUND('',#1911,.T.);
#203=FACE_BOUND('',#1912,.T.);
#204=FACE_BOUND('',#1913,.T.);
#205=FACE_BOUND('',#1914,.T.);
#206=FACE_BOUND('',#1920,.T.);
#207=FACE_BOUND('',#1922,.T.);
#208=FACE_BOUND('',#1928,.T.);
#209=FACE_BOUND('',#1929,.T.);
#210=FACE_BOUND('',#1939,.T.);
#211=FACE_BOUND('',#1940,.T.);
#212=FACE_BOUND('',#1941,.T.);
#213=FACE_BOUND('',#1942,.T.);
#214=FACE_BOUND('',#1947,.T.);
#215=FACE_BOUND('',#1948,.T.);
#216=FACE_BOUND('',#1949,.T.);
#217=FACE_BOUND('',#1983,.T.);
#218=FACE_BOUND('',#1984,.T.);
#219=FACE_BOUND('',#1989,.T.);
#220=FACE_BOUND('',#1990,.T.);
#221=FACE_BOUND('',#1991,.T.);
#222=FACE_BOUND('',#1992,.T.);
#223=FACE_BOUND('',#1999,.T.);
#224=FACE_BOUND('',#2000,.T.);
#225=FACE_BOUND('',#2001,.T.);
#226=FACE_BOUND('',#2002,.T.);
#227=FACE_BOUND('',#2006,.T.);
#228=FACE_BOUND('',#2007,.T.);
#229=FACE_BOUND('',#2025,.T.);
#230=FACE_BOUND('',#2033,.T.);
#231=FACE_BOUND('',#2035,.T.);
#232=FACE_BOUND('',#2040,.T.);
#233=FACE_BOUND('',#2042,.T.);
#234=FACE_BOUND('',#2048,.T.);
#235=FACE_BOUND('',#2049,.T.);
#236=FACE_BOUND('',#2050,.T.);
#237=FACE_BOUND('',#2051,.T.);
#238=FACE_BOUND('',#2055,.T.);
#239=FACE_BOUND('',#2061,.T.);
#240=FACE_BOUND('',#2062,.T.);
#241=FACE_BOUND('',#2063,.T.);
#242=FACE_BOUND('',#2093,.T.);
#243=FACE_BOUND('',#2094,.T.);
#244=FACE_BOUND('',#2095,.T.);
#245=FACE_BOUND('',#2096,.T.);
#246=SHAPE_REPRESENTATION_RELATIONSHIP('SRR','None',#21578,#248);
#247=SHAPE_REPRESENTATION_RELATIONSHIP('SRR','None',#21577,#249);
#248=ADVANCED_BREP_SHAPE_REPRESENTATION('',(#260),#21566);
#249=ADVANCED_BREP_SHAPE_REPRESENTATION('',(#261,#262,#263,#264,#265,#266,
#267,#268,#269),#21565);
#250=STYLED_ITEM('',(#21591),#260);
#251=STYLED_ITEM('',(#21591),#261);
#252=STYLED_ITEM('',(#21592),#262);
#253=STYLED_ITEM('',(#21591),#263);
#254=STYLED_ITEM('',(#21592),#264);
#255=STYLED_ITEM('',(#21591),#265);
#256=STYLED_ITEM('',(#21591),#266);
#257=STYLED_ITEM('',(#21592),#267);
#258=STYLED_ITEM('',(#21592),#268);
#259=STYLED_ITEM('',(#21591),#269);
#260=MANIFOLD_SOLID_BREP('Dowel',#13461);
#261=MANIFOLD_SOLID_BREP('Case - Right front',#13462);
#262=MANIFOLD_SOLID_BREP('Case - Right cover rear',#13463);
#263=MANIFOLD_SOLID_BREP('Case - Left front',#13464);
#264=MANIFOLD_SOLID_BREP('Case - Left cover rear',#13465);
#265=MANIFOLD_SOLID_BREP('Case - Left rear',#13466);
#266=MANIFOLD_SOLID_BREP('Case - Right rear',#13467);
#267=MANIFOLD_SOLID_BREP('Case - Left cover front',#13468);
#268=MANIFOLD_SOLID_BREP('Case - Right cover front',#13469);
#269=MANIFOLD_SOLID_BREP('Case - Shaft slide',#13470);
#270=CIRCLE('',#13487,2.15);
#271=CIRCLE('',#13488,2.15);
#272=CIRCLE('',#13497,2.2);
#273=CIRCLE('',#13498,2.2);
#274=CIRCLE('',#13499,2.2);
#275=CIRCLE('',#13501,2.2);
#276=CIRCLE('',#13502,2.2);
#277=CIRCLE('',#13503,2.2);
#278=CIRCLE('',#13505,2.);
#279=CIRCLE('',#13506,2.);
#280=CIRCLE('',#13509,2.);
#281=CIRCLE('',#13510,2.);
#282=CIRCLE('',#13512,2.);
#283=CIRCLE('',#13513,2.);
#284=CIRCLE('',#13521,15.5);
#285=CIRCLE('',#13522,3.5);
#286=CIRCLE('',#13523,3.5);
#287=CIRCLE('',#13524,1.65);
#288=CIRCLE('',#13525,1.64999999999999);
#289=CIRCLE('',#13529,1.64999999999999);
#290=CIRCLE('',#13531,1.65);
#291=CIRCLE('',#13533,1.7);
#292=CIRCLE('',#13535,1.7);
#293=CIRCLE('',#13542,15.5);
#294=CIRCLE('',#13549,15.5);
#295=CIRCLE('',#13557,15.5);
#296=CIRCLE('',#13566,2.);
#297=CIRCLE('',#13567,2.);
#298=CIRCLE('',#13571,2.);
#299=CIRCLE('',#13572,2.);
#300=CIRCLE('',#13575,2.);
#301=CIRCLE('',#13576,2.);
#302=CIRCLE('',#13579,2.);
#303=CIRCLE('',#13580,2.);
#304=CIRCLE('',#13583,2.);
#305=CIRCLE('',#13584,2.);
#306=CIRCLE('',#13587,2.);
#307=CIRCLE('',#13588,2.);
#308=CIRCLE('',#13591,2.);
#309=CIRCLE('',#13592,2.);
#310=CIRCLE('',#13595,2.);
#311=CIRCLE('',#13596,2.);
#312=CIRCLE('',#13599,2.);
#313=CIRCLE('',#13600,2.);
#314=CIRCLE('',#13603,2.);
#315=CIRCLE('',#13604,2.);
#316=CIRCLE('',#13607,2.);
#317=CIRCLE('',#13608,2.);
#318=CIRCLE('',#13611,2.);
#319=CIRCLE('',#13612,2.);
#320=CIRCLE('',#13615,1.64999999999999);
#321=CIRCLE('',#13616,1.64999999999999);
#322=CIRCLE('',#13618,1.64999999999999);
#323=CIRCLE('',#13619,1.64999999999999);
#324=CIRCLE('',#13625,2.19999999999999);
#325=CIRCLE('',#13626,2.19999999999999);
#326=CIRCLE('',#13628,2.19999999999999);
#327=CIRCLE('',#13629,2.19999999999999);
#328=CIRCLE('',#13631,2.19999999999999);
#329=CIRCLE('',#13632,2.19999999999999);
#330=CIRCLE('',#13634,2.20000000000001);
#331=CIRCLE('',#13635,2.20000000000001);
#332=CIRCLE('',#13741,2.20000000000001);
#333=CIRCLE('',#13742,2.20000000000001);
#334=CIRCLE('',#13743,2.20000000000001);
#335=CIRCLE('',#13745,2.20000000000001);
#336=CIRCLE('',#13746,2.2);
#337=CIRCLE('',#13747,2.2);
#338=CIRCLE('',#13748,2.2);
#339=CIRCLE('',#13750,2.20000000000001);
#340=CIRCLE('',#13752,2.20000000000001);
#341=CIRCLE('',#13754,2.20000000000001);
#342=CIRCLE('',#13756,2.20000000000001);
#343=CIRCLE('',#13758,2.2);
#344=CIRCLE('',#13760,2.2);
#345=CIRCLE('',#13762,2.2);
#346=CIRCLE('',#13775,2.2);
#347=CIRCLE('',#13776,2.2);
#348=CIRCLE('',#13777,2.2);
#349=CIRCLE('',#13779,2.2);
#350=CIRCLE('',#13780,2.2);
#351=CIRCLE('',#13781,2.2);
#352=CIRCLE('',#13783,2.);
#353=CIRCLE('',#13784,2.);
#354=CIRCLE('',#13788,3.5);
#355=CIRCLE('',#13789,1.7);
#356=CIRCLE('',#13790,1.7);
#357=CIRCLE('',#13791,1.64999999999999);
#358=CIRCLE('',#13794,1.57500000000001);
#359=CIRCLE('',#13795,3.5);
#360=CIRCLE('',#13796,3.5);
#361=CIRCLE('',#13797,1.64999999999999);
#362=CIRCLE('',#13802,3.5);
#363=CIRCLE('',#13804,1.57500000000001);
#364=CIRCLE('',#13820,2.);
#365=CIRCLE('',#13821,2.);
#366=CIRCLE('',#13825,2.);
#367=CIRCLE('',#13826,2.);
#368=CIRCLE('',#13829,2.);
#369=CIRCLE('',#13830,2.);
#370=CIRCLE('',#13833,2.);
#371=CIRCLE('',#13834,2.);
#372=CIRCLE('',#13837,2.);
#373=CIRCLE('',#13838,2.);
#374=CIRCLE('',#13841,2.);
#375=CIRCLE('',#13842,2.);
#376=CIRCLE('',#13845,2.);
#377=CIRCLE('',#13846,2.);
#378=CIRCLE('',#13849,2.);
#379=CIRCLE('',#13850,2.);
#380=CIRCLE('',#13853,2.);
#381=CIRCLE('',#13854,2.);
#382=CIRCLE('',#13857,2.);
#383=CIRCLE('',#13858,2.);
#384=CIRCLE('',#13861,2.);
#385=CIRCLE('',#13862,2.);
#386=CIRCLE('',#13865,2.);
#387=CIRCLE('',#13866,2.);
#388=CIRCLE('',#13869,2.);
#389=CIRCLE('',#13870,2.);
#390=CIRCLE('',#13873,2.);
#391=CIRCLE('',#13874,2.);
#392=CIRCLE('',#13877,2.);
#393=CIRCLE('',#13878,2.);
#394=CIRCLE('',#13881,2.);
#395=CIRCLE('',#13882,2.);
#396=CIRCLE('',#13885,2.);
#397=CIRCLE('',#13886,2.);
#398=CIRCLE('',#13889,1.64999999999999);
#399=CIRCLE('',#13890,1.64999999999999);
#400=CIRCLE('',#13892,1.64999999999999);
#401=CIRCLE('',#13893,1.64999999999999);
#402=CIRCLE('',#13896,2.19999999999999);
#403=CIRCLE('',#13897,2.19999999999999);
#404=CIRCLE('',#13898,2.19999999999999);
#405=CIRCLE('',#13899,2.20000000000001);
#406=CIRCLE('',#13903,2.20000000000001);
#407=CIRCLE('',#13905,2.19999999999999);
#408=CIRCLE('',#13907,2.19999999999999);
#409=CIRCLE('',#13909,2.19999999999999);
#410=CIRCLE('',#13964,2.19999999999999);
#411=CIRCLE('',#13966,2.19999999999999);
#412=CIRCLE('',#13978,1.64999999999999);
#413=CIRCLE('',#13979,1.64999999999999);
#414=CIRCLE('',#13981,3.49999999999999);
#415=CIRCLE('',#13982,1.6);
#416=CIRCLE('',#13984,1.6);
#417=CIRCLE('',#13986,1.45);
#418=CIRCLE('',#13988,3.49999999999999);
#419=CIRCLE('',#13989,1.6);
#420=CIRCLE('',#13991,1.6);
#421=CIRCLE('',#13993,1.45);
#422=CIRCLE('',#13995,1.45);
#423=CIRCLE('',#14001,1.45);
#424=CIRCLE('',#14006,3.5);
#425=CIRCLE('',#14007,1.);
#426=CIRCLE('',#14008,1.);
#427=CIRCLE('',#14009,1.);
#428=CIRCLE('',#14010,1.);
#429=CIRCLE('',#14011,3.5);
#430=CIRCLE('',#14012,1.6);
#431=CIRCLE('',#14013,1.6);
#432=CIRCLE('',#14015,1.);
#433=CIRCLE('',#14018,1.);
#434=CIRCLE('',#14021,1.);
#435=CIRCLE('',#14024,1.);
#436=CIRCLE('',#14027,1.6);
#437=CIRCLE('',#14029,1.6);
#438=CIRCLE('',#14031,3.5);
#439=CIRCLE('',#14033,3.5);
#440=CIRCLE('',#14035,2.2);
#441=CIRCLE('',#14036,2.2);
#442=CIRCLE('',#14037,2.2);
#443=CIRCLE('',#14038,2.2);
#444=CIRCLE('',#14043,2.2);
#445=CIRCLE('',#14045,2.2);
#446=CIRCLE('',#14047,2.2);
#447=CIRCLE('',#14049,2.2);
#448=CIRCLE('',#14063,1.64999999999999);
#449=CIRCLE('',#14064,1.64999999999999);
#450=CIRCLE('',#14066,1.65);
#451=CIRCLE('',#14067,1.65);
#452=CIRCLE('',#14069,3.49999999999999);
#453=CIRCLE('',#14070,1.6);
#454=CIRCLE('',#14072,1.6);
#455=CIRCLE('',#14074,1.45);
#456=CIRCLE('',#14076,3.49999999999999);
#457=CIRCLE('',#14077,1.6);
#458=CIRCLE('',#14079,1.6);
#459=CIRCLE('',#14081,1.45);
#460=CIRCLE('',#14083,3.49999999999999);
#461=CIRCLE('',#14084,1.6);
#462=CIRCLE('',#14086,1.6);
#463=CIRCLE('',#14088,1.45);
#464=CIRCLE('',#14090,1.45);
#465=CIRCLE('',#14095,1.45);
#466=CIRCLE('',#14101,1.45);
#467=CIRCLE('',#14107,3.75);
#468=CIRCLE('',#14108,3.75);
#469=CIRCLE('',#14115,2.2);
#470=CIRCLE('',#14116,2.2);
#471=CIRCLE('',#14117,2.2);
#472=CIRCLE('',#14118,2.2);
#473=CIRCLE('',#14121,2.2);
#474=CIRCLE('',#14123,2.2);
#475=CIRCLE('',#14125,2.2);
#476=CIRCLE('',#14127,2.2);
#477=CIRCLE('',#14134,2.);
#478=CIRCLE('',#14135,2.);
#479=CIRCLE('',#14138,2.2);
#480=CIRCLE('',#14139,2.2);
#481=CIRCLE('',#14140,2.2);
#482=CIRCLE('',#14141,2.20000000000001);
#483=CIRCLE('',#14142,2.20000000000001);
#484=CIRCLE('',#14143,2.20000000000001);
#485=CIRCLE('',#14144,2.20000000000001);
#486=CIRCLE('',#14146,1.64999999999999);
#487=CIRCLE('',#14147,1.64999999999999);
#488=CIRCLE('',#14149,1.65);
#489=CIRCLE('',#14150,1.65);
#490=CIRCLE('',#14152,1.45);
#491=CIRCLE('',#14153,1.45);
#492=CIRCLE('',#14160,1.45);
#493=CIRCLE('',#14161,1.45);
#494=CIRCLE('',#14174,2.2);
#495=CIRCLE('',#14176,2.2);
#496=CIRCLE('',#14178,2.2);
#497=CIRCLE('',#14180,2.20000000000001);
#498=CIRCLE('',#14186,2.20000000000001);
#499=CIRCLE('',#14188,2.20000000000001);
#500=CIRCLE('',#14190,2.20000000000001);
#501=CIRCLE('',#14229,2.2);
#502=CIRCLE('',#14230,2.2);
#503=CIRCLE('',#14231,2.20000000000001);
#504=CIRCLE('',#14232,2.2);
#505=CIRCLE('',#14235,2.2);
#506=CIRCLE('',#14237,2.20000000000001);
#507=CIRCLE('',#14239,2.2);
#508=CIRCLE('',#14241,2.2);
#509=CIRCLE('',#14244,2.);
#510=CIRCLE('',#14245,2.);
#511=CIRCLE('',#14248,1.65);
#512=CIRCLE('',#14249,1.64999999999999);
#513=CIRCLE('',#14251,2.);
#514=CIRCLE('',#14252,2.);
#515=CIRCLE('',#14256,2.);
#516=CIRCLE('',#14257,2.);
#517=CIRCLE('',#14260,2.);
#518=CIRCLE('',#14261,2.);
#519=CIRCLE('',#14264,2.);
#520=CIRCLE('',#14265,2.);
#521=CIRCLE('',#14268,2.);
#522=CIRCLE('',#14269,2.);
#523=CIRCLE('',#14272,2.);
#524=CIRCLE('',#14273,2.);
#525=CIRCLE('',#14276,2.);
#526=CIRCLE('',#14277,2.);
#527=CIRCLE('',#14280,2.);
#528=CIRCLE('',#14281,2.);
#529=CIRCLE('',#14283,2.19999999999999);
#530=CIRCLE('',#14285,1.64999999999999);
#531=CIRCLE('',#14287,1.65);
#532=CIRCLE('',#14289,1.45);
#533=CIRCLE('',#14290,1.45);
#534=CIRCLE('',#14297,1.45);
#535=CIRCLE('',#14298,1.45);
#536=CIRCLE('',#14308,2.2);
#537=CIRCLE('',#14309,2.2);
#538=CIRCLE('',#14310,2.20000000000001);
#539=CIRCLE('',#14311,2.2);
#540=CIRCLE('',#14313,2.19999999999999);
#541=CIRCLE('',#14346,2.2);
#542=CIRCLE('',#14348,2.2);
#543=CIRCLE('',#14350,2.20000000000001);
#544=CIRCLE('',#14352,2.2);
#545=CIRCLE('',#14356,15.5);
#546=CIRCLE('',#14357,15.5);
#547=CYLINDRICAL_SURFACE('',#13486,2.15);
#548=CYLINDRICAL_SURFACE('',#13504,2.);
#549=CYLINDRICAL_SURFACE('',#13508,2.);
#550=CYLINDRICAL_SURFACE('',#13511,2.);
#551=CYLINDRICAL_SURFACE('',#13528,1.64999999999999);
#552=CYLINDRICAL_SURFACE('',#13530,1.65);
#553=CYLINDRICAL_SURFACE('',#13556,15.5);
#554=CYLINDRICAL_SURFACE('',#13560,2.2);
#555=CYLINDRICAL_SURFACE('',#13561,2.2);
#556=CYLINDRICAL_SURFACE('',#13562,2.2);
#557=CYLINDRICAL_SURFACE('',#13565,2.);
#558=CYLINDRICAL_SURFACE('',#13570,2.);
#559=CYLINDRICAL_SURFACE('',#13574,2.);
#560=CYLINDRICAL_SURFACE('',#13578,2.);
#561=CYLINDRICAL_SURFACE('',#13582,2.);
#562=CYLINDRICAL_SURFACE('',#13586,2.);
#563=CYLINDRICAL_SURFACE('',#13590,2.);
#564=CYLINDRICAL_SURFACE('',#13594,2.);
#565=CYLINDRICAL_SURFACE('',#13598,2.);
#566=CYLINDRICAL_SURFACE('',#13602,2.);
#567=CYLINDRICAL_SURFACE('',#13606,2.);
#568=CYLINDRICAL_SURFACE('',#13610,2.);
#569=CYLINDRICAL_SURFACE('',#13614,1.64999999999999);
#570=CYLINDRICAL_SURFACE('',#13617,1.64999999999999);
#571=CYLINDRICAL_SURFACE('',#13624,2.19999999999999);
#572=CYLINDRICAL_SURFACE('',#13627,2.19999999999999);
#573=CYLINDRICAL_SURFACE('',#13630,2.19999999999999);
#574=CYLINDRICAL_SURFACE('',#13633,2.20000000000001);
#575=CYLINDRICAL_SURFACE('',#13749,2.20000000000001);
#576=CYLINDRICAL_SURFACE('',#13751,2.20000000000001);
#577=CYLINDRICAL_SURFACE('',#13753,2.20000000000001);
#578=CYLINDRICAL_SURFACE('',#13755,2.20000000000001);
#579=CYLINDRICAL_SURFACE('',#13757,2.2);
#580=CYLINDRICAL_SURFACE('',#13759,2.2);
#581=CYLINDRICAL_SURFACE('',#13761,2.2);
#582=CYLINDRICAL_SURFACE('',#13782,2.);
#583=CYLINDRICAL_SURFACE('',#13798,1.64999999999999);
#584=CYLINDRICAL_SURFACE('',#13801,3.5);
#585=CYLINDRICAL_SURFACE('',#13809,1.57500000000001);
#586=CYLINDRICAL_SURFACE('',#13811,2.2);
#587=CYLINDRICAL_SURFACE('',#13812,2.2);
#588=CYLINDRICAL_SURFACE('',#13813,2.2);
#589=CYLINDRICAL_SURFACE('',#13819,2.);
#590=CYLINDRICAL_SURFACE('',#13824,2.);
#591=CYLINDRICAL_SURFACE('',#13828,2.);
#592=CYLINDRICAL_SURFACE('',#13832,2.);
#593=CYLINDRICAL_SURFACE('',#13836,2.);
#594=CYLINDRICAL_SURFACE('',#13840,2.);
#595=CYLINDRICAL_SURFACE('',#13844,2.);
#596=CYLINDRICAL_SURFACE('',#13848,2.);
#597=CYLINDRICAL_SURFACE('',#13852,2.);
#598=CYLINDRICAL_SURFACE('',#13856,2.);
#599=CYLINDRICAL_SURFACE('',#13860,2.);
#600=CYLINDRICAL_SURFACE('',#13864,2.);
#601=CYLINDRICAL_SURFACE('',#13868,2.);
#602=CYLINDRICAL_SURFACE('',#13872,2.);
#603=CYLINDRICAL_SURFACE('',#13876,2.);
#604=CYLINDRICAL_SURFACE('',#13880,2.);
#605=CYLINDRICAL_SURFACE('',#13884,2.);
#606=CYLINDRICAL_SURFACE('',#13888,1.64999999999999);
#607=CYLINDRICAL_SURFACE('',#13891,1.64999999999999);
#608=CYLINDRICAL_SURFACE('',#13902,2.20000000000001);
#609=CYLINDRICAL_SURFACE('',#13904,2.19999999999999);
#610=CYLINDRICAL_SURFACE('',#13906,2.19999999999999);
#611=CYLINDRICAL_SURFACE('',#13908,2.19999999999999);
#612=CYLINDRICAL_SURFACE('',#13965,2.19999999999999);
#613=CYLINDRICAL_SURFACE('',#13977,1.64999999999999);
#614=CYLINDRICAL_SURFACE('',#13983,1.6);
#615=CYLINDRICAL_SURFACE('',#13990,1.6);
#616=CYLINDRICAL_SURFACE('',#13994,1.45);
#617=CYLINDRICAL_SURFACE('',#14000,1.45);
#618=CYLINDRICAL_SURFACE('',#14014,1.);
#619=CYLINDRICAL_SURFACE('',#14017,1.);
#620=CYLINDRICAL_SURFACE('',#14020,1.);
#621=CYLINDRICAL_SURFACE('',#14023,1.);
#622=CYLINDRICAL_SURFACE('',#14026,1.6);
#623=CYLINDRICAL_SURFACE('',#14028,1.6);
#624=CYLINDRICAL_SURFACE('',#14030,3.5);
#625=CYLINDRICAL_SURFACE('',#14032,3.5);
#626=CYLINDRICAL_SURFACE('',#14042,2.2);
#627=CYLINDRICAL_SURFACE('',#14044,2.2);
#628=CYLINDRICAL_SURFACE('',#14046,2.2);
#629=CYLINDRICAL_SURFACE('',#14048,2.2);
#630=CYLINDRICAL_SURFACE('',#14062,1.64999999999999);
#631=CYLINDRICAL_SURFACE('',#14065,1.65);
#632=CYLINDRICAL_SURFACE('',#14071,1.6);
#633=CYLINDRICAL_SURFACE('',#14078,1.6);
#634=CYLINDRICAL_SURFACE('',#14085,1.6);
#635=CYLINDRICAL_SURFACE('',#14089,1.45);
#636=CYLINDRICAL_SURFACE('',#14094,1.45);
#637=CYLINDRICAL_SURFACE('',#14100,1.45);
#638=CYLINDRICAL_SURFACE('',#14106,3.75);
#639=CYLINDRICAL_SURFACE('',#14120,2.2);
#640=CYLINDRICAL_SURFACE('',#14122,2.2);
#641=CYLINDRICAL_SURFACE('',#14124,2.2);
#642=CYLINDRICAL_SURFACE('',#14126,2.2);
#643=CYLINDRICAL_SURFACE('',#14133,2.);
#644=CYLINDRICAL_SURFACE('',#14145,1.64999999999999);
#645=CYLINDRICAL_SURFACE('',#14148,1.65);
#646=CYLINDRICAL_SURFACE('',#14151,1.45);
#647=CYLINDRICAL_SURFACE('',#14159,1.45);
#648=CYLINDRICAL_SURFACE('',#14173,2.2);
#649=CYLINDRICAL_SURFACE('',#14175,2.2);
#650=CYLINDRICAL_SURFACE('',#14177,2.2);
#651=CYLINDRICAL_SURFACE('',#14179,2.20000000000001);
#652=CYLINDRICAL_SURFACE('',#14185,2.20000000000001);
#653=CYLINDRICAL_SURFACE('',#14187,2.20000000000001);
#654=CYLINDRICAL_SURFACE('',#14189,2.20000000000001);
#655=CYLINDRICAL_SURFACE('',#14234,2.2);
#656=CYLINDRICAL_SURFACE('',#14236,2.20000000000001);
#657=CYLINDRICAL_SURFACE('',#14238,2.2);
#658=CYLINDRICAL_SURFACE('',#14240,2.2);
#659=CYLINDRICAL_SURFACE('',#14243,2.);
#660=CYLINDRICAL_SURFACE('',#14250,2.);
#661=CYLINDRICAL_SURFACE('',#14255,2.);
#662=CYLINDRICAL_SURFACE('',#14259,2.);
#663=CYLINDRICAL_SURFACE('',#14263,2.);
#664=CYLINDRICAL_SURFACE('',#14267,2.);
#665=CYLINDRICAL_SURFACE('',#14271,2.);
#666=CYLINDRICAL_SURFACE('',#14275,2.);
#667=CYLINDRICAL_SURFACE('',#14279,2.);
#668=CYLINDRICAL_SURFACE('',#14284,1.64999999999999);
#669=CYLINDRICAL_SURFACE('',#14286,1.65);
#670=CYLINDRICAL_SURFACE('',#14288,1.45);
#671=CYLINDRICAL_SURFACE('',#14296,1.45);
#672=CYLINDRICAL_SURFACE('',#14312,2.19999999999999);
#673=CYLINDRICAL_SURFACE('',#14345,2.2);
#674=CYLINDRICAL_SURFACE('',#14347,2.2);
#675=CYLINDRICAL_SURFACE('',#14349,2.20000000000001);
#676=CYLINDRICAL_SURFACE('',#14351,2.2);
#677=CYLINDRICAL_SURFACE('',#14355,15.5);
#678=FACE_OUTER_BOUND('',#1281,.T.);
#679=FACE_OUTER_BOUND('',#1282,.T.);
#680=FACE_OUTER_BOUND('',#1283,.T.);
#681=FACE_OUTER_BOUND('',#1284,.T.);
#682=FACE_OUTER_BOUND('',#1285,.T.);
#683=FACE_OUTER_BOUND('',#1286,.T.);
#684=FACE_OUTER_BOUND('',#1287,.T.);
#685=FACE_OUTER_BOUND('',#1288,.T.);
#686=FACE_OUTER_BOUND('',#1289,.T.);
#687=FACE_OUTER_BOUND('',#1290,.T.);
#688=FACE_OUTER_BOUND('',#1294,.T.);
#689=FACE_OUTER_BOUND('',#1298,.T.);
#690=FACE_OUTER_BOUND('',#1299,.T.);
#691=FACE_OUTER_BOUND('',#1300,.T.);
#692=FACE_OUTER_BOUND('',#1301,.T.);
#693=FACE_OUTER_BOUND('',#1302,.T.);
#694=FACE_OUTER_BOUND('',#1303,.T.);
#695=FACE_OUTER_BOUND('',#1304,.T.);
#696=FACE_OUTER_BOUND('',#1305,.T.);
#697=FACE_OUTER_BOUND('',#1306,.T.);
#698=FACE_OUTER_BOUND('',#1307,.T.);
#699=FACE_OUTER_BOUND('',#1308,.T.);
#700=FACE_OUTER_BOUND('',#1313,.T.);
#701=FACE_OUTER_BOUND('',#1314,.T.);
#702=FACE_OUTER_BOUND('',#1315,.T.);
#703=FACE_OUTER_BOUND('',#1316,.T.);
#704=FACE_OUTER_BOUND('',#1317,.T.);
#705=FACE_OUTER_BOUND('',#1318,.T.);
#706=FACE_OUTER_BOUND('',#1319,.T.);
#707=FACE_OUTER_BOUND('',#1320,.T.);
#708=FACE_OUTER_BOUND('',#1321,.T.);
#709=FACE_OUTER_BOUND('',#1322,.T.);
#710=FACE_OUTER_BOUND('',#1323,.T.);
#711=FACE_OUTER_BOUND('',#1324,.T.);
#712=FACE_OUTER_BOUND('',#1325,.T.);
#713=FACE_OUTER_BOUND('',#1326,.T.);
#714=FACE_OUTER_BOUND('',#1327,.T.);
#715=FACE_OUTER_BOUND('',#1328,.T.);
#716=FACE_OUTER_BOUND('',#1329,.T.);
#717=FACE_OUTER_BOUND('',#1330,.T.);
#718=FACE_OUTER_BOUND('',#1336,.T.);
#719=FACE_OUTER_BOUND('',#1337,.T.);
#720=FACE_OUTER_BOUND('',#1338,.T.);
#721=FACE_OUTER_BOUND('',#1339,.T.);
#722=FACE_OUTER_BOUND('',#1340,.T.);
#723=FACE_OUTER_BOUND('',#1341,.T.);
#724=FACE_OUTER_BOUND('',#1342,.T.);
#725=FACE_OUTER_BOUND('',#1343,.T.);
#726=FACE_OUTER_BOUND('',#1344,.T.);
#727=FACE_OUTER_BOUND('',#1345,.T.);
#728=FACE_OUTER_BOUND('',#1346,.T.);
#729=FACE_OUTER_BOUND('',#1347,.T.);
#730=FACE_OUTER_BOUND('',#1348,.T.);
#731=FACE_OUTER_BOUND('',#1349,.T.);
#732=FACE_OUTER_BOUND('',#1350,.T.);
#733=FACE_OUTER_BOUND('',#1351,.T.);
#734=FACE_OUTER_BOUND('',#1352,.T.);
#735=FACE_OUTER_BOUND('',#1369,.T.);
#736=FACE_OUTER_BOUND('',#1370,.T.);
#737=FACE_OUTER_BOUND('',#1371,.T.);
#738=FACE_OUTER_BOUND('',#1372,.T.);
#739=FACE_OUTER_BOUND('',#1373,.T.);
#740=FACE_OUTER_BOUND('',#1374,.T.);
#741=FACE_OUTER_BOUND('',#1375,.T.);
#742=FACE_OUTER_BOUND('',#1376,.T.);
#743=FACE_OUTER_BOUND('',#1377,.T.);
#744=FACE_OUTER_BOUND('',#1378,.T.);
#745=FACE_OUTER_BOUND('',#1379,.T.);
#746=FACE_OUTER_BOUND('',#1380,.T.);
#747=FACE_OUTER_BOUND('',#1381,.T.);
#748=FACE_OUTER_BOUND('',#1382,.T.);
#749=FACE_OUTER_BOUND('',#1383,.T.);
#750=FACE_OUTER_BOUND('',#1384,.T.);
#751=FACE_OUTER_BOUND('',#1385,.T.);
#752=FACE_OUTER_BOUND('',#1386,.T.);
#753=FACE_OUTER_BOUND('',#1387,.T.);
#754=FACE_OUTER_BOUND('',#1388,.T.);
#755=FACE_OUTER_BOUND('',#1389,.T.);
#756=FACE_OUTER_BOUND('',#1390,.T.);
#757=FACE_OUTER_BOUND('',#1391,.T.);
#758=FACE_OUTER_BOUND('',#1392,.T.);
#759=FACE_OUTER_BOUND('',#1393,.T.);
#760=FACE_OUTER_BOUND('',#1394,.T.);
#761=FACE_OUTER_BOUND('',#1395,.T.);
#762=FACE_OUTER_BOUND('',#1396,.T.);
#763=FACE_OUTER_BOUND('',#1413,.T.);
#764=FACE_OUTER_BOUND('',#1414,.T.);
#765=FACE_OUTER_BOUND('',#1415,.T.);
#766=FACE_OUTER_BOUND('',#1416,.T.);
#767=FACE_OUTER_BOUND('',#1417,.T.);
#768=FACE_OUTER_BOUND('',#1422,.T.);
#769=FACE_OUTER_BOUND('',#1423,.T.);
#770=FACE_OUTER_BOUND('',#1424,.T.);
#771=FACE_OUTER_BOUND('',#1425,.T.);
#772=FACE_OUTER_BOUND('',#1426,.T.);
#773=FACE_OUTER_BOUND('',#1427,.T.);
#774=FACE_OUTER_BOUND('',#1428,.T.);
#775=FACE_OUTER_BOUND('',#1429,.T.);
#776=FACE_OUTER_BOUND('',#1430,.T.);
#777=FACE_OUTER_BOUND('',#1431,.T.);
#778=FACE_OUTER_BOUND('',#1432,.T.);
#779=FACE_OUTER_BOUND('',#1433,.T.);
#780=FACE_OUTER_BOUND('',#1434,.T.);
#781=FACE_OUTER_BOUND('',#1435,.T.);
#782=FACE_OUTER_BOUND('',#1436,.T.);
#783=FACE_OUTER_BOUND('',#1437,.T.);
#784=FACE_OUTER_BOUND('',#1438,.T.);
#785=FACE_OUTER_BOUND('',#1439,.T.);
#786=FACE_OUTER_BOUND('',#1440,.T.);
#787=FACE_OUTER_BOUND('',#1441,.T.);
#788=FACE_OUTER_BOUND('',#1442,.T.);
#789=FACE_OUTER_BOUND('',#1443,.T.);
#790=FACE_OUTER_BOUND('',#1444,.T.);
#791=FACE_OUTER_BOUND('',#1445,.T.);
#792=FACE_OUTER_BOUND('',#1446,.T.);
#793=FACE_OUTER_BOUND('',#1447,.T.);
#794=FACE_OUTER_BOUND('',#1448,.T.);
#795=FACE_OUTER_BOUND('',#1449,.T.);
#796=FACE_OUTER_BOUND('',#1450,.T.);
#797=FACE_OUTER_BOUND('',#1451,.T.);
#798=FACE_OUTER_BOUND('',#1452,.T.);
#799=FACE_OUTER_BOUND('',#1453,.T.);
#800=FACE_OUTER_BOUND('',#1454,.T.);
#801=FACE_OUTER_BOUND('',#1455,.T.);
#802=FACE_OUTER_BOUND('',#1456,.T.);
#803=FACE_OUTER_BOUND('',#1457,.T.);
#804=FACE_OUTER_BOUND('',#1458,.T.);
#805=FACE_OUTER_BOUND('',#1459,.T.);
#806=FACE_OUTER_BOUND('',#1460,.T.);
#807=FACE_OUTER_BOUND('',#1461,.T.);
#808=FACE_OUTER_BOUND('',#1462,.T.);
#809=FACE_OUTER_BOUND('',#1463,.T.);
#810=FACE_OUTER_BOUND('',#1464,.T.);
#811=FACE_OUTER_BOUND('',#1465,.T.);
#812=FACE_OUTER_BOUND('',#1466,.T.);
#813=FACE_OUTER_BOUND('',#1467,.T.);
#814=FACE_OUTER_BOUND('',#1468,.T.);
#815=FACE_OUTER_BOUND('',#1469,.T.);
#816=FACE_OUTER_BOUND('',#1470,.T.);
#817=FACE_OUTER_BOUND('',#1471,.T.);
#818=FACE_OUTER_BOUND('',#1472,.T.);
#819=FACE_OUTER_BOUND('',#1473,.T.);
#820=FACE_OUTER_BOUND('',#1474,.T.);
#821=FACE_OUTER_BOUND('',#1475,.T.);
#822=FACE_OUTER_BOUND('',#1476,.T.);
#823=FACE_OUTER_BOUND('',#1477,.T.);
#824=FACE_OUTER_BOUND('',#1478,.T.);
#825=FACE_OUTER_BOUND('',#1479,.T.);
#826=FACE_OUTER_BOUND('',#1480,.T.);
#827=FACE_OUTER_BOUND('',#1481,.T.);
#828=FACE_OUTER_BOUND('',#1482,.T.);
#829=FACE_OUTER_BOUND('',#1483,.T.);
#830=FACE_OUTER_BOUND('',#1484,.T.);
#831=FACE_OUTER_BOUND('',#1485,.T.);
#832=FACE_OUTER_BOUND('',#1486,.T.);
#833=FACE_OUTER_BOUND('',#1487,.T.);
#834=FACE_OUTER_BOUND('',#1488,.T.);
#835=FACE_OUTER_BOUND('',#1489,.T.);
#836=FACE_OUTER_BOUND('',#1490,.T.);
#837=FACE_OUTER_BOUND('',#1491,.T.);
#838=FACE_OUTER_BOUND('',#1492,.T.);
#839=FACE_OUTER_BOUND('',#1493,.T.);
#840=FACE_OUTER_BOUND('',#1494,.T.);
#841=FACE_OUTER_BOUND('',#1495,.T.);
#842=FACE_OUTER_BOUND('',#1496,.T.);
#843=FACE_OUTER_BOUND('',#1497,.T.);
#844=FACE_OUTER_BOUND('',#1498,.T.);
#845=FACE_OUTER_BOUND('',#1499,.T.);
#846=FACE_OUTER_BOUND('',#1500,.T.);
#847=FACE_OUTER_BOUND('',#1501,.T.);
#848=FACE_OUTER_BOUND('',#1502,.T.);
#849=FACE_OUTER_BOUND('',#1503,.T.);
#850=FACE_OUTER_BOUND('',#1504,.T.);
#851=FACE_OUTER_BOUND('',#1505,.T.);
#852=FACE_OUTER_BOUND('',#1506,.T.);
#853=FACE_OUTER_BOUND('',#1507,.T.);
#854=FACE_OUTER_BOUND('',#1508,.T.);
#855=FACE_OUTER_BOUND('',#1509,.T.);
#856=FACE_OUTER_BOUND('',#1510,.T.);
#857=FACE_OUTER_BOUND('',#1511,.T.);
#858=FACE_OUTER_BOUND('',#1512,.T.);
#859=FACE_OUTER_BOUND('',#1513,.T.);
#860=FACE_OUTER_BOUND('',#1514,.T.);
#861=FACE_OUTER_BOUND('',#1515,.T.);
#862=FACE_OUTER_BOUND('',#1516,.T.);
#863=FACE_OUTER_BOUND('',#1517,.T.);
#864=FACE_OUTER_BOUND('',#1518,.T.);
#865=FACE_OUTER_BOUND('',#1519,.T.);
#866=FACE_OUTER_BOUND('',#1520,.T.);
#867=FACE_OUTER_BOUND('',#1523,.T.);
#868=FACE_OUTER_BOUND('',#1524,.T.);
#869=FACE_OUTER_BOUND('',#1525,.T.);
#870=FACE_OUTER_BOUND('',#1526,.T.);
#871=FACE_OUTER_BOUND('',#1527,.T.);
#872=FACE_OUTER_BOUND('',#1531,.T.);
#873=FACE_OUTER_BOUND('',#1536,.T.);
#874=FACE_OUTER_BOUND('',#1537,.T.);
#875=FACE_OUTER_BOUND('',#1538,.T.);
#876=FACE_OUTER_BOUND('',#1539,.T.);
#877=FACE_OUTER_BOUND('',#1540,.T.);
#878=FACE_OUTER_BOUND('',#1541,.T.);
#879=FACE_OUTER_BOUND('',#1542,.T.);
#880=FACE_OUTER_BOUND('',#1543,.T.);
#881=FACE_OUTER_BOUND('',#1546,.T.);
#882=FACE_OUTER_BOUND('',#1551,.T.);
#883=FACE_OUTER_BOUND('',#1552,.T.);
#884=FACE_OUTER_BOUND('',#1553,.T.);
#885=FACE_OUTER_BOUND('',#1554,.T.);
#886=FACE_OUTER_BOUND('',#1562,.T.);
#887=FACE_OUTER_BOUND('',#1563,.T.);
#888=FACE_OUTER_BOUND('',#1564,.T.);
#889=FACE_OUTER_BOUND('',#1565,.T.);
#890=FACE_OUTER_BOUND('',#1566,.T.);
#891=FACE_OUTER_BOUND('',#1567,.T.);
#892=FACE_OUTER_BOUND('',#1571,.T.);
#893=FACE_OUTER_BOUND('',#1575,.T.);
#894=FACE_OUTER_BOUND('',#1576,.T.);
#895=FACE_OUTER_BOUND('',#1577,.T.);
#896=FACE_OUTER_BOUND('',#1578,.T.);
#897=FACE_OUTER_BOUND('',#1585,.T.);
#898=FACE_OUTER_BOUND('',#1586,.T.);
#899=FACE_OUTER_BOUND('',#1592,.T.);
#900=FACE_OUTER_BOUND('',#1593,.T.);
#901=FACE_OUTER_BOUND('',#1594,.T.);
#902=FACE_OUTER_BOUND('',#1595,.T.);
#903=FACE_OUTER_BOUND('',#1596,.T.);
#904=FACE_OUTER_BOUND('',#1598,.T.);
#905=FACE_OUTER_BOUND('',#1599,.T.);
#906=FACE_OUTER_BOUND('',#1600,.T.);
#907=FACE_OUTER_BOUND('',#1601,.T.);
#908=FACE_OUTER_BOUND('',#1602,.T.);
#909=FACE_OUTER_BOUND('',#1603,.T.);
#910=FACE_OUTER_BOUND('',#1604,.T.);
#911=FACE_OUTER_BOUND('',#1605,.T.);
#912=FACE_OUTER_BOUND('',#1606,.T.);
#913=FACE_OUTER_BOUND('',#1607,.T.);
#914=FACE_OUTER_BOUND('',#1608,.T.);
#915=FACE_OUTER_BOUND('',#1609,.T.);
#916=FACE_OUTER_BOUND('',#1610,.T.);
#917=FACE_OUTER_BOUND('',#1611,.T.);
#918=FACE_OUTER_BOUND('',#1612,.T.);
#919=FACE_OUTER_BOUND('',#1613,.T.);
#920=FACE_OUTER_BOUND('',#1614,.T.);
#921=FACE_OUTER_BOUND('',#1615,.T.);
#922=FACE_OUTER_BOUND('',#1616,.T.);
#923=FACE_OUTER_BOUND('',#1617,.T.);
#924=FACE_OUTER_BOUND('',#1618,.T.);
#925=FACE_OUTER_BOUND('',#1619,.T.);
#926=FACE_OUTER_BOUND('',#1620,.T.);
#927=FACE_OUTER_BOUND('',#1621,.T.);
#928=FACE_OUTER_BOUND('',#1622,.T.);
#929=FACE_OUTER_BOUND('',#1623,.T.);
#930=FACE_OUTER_BOUND('',#1624,.T.);
#931=FACE_OUTER_BOUND('',#1625,.T.);
#932=FACE_OUTER_BOUND('',#1626,.T.);
#933=FACE_OUTER_BOUND('',#1627,.T.);
#934=FACE_OUTER_BOUND('',#1628,.T.);
#935=FACE_OUTER_BOUND('',#1629,.T.);
#936=FACE_OUTER_BOUND('',#1630,.T.);
#937=FACE_OUTER_BOUND('',#1631,.T.);
#938=FACE_OUTER_BOUND('',#1632,.T.);
#939=FACE_OUTER_BOUND('',#1633,.T.);
#940=FACE_OUTER_BOUND('',#1634,.T.);
#941=FACE_OUTER_BOUND('',#1635,.T.);
#942=FACE_OUTER_BOUND('',#1636,.T.);
#943=FACE_OUTER_BOUND('',#1637,.T.);
#944=FACE_OUTER_BOUND('',#1638,.T.);
#945=FACE_OUTER_BOUND('',#1639,.T.);
#946=FACE_OUTER_BOUND('',#1640,.T.);
#947=FACE_OUTER_BOUND('',#1641,.T.);
#948=FACE_OUTER_BOUND('',#1642,.T.);
#949=FACE_OUTER_BOUND('',#1643,.T.);
#950=FACE_OUTER_BOUND('',#1644,.T.);
#951=FACE_OUTER_BOUND('',#1645,.T.);
#952=FACE_OUTER_BOUND('',#1646,.T.);
#953=FACE_OUTER_BOUND('',#1647,.T.);
#954=FACE_OUTER_BOUND('',#1648,.T.);
#955=FACE_OUTER_BOUND('',#1649,.T.);
#956=FACE_OUTER_BOUND('',#1650,.T.);
#957=FACE_OUTER_BOUND('',#1655,.T.);
#958=FACE_OUTER_BOUND('',#1656,.T.);
#959=FACE_OUTER_BOUND('',#1657,.T.);
#960=FACE_OUTER_BOUND('',#1658,.T.);
#961=FACE_OUTER_BOUND('',#1659,.T.);
#962=FACE_OUTER_BOUND('',#1660,.T.);
#963=FACE_OUTER_BOUND('',#1661,.T.);
#964=FACE_OUTER_BOUND('',#1666,.T.);
#965=FACE_OUTER_BOUND('',#1667,.T.);
#966=FACE_OUTER_BOUND('',#1668,.T.);
#967=FACE_OUTER_BOUND('',#1669,.T.);
#968=FACE_OUTER_BOUND('',#1670,.T.);
#969=FACE_OUTER_BOUND('',#1671,.T.);
#970=FACE_OUTER_BOUND('',#1672,.T.);
#971=FACE_OUTER_BOUND('',#1673,.T.);
#972=FACE_OUTER_BOUND('',#1674,.T.);
#973=FACE_OUTER_BOUND('',#1675,.T.);
#974=FACE_OUTER_BOUND('',#1676,.T.);
#975=FACE_OUTER_BOUND('',#1677,.T.);
#976=FACE_OUTER_BOUND('',#1678,.T.);
#977=FACE_OUTER_BOUND('',#1679,.T.);
#978=FACE_OUTER_BOUND('',#1680,.T.);
#979=FACE_OUTER_BOUND('',#1681,.T.);
#980=FACE_OUTER_BOUND('',#1682,.T.);
#981=FACE_OUTER_BOUND('',#1683,.T.);
#982=FACE_OUTER_BOUND('',#1684,.T.);
#983=FACE_OUTER_BOUND('',#1685,.T.);
#984=FACE_OUTER_BOUND('',#1686,.T.);
#985=FACE_OUTER_BOUND('',#1687,.T.);
#986=FACE_OUTER_BOUND('',#1688,.T.);
#987=FACE_OUTER_BOUND('',#1689,.T.);
#988=FACE_OUTER_BOUND('',#1690,.T.);
#989=FACE_OUTER_BOUND('',#1691,.T.);
#990=FACE_OUTER_BOUND('',#1692,.T.);
#991=FACE_OUTER_BOUND('',#1693,.T.);
#992=FACE_OUTER_BOUND('',#1694,.T.);
#993=FACE_OUTER_BOUND('',#1695,.T.);
#994=FACE_OUTER_BOUND('',#1696,.T.);
#995=FACE_OUTER_BOUND('',#1697,.T.);
#996=FACE_OUTER_BOUND('',#1698,.T.);
#997=FACE_OUTER_BOUND('',#1699,.T.);
#998=FACE_OUTER_BOUND('',#1700,.T.);
#999=FACE_OUTER_BOUND('',#1701,.T.);
#1000=FACE_OUTER_BOUND('',#1702,.T.);
#1001=FACE_OUTER_BOUND('',#1703,.T.);
#1002=FACE_OUTER_BOUND('',#1704,.T.);
#1003=FACE_OUTER_BOUND('',#1705,.T.);
#1004=FACE_OUTER_BOUND('',#1706,.T.);
#1005=FACE_OUTER_BOUND('',#1707,.T.);
#1006=FACE_OUTER_BOUND('',#1708,.T.);
#1007=FACE_OUTER_BOUND('',#1709,.T.);
#1008=FACE_OUTER_BOUND('',#1710,.T.);
#1009=FACE_OUTER_BOUND('',#1711,.T.);
#1010=FACE_OUTER_BOUND('',#1712,.T.);
#1011=FACE_OUTER_BOUND('',#1713,.T.);
#1012=FACE_OUTER_BOUND('',#1714,.T.);
#1013=FACE_OUTER_BOUND('',#1715,.T.);
#1014=FACE_OUTER_BOUND('',#1716,.T.);
#1015=FACE_OUTER_BOUND('',#1717,.T.);
#1016=FACE_OUTER_BOUND('',#1718,.T.);
#1017=FACE_OUTER_BOUND('',#1720,.T.);
#1018=FACE_OUTER_BOUND('',#1721,.T.);
#1019=FACE_OUTER_BOUND('',#1724,.T.);
#1020=FACE_OUTER_BOUND('',#1725,.T.);
#1021=FACE_OUTER_BOUND('',#1728,.T.);
#1022=FACE_OUTER_BOUND('',#1729,.T.);
#1023=FACE_OUTER_BOUND('',#1731,.T.);
#1024=FACE_OUTER_BOUND('',#1732,.T.);
#1025=FACE_OUTER_BOUND('',#1733,.T.);
#1026=FACE_OUTER_BOUND('',#1734,.T.);
#1027=FACE_OUTER_BOUND('',#1735,.T.);
#1028=FACE_OUTER_BOUND('',#1736,.T.);
#1029=FACE_OUTER_BOUND('',#1737,.T.);
#1030=FACE_OUTER_BOUND('',#1738,.T.);
#1031=FACE_OUTER_BOUND('',#1739,.T.);
#1032=FACE_OUTER_BOUND('',#1741,.T.);
#1033=FACE_OUTER_BOUND('',#1742,.T.);
#1034=FACE_OUTER_BOUND('',#1743,.T.);
#1035=FACE_OUTER_BOUND('',#1745,.T.);
#1036=FACE_OUTER_BOUND('',#1746,.T.);
#1037=FACE_OUTER_BOUND('',#1747,.T.);
#1038=FACE_OUTER_BOUND('',#1748,.T.);
#1039=FACE_OUTER_BOUND('',#1749,.T.);
#1040=FACE_OUTER_BOUND('',#1751,.T.);
#1041=FACE_OUTER_BOUND('',#1752,.T.);
#1042=FACE_OUTER_BOUND('',#1753,.T.);
#1043=FACE_OUTER_BOUND('',#1754,.T.);
#1044=FACE_OUTER_BOUND('',#1756,.T.);
#1045=FACE_OUTER_BOUND('',#1764,.T.);
#1046=FACE_OUTER_BOUND('',#1765,.T.);
#1047=FACE_OUTER_BOUND('',#1766,.T.);
#1048=FACE_OUTER_BOUND('',#1767,.T.);
#1049=FACE_OUTER_BOUND('',#1768,.T.);
#1050=FACE_OUTER_BOUND('',#1769,.T.);
#1051=FACE_OUTER_BOUND('',#1770,.T.);
#1052=FACE_OUTER_BOUND('',#1771,.T.);
#1053=FACE_OUTER_BOUND('',#1772,.T.);
#1054=FACE_OUTER_BOUND('',#1773,.T.);
#1055=FACE_OUTER_BOUND('',#1774,.T.);
#1056=FACE_OUTER_BOUND('',#1775,.T.);
#1057=FACE_OUTER_BOUND('',#1776,.T.);
#1058=FACE_OUTER_BOUND('',#1781,.T.);
#1059=FACE_OUTER_BOUND('',#1782,.T.);
#1060=FACE_OUTER_BOUND('',#1783,.T.);
#1061=FACE_OUTER_BOUND('',#1784,.T.);
#1062=FACE_OUTER_BOUND('',#1785,.T.);
#1063=FACE_OUTER_BOUND('',#1786,.T.);
#1064=FACE_OUTER_BOUND('',#1787,.T.);
#1065=FACE_OUTER_BOUND('',#1788,.T.);
#1066=FACE_OUTER_BOUND('',#1789,.T.);
#1067=FACE_OUTER_BOUND('',#1794,.T.);
#1068=FACE_OUTER_BOUND('',#1795,.T.);
#1069=FACE_OUTER_BOUND('',#1796,.T.);
#1070=FACE_OUTER_BOUND('',#1805,.T.);
#1071=FACE_OUTER_BOUND('',#1806,.T.);
#1072=FACE_OUTER_BOUND('',#1807,.T.);
#1073=FACE_OUTER_BOUND('',#1808,.T.);
#1074=FACE_OUTER_BOUND('',#1809,.T.);
#1075=FACE_OUTER_BOUND('',#1810,.T.);
#1076=FACE_OUTER_BOUND('',#1811,.T.);
#1077=FACE_OUTER_BOUND('',#1812,.T.);
#1078=FACE_OUTER_BOUND('',#1813,.T.);
#1079=FACE_OUTER_BOUND('',#1814,.T.);
#1080=FACE_OUTER_BOUND('',#1815,.T.);
#1081=FACE_OUTER_BOUND('',#1816,.T.);
#1082=FACE_OUTER_BOUND('',#1818,.T.);
#1083=FACE_OUTER_BOUND('',#1819,.T.);
#1084=FACE_OUTER_BOUND('',#1820,.T.);
#1085=FACE_OUTER_BOUND('',#1822,.T.);
#1086=FACE_OUTER_BOUND('',#1823,.T.);
#1087=FACE_OUTER_BOUND('',#1824,.T.);
#1088=FACE_OUTER_BOUND('',#1826,.T.);
#1089=FACE_OUTER_BOUND('',#1827,.T.);
#1090=FACE_OUTER_BOUND('',#1828,.T.);
#1091=FACE_OUTER_BOUND('',#1829,.T.);
#1092=FACE_OUTER_BOUND('',#1831,.T.);
#1093=FACE_OUTER_BOUND('',#1832,.T.);
#1094=FACE_OUTER_BOUND('',#1833,.T.);
#1095=FACE_OUTER_BOUND('',#1834,.T.);
#1096=FACE_OUTER_BOUND('',#1835,.T.);
#1097=FACE_OUTER_BOUND('',#1837,.T.);
#1098=FACE_OUTER_BOUND('',#1838,.T.);
#1099=FACE_OUTER_BOUND('',#1839,.T.);
#1100=FACE_OUTER_BOUND('',#1840,.T.);
#1101=FACE_OUTER_BOUND('',#1841,.T.);
#1102=FACE_OUTER_BOUND('',#1843,.T.);
#1103=FACE_OUTER_BOUND('',#1844,.T.);
#1104=FACE_OUTER_BOUND('',#1845,.T.);
#1105=FACE_OUTER_BOUND('',#1846,.T.);
#1106=FACE_OUTER_BOUND('',#1853,.T.);
#1107=FACE_OUTER_BOUND('',#1854,.T.);
#1108=FACE_OUTER_BOUND('',#1855,.T.);
#1109=FACE_OUTER_BOUND('',#1860,.T.);
#1110=FACE_OUTER_BOUND('',#1861,.T.);
#1111=FACE_OUTER_BOUND('',#1862,.T.);
#1112=FACE_OUTER_BOUND('',#1863,.T.);
#1113=FACE_OUTER_BOUND('',#1864,.T.);
#1114=FACE_OUTER_BOUND('',#1865,.T.);
#1115=FACE_OUTER_BOUND('',#1866,.T.);
#1116=FACE_OUTER_BOUND('',#1867,.T.);
#1117=FACE_OUTER_BOUND('',#1872,.T.);
#1118=FACE_OUTER_BOUND('',#1873,.T.);
#1119=FACE_OUTER_BOUND('',#1878,.T.);
#1120=FACE_OUTER_BOUND('',#1879,.T.);
#1121=FACE_OUTER_BOUND('',#1888,.T.);
#1122=FACE_OUTER_BOUND('',#1896,.T.);
#1123=FACE_OUTER_BOUND('',#1897,.T.);
#1124=FACE_OUTER_BOUND('',#1898,.T.);
#1125=FACE_OUTER_BOUND('',#1899,.T.);
#1126=FACE_OUTER_BOUND('',#1900,.T.);
#1127=FACE_OUTER_BOUND('',#1901,.T.);
#1128=FACE_OUTER_BOUND('',#1903,.T.);
#1129=FACE_OUTER_BOUND('',#1905,.T.);
#1130=FACE_OUTER_BOUND('',#1915,.T.);
#1131=FACE_OUTER_BOUND('',#1916,.T.);
#1132=FACE_OUTER_BOUND('',#1917,.T.);
#1133=FACE_OUTER_BOUND('',#1918,.T.);
#1134=FACE_OUTER_BOUND('',#1919,.T.);
#1135=FACE_OUTER_BOUND('',#1921,.T.);
#1136=FACE_OUTER_BOUND('',#1923,.T.);
#1137=FACE_OUTER_BOUND('',#1924,.T.);
#1138=FACE_OUTER_BOUND('',#1925,.T.);
#1139=FACE_OUTER_BOUND('',#1926,.T.);
#1140=FACE_OUTER_BOUND('',#1927,.T.);
#1141=FACE_OUTER_BOUND('',#1930,.T.);
#1142=FACE_OUTER_BOUND('',#1931,.T.);
#1143=FACE_OUTER_BOUND('',#1932,.T.);
#1144=FACE_OUTER_BOUND('',#1933,.T.);
#1145=FACE_OUTER_BOUND('',#1934,.T.);
#1146=FACE_OUTER_BOUND('',#1935,.T.);
#1147=FACE_OUTER_BOUND('',#1936,.T.);
#1148=FACE_OUTER_BOUND('',#1937,.T.);
#1149=FACE_OUTER_BOUND('',#1938,.T.);
#1150=FACE_OUTER_BOUND('',#1943,.T.);
#1151=FACE_OUTER_BOUND('',#1944,.T.);
#1152=FACE_OUTER_BOUND('',#1945,.T.);
#1153=FACE_OUTER_BOUND('',#1946,.T.);
#1154=FACE_OUTER_BOUND('',#1950,.T.);
#1155=FACE_OUTER_BOUND('',#1951,.T.);
#1156=FACE_OUTER_BOUND('',#1952,.T.);
#1157=FACE_OUTER_BOUND('',#1953,.T.);
#1158=FACE_OUTER_BOUND('',#1954,.T.);
#1159=FACE_OUTER_BOUND('',#1955,.T.);
#1160=FACE_OUTER_BOUND('',#1956,.T.);
#1161=FACE_OUTER_BOUND('',#1957,.T.);
#1162=FACE_OUTER_BOUND('',#1958,.T.);
#1163=FACE_OUTER_BOUND('',#1959,.T.);
#1164=FACE_OUTER_BOUND('',#1960,.T.);
#1165=FACE_OUTER_BOUND('',#1961,.T.);
#1166=FACE_OUTER_BOUND('',#1962,.T.);
#1167=FACE_OUTER_BOUND('',#1963,.T.);
#1168=FACE_OUTER_BOUND('',#1964,.T.);
#1169=FACE_OUTER_BOUND('',#1965,.T.);
#1170=FACE_OUTER_BOUND('',#1966,.T.);
#1171=FACE_OUTER_BOUND('',#1967,.T.);
#1172=FACE_OUTER_BOUND('',#1968,.T.);
#1173=FACE_OUTER_BOUND('',#1969,.T.);
#1174=FACE_OUTER_BOUND('',#1970,.T.);
#1175=FACE_OUTER_BOUND('',#1971,.T.);
#1176=FACE_OUTER_BOUND('',#1972,.T.);
#1177=FACE_OUTER_BOUND('',#1973,.T.);
#1178=FACE_OUTER_BOUND('',#1974,.T.);
#1179=FACE_OUTER_BOUND('',#1975,.T.);
#1180=FACE_OUTER_BOUND('',#1976,.T.);
#1181=FACE_OUTER_BOUND('',#1977,.T.);
#1182=FACE_OUTER_BOUND('',#1978,.T.);
#1183=FACE_OUTER_BOUND('',#1979,.T.);
#1184=FACE_OUTER_BOUND('',#1980,.T.);
#1185=FACE_OUTER_BOUND('',#1981,.T.);
#1186=FACE_OUTER_BOUND('',#1982,.T.);
#1187=FACE_OUTER_BOUND('',#1985,.T.);
#1188=FACE_OUTER_BOUND('',#1986,.T.);
#1189=FACE_OUTER_BOUND('',#1987,.T.);
#1190=FACE_OUTER_BOUND('',#1988,.T.);
#1191=FACE_OUTER_BOUND('',#1993,.T.);
#1192=FACE_OUTER_BOUND('',#1994,.T.);
#1193=FACE_OUTER_BOUND('',#1995,.T.);
#1194=FACE_OUTER_BOUND('',#1996,.T.);
#1195=FACE_OUTER_BOUND('',#1997,.T.);
#1196=FACE_OUTER_BOUND('',#1998,.T.);
#1197=FACE_OUTER_BOUND('',#2003,.T.);
#1198=FACE_OUTER_BOUND('',#2004,.T.);
#1199=FACE_OUTER_BOUND('',#2005,.T.);
#1200=FACE_OUTER_BOUND('',#2008,.T.);
#1201=FACE_OUTER_BOUND('',#2009,.T.);
#1202=FACE_OUTER_BOUND('',#2010,.T.);
#1203=FACE_OUTER_BOUND('',#2011,.T.);
#1204=FACE_OUTER_BOUND('',#2012,.T.);
#1205=FACE_OUTER_BOUND('',#2013,.T.);
#1206=FACE_OUTER_BOUND('',#2014,.T.);
#1207=FACE_OUTER_BOUND('',#2015,.T.);
#1208=FACE_OUTER_BOUND('',#2016,.T.);
#1209=FACE_OUTER_BOUND('',#2017,.T.);
#1210=FACE_OUTER_BOUND('',#2018,.T.);
#1211=FACE_OUTER_BOUND('',#2019,.T.);
#1212=FACE_OUTER_BOUND('',#2020,.T.);
#1213=FACE_OUTER_BOUND('',#2021,.T.);
#1214=FACE_OUTER_BOUND('',#2022,.T.);
#1215=FACE_OUTER_BOUND('',#2023,.T.);
#1216=FACE_OUTER_BOUND('',#2024,.T.);
#1217=FACE_OUTER_BOUND('',#2026,.T.);
#1218=FACE_OUTER_BOUND('',#2027,.T.);
#1219=FACE_OUTER_BOUND('',#2028,.T.);
#1220=FACE_OUTER_BOUND('',#2029,.T.);
#1221=FACE_OUTER_BOUND('',#2030,.T.);
#1222=FACE_OUTER_BOUND('',#2031,.T.);
#1223=FACE_OUTER_BOUND('',#2032,.T.);
#1224=FACE_OUTER_BOUND('',#2034,.T.);
#1225=FACE_OUTER_BOUND('',#2036,.T.);
#1226=FACE_OUTER_BOUND('',#2037,.T.);
#1227=FACE_OUTER_BOUND('',#2038,.T.);
#1228=FACE_OUTER_BOUND('',#2039,.T.);
#1229=FACE_OUTER_BOUND('',#2041,.T.);
#1230=FACE_OUTER_BOUND('',#2043,.T.);
#1231=FACE_OUTER_BOUND('',#2044,.T.);
#1232=FACE_OUTER_BOUND('',#2045,.T.);
#1233=FACE_OUTER_BOUND('',#2046,.T.);
#1234=FACE_OUTER_BOUND('',#2047,.T.);
#1235=FACE_OUTER_BOUND('',#2052,.T.);
#1236=FACE_OUTER_BOUND('',#2053,.T.);
#1237=FACE_OUTER_BOUND('',#2054,.T.);
#1238=FACE_OUTER_BOUND('',#2056,.T.);
#1239=FACE_OUTER_BOUND('',#2057,.T.);
#1240=FACE_OUTER_BOUND('',#2058,.T.);
#1241=FACE_OUTER_BOUND('',#2059,.T.);
#1242=FACE_OUTER_BOUND('',#2060,.T.);
#1243=FACE_OUTER_BOUND('',#2064,.T.);
#1244=FACE_OUTER_BOUND('',#2065,.T.);
#1245=FACE_OUTER_BOUND('',#2066,.T.);
#1246=FACE_OUTER_BOUND('',#2067,.T.);
#1247=FACE_OUTER_BOUND('',#2068,.T.);
#1248=FACE_OUTER_BOUND('',#2069,.T.);
#1249=FACE_OUTER_BOUND('',#2070,.T.);
#1250=FACE_OUTER_BOUND('',#2071,.T.);
#1251=FACE_OUTER_BOUND('',#2072,.T.);
#1252=FACE_OUTER_BOUND('',#2073,.T.);
#1253=FACE_OUTER_BOUND('',#2074,.T.);
#1254=FACE_OUTER_BOUND('',#2075,.T.);
#1255=FACE_OUTER_BOUND('',#2076,.T.);
#1256=FACE_OUTER_BOUND('',#2077,.T.);
#1257=FACE_OUTER_BOUND('',#2078,.T.);
#1258=FACE_OUTER_BOUND('',#2079,.T.);
#1259=FACE_OUTER_BOUND('',#2080,.T.);
#1260=FACE_OUTER_BOUND('',#2081,.T.);
#1261=FACE_OUTER_BOUND('',#2082,.T.);
#1262=FACE_OUTER_BOUND('',#2083,.T.);
#1263=FACE_OUTER_BOUND('',#2084,.T.);
#1264=FACE_OUTER_BOUND('',#2085,.T.);
#1265=FACE_OUTER_BOUND('',#2086,.T.);
#1266=FACE_OUTER_BOUND('',#2087,.T.);
#1267=FACE_OUTER_BOUND('',#2088,.T.);
#1268=FACE_OUTER_BOUND('',#2089,.T.);
#1269=FACE_OUTER_BOUND('',#2090,.T.);
#1270=FACE_OUTER_BOUND('',#2091,.T.);
#1271=FACE_OUTER_BOUND('',#2092,.T.);
#1272=FACE_OUTER_BOUND('',#2097,.T.);
#1273=FACE_OUTER_BOUND('',#2098,.T.);
#1274=FACE_OUTER_BOUND('',#2099,.T.);
#1275=FACE_OUTER_BOUND('',#2100,.T.);
#1276=FACE_OUTER_BOUND('',#2101,.T.);
#1277=FACE_OUTER_BOUND('',#2102,.T.);
#1278=FACE_OUTER_BOUND('',#2103,.T.);
#1279=FACE_OUTER_BOUND('',#2104,.T.);
#1280=FACE_OUTER_BOUND('',#2105,.T.);
#1281=EDGE_LOOP('',(#8567,#8568,#8569,#8570));
#1282=EDGE_LOOP('',(#8571,#8572,#8573,#8574));
#1283=EDGE_LOOP('',(#8575,#8576));
#1284=EDGE_LOOP('',(#8577,#8578));
#1285=EDGE_LOOP('',(#8579,#8580,#8581,#8582));
#1286=EDGE_LOOP('',(#8583,#8584,#8585,#8586));
#1287=EDGE_LOOP('',(#8587,#8588,#8589,#8590));
#1288=EDGE_LOOP('',(#8591,#8592,#8593,#8594));
#1289=EDGE_LOOP('',(#8595,#8596,#8597,#8598));
#1290=EDGE_LOOP('',(#8599,#8600,#8601,#8602));
#1291=EDGE_LOOP('',(#8603));
#1292=EDGE_LOOP('',(#8604));
#1293=EDGE_LOOP('',(#8605));
#1294=EDGE_LOOP('',(#8606,#8607,#8608,#8609,#8610,#8611));
#1295=EDGE_LOOP('',(#8612));
#1296=EDGE_LOOP('',(#8613));
#1297=EDGE_LOOP('',(#8614));
#1298=EDGE_LOOP('',(#8615,#8616,#8617,#8618));
#1299=EDGE_LOOP('',(#8619,#8620,#8621,#8622));
#1300=EDGE_LOOP('',(#8623,#8624,#8625,#8626));
#1301=EDGE_LOOP('',(#8627,#8628,#8629,#8630));
#1302=EDGE_LOOP('',(#8631,#8632,#8633,#8634));
#1303=EDGE_LOOP('',(#8635,#8636,#8637,#8638,#8639,#8640,#8641,#8642));
#1304=EDGE_LOOP('',(#8643,#8644,#8645,#8646));
#1305=EDGE_LOOP('',(#8647,#8648,#8649,#8650));
#1306=EDGE_LOOP('',(#8651,#8652,#8653,#8654));
#1307=EDGE_LOOP('',(#8655,#8656,#8657,#8658));
#1308=EDGE_LOOP('',(#8659,#8660,#8661,#8662,#8663,#8664,#8665,#8666,#8667,
#8668,#8669,#8670,#8671,#8672,#8673,#8674,#8675,#8676,#8677));
#1309=EDGE_LOOP('',(#8678));
#1310=EDGE_LOOP('',(#8679));
#1311=EDGE_LOOP('',(#8680));
#1312=EDGE_LOOP('',(#8681));
#1313=EDGE_LOOP('',(#8682,#8683,#8684,#8685));
#1314=EDGE_LOOP('',(#8686,#8687,#8688,#8689));
#1315=EDGE_LOOP('',(#8690,#8691,#8692,#8693));
#1316=EDGE_LOOP('',(#8694,#8695,#8696,#8697));
#1317=EDGE_LOOP('',(#8698,#8699,#8700,#8701));
#1318=EDGE_LOOP('',(#8702,#8703,#8704,#8705));
#1319=EDGE_LOOP('',(#8706,#8707,#8708,#8709,#8710,#8711));
#1320=EDGE_LOOP('',(#8712,#8713,#8714,#8715));
#1321=EDGE_LOOP('',(#8716,#8717,#8718,#8719));
#1322=EDGE_LOOP('',(#8720,#8721,#8722,#8723));
#1323=EDGE_LOOP('',(#8724,#8725,#8726,#8727));
#1324=EDGE_LOOP('',(#8728,#8729,#8730));
#1325=EDGE_LOOP('',(#8731,#8732,#8733,#8734));
#1326=EDGE_LOOP('',(#8735,#8736,#8737,#8738));
#1327=EDGE_LOOP('',(#8739,#8740,#8741,#8742,#8743,#8744));
#1328=EDGE_LOOP('',(#8745,#8746,#8747,#8748));
#1329=EDGE_LOOP('',(#8749,#8750,#8751,#8752));
#1330=EDGE_LOOP('',(#8753,#8754,#8755,#8756,#8757,#8758,#8759,#8760,#8761,
#8762,#8763,#8764,#8765,#8766,#8767,#8768,#8769,#8770,#8771,#8772,#8773));
#1331=EDGE_LOOP('',(#8774,#8775,#8776,#8777));
#1332=EDGE_LOOP('',(#8778));
#1333=EDGE_LOOP('',(#8779));
#1334=EDGE_LOOP('',(#8780));
#1335=EDGE_LOOP('',(#8781));
#1336=EDGE_LOOP('',(#8782,#8783,#8784,#8785,#8786,#8787));
#1337=EDGE_LOOP('',(#8788,#8789,#8790,#8791));
#1338=EDGE_LOOP('',(#8792,#8793,#8794,#8795));
#1339=EDGE_LOOP('',(#8796,#8797,#8798,#8799,#8800,#8801));
#1340=EDGE_LOOP('',(#8802,#8803,#8804,#8805,#8806,#8807,#8808,#8809));
#1341=EDGE_LOOP('',(#8810,#8811,#8812,#8813,#8814,#8815,#8816,#8817,#8818,
#8819));
#1342=EDGE_LOOP('',(#8820,#8821,#8822,#8823,#8824,#8825));
#1343=EDGE_LOOP('',(#8826,#8827,#8828,#8829));
#1344=EDGE_LOOP('',(#8830,#8831,#8832,#8833));
#1345=EDGE_LOOP('',(#8834,#8835,#8836,#8837));
#1346=EDGE_LOOP('',(#8838,#8839,#8840,#8841));
#1347=EDGE_LOOP('',(#8842,#8843,#8844,#8845));
#1348=EDGE_LOOP('',(#8846,#8847,#8848));
#1349=EDGE_LOOP('',(#8849,#8850,#8851,#8852));
#1350=EDGE_LOOP('',(#8853,#8854,#8855,#8856));
#1351=EDGE_LOOP('',(#8857,#8858,#8859,#8860,#8861,#8862,#8863));
#1352=EDGE_LOOP('',(#8864,#8865,#8866,#8867,#8868,#8869,#8870,#8871,#8872,
#8873,#8874,#8875,#8876,#8877,#8878,#8879,#8880,#8881,#8882,#8883,#8884,
#8885,#8886,#8887,#8888,#8889,#8890,#8891,#8892,#8893,#8894,#8895,#8896,
#8897,#8898,#8899,#8900,#8901,#8902,#8903,#8904,#8905,#8906,#8907,#8908,
#8909,#8910,#8911));
#1353=EDGE_LOOP('',(#8912,#8913,#8914,#8915));
#1354=EDGE_LOOP('',(#8916,#8917,#8918,#8919));
#1355=EDGE_LOOP('',(#8920,#8921,#8922,#8923));
#1356=EDGE_LOOP('',(#8924,#8925,#8926,#8927));
#1357=EDGE_LOOP('',(#8928,#8929,#8930,#8931));
#1358=EDGE_LOOP('',(#8932,#8933,#8934,#8935));
#1359=EDGE_LOOP('',(#8936,#8937,#8938,#8939));
#1360=EDGE_LOOP('',(#8940,#8941,#8942,#8943));
#1361=EDGE_LOOP('',(#8944,#8945,#8946,#8947));
#1362=EDGE_LOOP('',(#8948,#8949,#8950,#8951));
#1363=EDGE_LOOP('',(#8952,#8953,#8954,#8955));
#1364=EDGE_LOOP('',(#8956,#8957,#8958,#8959));
#1365=EDGE_LOOP('',(#8960,#8961,#8962,#8963));
#1366=EDGE_LOOP('',(#8964,#8965,#8966,#8967));
#1367=EDGE_LOOP('',(#8968,#8969,#8970,#8971));
#1368=EDGE_LOOP('',(#8972,#8973,#8974,#8975));
#1369=EDGE_LOOP('',(#8976,#8977,#8978,#8979));
#1370=EDGE_LOOP('',(#8980,#8981,#8982,#8983,#8984,#8985,#8986));
#1371=EDGE_LOOP('',(#8987,#8988,#8989,#8990));
#1372=EDGE_LOOP('',(#8991,#8992,#8993,#8994,#8995,#8996,#8997));
#1373=EDGE_LOOP('',(#8998,#8999,#9000,#9001));
#1374=EDGE_LOOP('',(#9002,#9003,#9004,#9005,#9006,#9007,#9008));
#1375=EDGE_LOOP('',(#9009,#9010,#9011,#9012));
#1376=EDGE_LOOP('',(#9013,#9014,#9015,#9016,#9017,#9018,#9019));
#1377=EDGE_LOOP('',(#9020,#9021,#9022,#9023));
#1378=EDGE_LOOP('',(#9024,#9025,#9026,#9027,#9028,#9029,#9030));
#1379=EDGE_LOOP('',(#9031,#9032,#9033,#9034));
#1380=EDGE_LOOP('',(#9035,#9036,#9037,#9038,#9039,#9040,#9041));
#1381=EDGE_LOOP('',(#9042,#9043,#9044,#9045));
#1382=EDGE_LOOP('',(#9046,#9047,#9048,#9049,#9050,#9051,#9052));
#1383=EDGE_LOOP('',(#9053,#9054,#9055,#9056));
#1384=EDGE_LOOP('',(#9057,#9058,#9059,#9060,#9061,#9062,#9063));
#1385=EDGE_LOOP('',(#9064,#9065,#9066,#9067));
#1386=EDGE_LOOP('',(#9068,#9069,#9070,#9071,#9072,#9073,#9074));
#1387=EDGE_LOOP('',(#9075,#9076,#9077,#9078));
#1388=EDGE_LOOP('',(#9079,#9080,#9081,#9082,#9083,#9084,#9085));
#1389=EDGE_LOOP('',(#9086,#9087,#9088,#9089));
#1390=EDGE_LOOP('',(#9090,#9091,#9092,#9093,#9094,#9095,#9096));
#1391=EDGE_LOOP('',(#9097,#9098,#9099,#9100));
#1392=EDGE_LOOP('',(#9101,#9102,#9103,#9104));
#1393=EDGE_LOOP('',(#9105,#9106,#9107,#9108));
#1394=EDGE_LOOP('',(#9109,#9110,#9111,#9112));
#1395=EDGE_LOOP('',(#9113,#9114,#9115,#9116));
#1396=EDGE_LOOP('',(#9117,#9118,#9119,#9120,#9121,#9122,#9123,#9124,#9125,
#9126,#9127,#9128,#9129,#9130,#9131,#9132,#9133,#9134,#9135,#9136,#9137,
#9138,#9139,#9140,#9141,#9142,#9143,#9144,#9145,#9146,#9147,#9148,#9149,
#9150,#9151,#9152,#9153,#9154,#9155,#9156,#9157,#9158,#9159,#9160,#9161,
#9162,#9163,#9164,#9165,#9166,#9167,#9168,#9169,#9170,#9171,#9172,#9173,
#9174));
#1397=EDGE_LOOP('',(#9175,#9176,#9177,#9178));
#1398=EDGE_LOOP('',(#9179,#9180,#9181,#9182));
#1399=EDGE_LOOP('',(#9183,#9184,#9185,#9186));
#1400=EDGE_LOOP('',(#9187,#9188,#9189,#9190));
#1401=EDGE_LOOP('',(#9191,#9192,#9193,#9194));
#1402=EDGE_LOOP('',(#9195,#9196,#9197,#9198));
#1403=EDGE_LOOP('',(#9199,#9200,#9201,#9202));
#1404=EDGE_LOOP('',(#9203,#9204,#9205,#9206));
#1405=EDGE_LOOP('',(#9207,#9208,#9209,#9210));
#1406=EDGE_LOOP('',(#9211,#9212,#9213,#9214));
#1407=EDGE_LOOP('',(#9215,#9216,#9217,#9218));
#1408=EDGE_LOOP('',(#9219,#9220,#9221,#9222));
#1409=EDGE_LOOP('',(#9223,#9224,#9225,#9226));
#1410=EDGE_LOOP('',(#9227,#9228,#9229,#9230));
#1411=EDGE_LOOP('',(#9231,#9232,#9233,#9234));
#1412=EDGE_LOOP('',(#9235,#9236,#9237,#9238));
#1413=EDGE_LOOP('',(#9239,#9240,#9241,#9242));
#1414=EDGE_LOOP('',(#9243,#9244,#9245,#9246));
#1415=EDGE_LOOP('',(#9247,#9248,#9249,#9250));
#1416=EDGE_LOOP('',(#9251,#9252,#9253,#9254));
#1417=EDGE_LOOP('',(#9255,#9256,#9257,#9258));
#1418=EDGE_LOOP('',(#9259));
#1419=EDGE_LOOP('',(#9260));
#1420=EDGE_LOOP('',(#9261));
#1421=EDGE_LOOP('',(#9262));
#1422=EDGE_LOOP('',(#9263,#9264,#9265,#9266));
#1423=EDGE_LOOP('',(#9267,#9268,#9269,#9270));
#1424=EDGE_LOOP('',(#9271,#9272,#9273,#9274));
#1425=EDGE_LOOP('',(#9275,#9276,#9277,#9278,#9279,#9280,#9281));
#1426=EDGE_LOOP('',(#9282,#9283,#9284,#9285));
#1427=EDGE_LOOP('',(#9286,#9287,#9288,#9289));
#1428=EDGE_LOOP('',(#9290,#9291,#9292,#9293));
#1429=EDGE_LOOP('',(#9294,#9295,#9296,#9297));
#1430=EDGE_LOOP('',(#9298,#9299,#9300,#9301));
#1431=EDGE_LOOP('',(#9302,#9303,#9304,#9305));
#1432=EDGE_LOOP('',(#9306,#9307,#9308,#9309,#9310,#9311,#9312));
#1433=EDGE_LOOP('',(#9313,#9314,#9315,#9316));
#1434=EDGE_LOOP('',(#9317,#9318,#9319,#9320));
#1435=EDGE_LOOP('',(#9321,#9322,#9323,#9324));
#1436=EDGE_LOOP('',(#9325,#9326,#9327,#9328));
#1437=EDGE_LOOP('',(#9329,#9330,#9331,#9332));
#1438=EDGE_LOOP('',(#9333,#9334,#9335,#9336));
#1439=EDGE_LOOP('',(#9337,#9338,#9339,#9340,#9341,#9342,#9343));
#1440=EDGE_LOOP('',(#9344,#9345,#9346,#9347));
#1441=EDGE_LOOP('',(#9348,#9349,#9350,#9351));
#1442=EDGE_LOOP('',(#9352,#9353,#9354,#9355));
#1443=EDGE_LOOP('',(#9356,#9357,#9358,#9359));
#1444=EDGE_LOOP('',(#9360,#9361,#9362,#9363));
#1445=EDGE_LOOP('',(#9364,#9365,#9366,#9367));
#1446=EDGE_LOOP('',(#9368,#9369,#9370,#9371,#9372,#9373,#9374));
#1447=EDGE_LOOP('',(#9375,#9376,#9377,#9378));
#1448=EDGE_LOOP('',(#9379,#9380,#9381,#9382));
#1449=EDGE_LOOP('',(#9383,#9384,#9385,#9386));
#1450=EDGE_LOOP('',(#9387,#9388,#9389,#9390));
#1451=EDGE_LOOP('',(#9391,#9392,#9393,#9394));
#1452=EDGE_LOOP('',(#9395,#9396,#9397,#9398));
#1453=EDGE_LOOP('',(#9399,#9400,#9401,#9402,#9403,#9404,#9405));
#1454=EDGE_LOOP('',(#9406,#9407,#9408,#9409));
#1455=EDGE_LOOP('',(#9410,#9411,#9412,#9413));
#1456=EDGE_LOOP('',(#9414,#9415,#9416,#9417));
#1457=EDGE_LOOP('',(#9418,#9419,#9420,#9421));
#1458=EDGE_LOOP('',(#9422,#9423,#9424,#9425));
#1459=EDGE_LOOP('',(#9426,#9427,#9428,#9429));
#1460=EDGE_LOOP('',(#9430,#9431,#9432,#9433,#9434,#9435,#9436));
#1461=EDGE_LOOP('',(#9437,#9438,#9439,#9440));
#1462=EDGE_LOOP('',(#9441,#9442,#9443,#9444));
#1463=EDGE_LOOP('',(#9445,#9446,#9447,#9448));
#1464=EDGE_LOOP('',(#9449,#9450,#9451,#9452));
#1465=EDGE_LOOP('',(#9453,#9454,#9455,#9456));
#1466=EDGE_LOOP('',(#9457,#9458,#9459,#9460));
#1467=EDGE_LOOP('',(#9461,#9462,#9463,#9464,#9465,#9466,#9467));
#1468=EDGE_LOOP('',(#9468,#9469,#9470,#9471));
#1469=EDGE_LOOP('',(#9472,#9473,#9474,#9475));
#1470=EDGE_LOOP('',(#9476,#9477,#9478,#9479));
#1471=EDGE_LOOP('',(#9480,#9481,#9482,#9483));
#1472=EDGE_LOOP('',(#9484,#9485,#9486,#9487));
#1473=EDGE_LOOP('',(#9488,#9489,#9490,#9491));
#1474=EDGE_LOOP('',(#9492,#9493,#9494,#9495,#9496,#9497,#9498));
#1475=EDGE_LOOP('',(#9499,#9500,#9501,#9502));
#1476=EDGE_LOOP('',(#9503,#9504,#9505,#9506));
#1477=EDGE_LOOP('',(#9507,#9508,#9509,#9510));
#1478=EDGE_LOOP('',(#9511,#9512,#9513,#9514));
#1479=EDGE_LOOP('',(#9515,#9516,#9517,#9518));
#1480=EDGE_LOOP('',(#9519,#9520,#9521,#9522));
#1481=EDGE_LOOP('',(#9523,#9524,#9525,#9526,#9527,#9528,#9529));
#1482=EDGE_LOOP('',(#9530,#9531,#9532,#9533));
#1483=EDGE_LOOP('',(#9534,#9535,#9536,#9537));
#1484=EDGE_LOOP('',(#9538,#9539,#9540,#9541));
#1485=EDGE_LOOP('',(#9542,#9543,#9544,#9545));
#1486=EDGE_LOOP('',(#9546,#9547,#9548,#9549));
#1487=EDGE_LOOP('',(#9550,#9551,#9552,#9553));
#1488=EDGE_LOOP('',(#9554,#9555,#9556,#9557,#9558,#9559,#9560));
#1489=EDGE_LOOP('',(#9561,#9562,#9563,#9564));
#1490=EDGE_LOOP('',(#9565,#9566,#9567,#9568));
#1491=EDGE_LOOP('',(#9569,#9570,#9571,#9572));
#1492=EDGE_LOOP('',(#9573,#9574,#9575,#9576));
#1493=EDGE_LOOP('',(#9577,#9578,#9579,#9580));
#1494=EDGE_LOOP('',(#9581,#9582,#9583,#9584));
#1495=EDGE_LOOP('',(#9585,#9586,#9587,#9588));
#1496=EDGE_LOOP('',(#9589,#9590,#9591,#9592));
#1497=EDGE_LOOP('',(#9593,#9594,#9595,#9596));
#1498=EDGE_LOOP('',(#9597,#9598,#9599,#9600));
#1499=EDGE_LOOP('',(#9601,#9602,#9603,#9604));
#1500=EDGE_LOOP('',(#9605,#9606,#9607,#9608));
#1501=EDGE_LOOP('',(#9609,#9610,#9611,#9612));
#1502=EDGE_LOOP('',(#9613,#9614,#9615,#9616));
#1503=EDGE_LOOP('',(#9617,#9618,#9619,#9620));
#1504=EDGE_LOOP('',(#9621,#9622,#9623,#9624));
#1505=EDGE_LOOP('',(#9625,#9626,#9627,#9628));
#1506=EDGE_LOOP('',(#9629,#9630,#9631,#9632));
#1507=EDGE_LOOP('',(#9633,#9634,#9635,#9636));
#1508=EDGE_LOOP('',(#9637,#9638,#9639,#9640));
#1509=EDGE_LOOP('',(#9641,#9642,#9643,#9644));
#1510=EDGE_LOOP('',(#9645,#9646,#9647,#9648));
#1511=EDGE_LOOP('',(#9649,#9650,#9651,#9652));
#1512=EDGE_LOOP('',(#9653,#9654,#9655,#9656));
#1513=EDGE_LOOP('',(#9657,#9658,#9659,#9660));
#1514=EDGE_LOOP('',(#9661,#9662,#9663,#9664));
#1515=EDGE_LOOP('',(#9665,#9666,#9667,#9668));
#1516=EDGE_LOOP('',(#9669,#9670,#9671,#9672));
#1517=EDGE_LOOP('',(#9673,#9674,#9675,#9676));
#1518=EDGE_LOOP('',(#9677,#9678,#9679,#9680));
#1519=EDGE_LOOP('',(#9681,#9682,#9683,#9684,#9685,#9686,#9687));
#1520=EDGE_LOOP('',(#9688,#9689,#9690,#9691,#9692,#9693,#9694,#9695,#9696,
#9697,#9698,#9699,#9700,#9701,#9702,#9703,#9704,#9705,#9706,#9707,#9708,
#9709,#9710,#9711,#9712,#9713,#9714,#9715,#9716,#9717,#9718,#9719,#9720,
#9721,#9722,#9723,#9724,#9725,#9726,#9727,#9728,#9729,#9730,#9731,#9732,
#9733,#9734,#9735,#9736,#9737));
#1521=EDGE_LOOP('',(#9738));
#1522=EDGE_LOOP('',(#9739));
#1523=EDGE_LOOP('',(#9740,#9741,#9742,#9743));
#1524=EDGE_LOOP('',(#9744,#9745,#9746,#9747));
#1525=EDGE_LOOP('',(#9748,#9749,#9750,#9751));
#1526=EDGE_LOOP('',(#9752,#9753,#9754,#9755));
#1527=EDGE_LOOP('',(#9756,#9757,#9758,#9759,#9760,#9761));
#1528=EDGE_LOOP('',(#9762));
#1529=EDGE_LOOP('',(#9763));
#1530=EDGE_LOOP('',(#9764));
#1531=EDGE_LOOP('',(#9765,#9766,#9767,#9768));
#1532=EDGE_LOOP('',(#9769));
#1533=EDGE_LOOP('',(#9770));
#1534=EDGE_LOOP('',(#9771));
#1535=EDGE_LOOP('',(#9772));
#1536=EDGE_LOOP('',(#9773,#9774,#9775,#9776));
#1537=EDGE_LOOP('',(#9777,#9778,#9779,#9780));
#1538=EDGE_LOOP('',(#9781,#9782,#9783,#9784));
#1539=EDGE_LOOP('',(#9785,#9786,#9787,#9788));
#1540=EDGE_LOOP('',(#9789,#9790,#9791,#9792));
#1541=EDGE_LOOP('',(#9793,#9794,#9795,#9796));
#1542=EDGE_LOOP('',(#9797,#9798,#9799,#9800));
#1543=EDGE_LOOP('',(#9801,#9802,#9803,#9804,#9805,#9806,#9807,#9808,#9809,
#9810,#9811,#9812,#9813,#9814,#9815,#9816,#9817,#9818,#9819,#9820,#9821,
#9822,#9823,#9824,#9825,#9826,#9827,#9828,#9829,#9830,#9831,#9832,#9833,
#9834,#9835,#9836,#9837,#9838,#9839,#9840,#9841,#9842,#9843,#9844,#9845,
#9846,#9847,#9848));
#1544=EDGE_LOOP('',(#9849));
#1545=EDGE_LOOP('',(#9850));
#1546=EDGE_LOOP('',(#9851,#9852,#9853,#9854,#9855,#9856,#9857,#9858));
#1547=EDGE_LOOP('',(#9859));
#1548=EDGE_LOOP('',(#9860));
#1549=EDGE_LOOP('',(#9861));
#1550=EDGE_LOOP('',(#9862));
#1551=EDGE_LOOP('',(#9863,#9864,#9865,#9866));
#1552=EDGE_LOOP('',(#9867,#9868,#9869,#9870));
#1553=EDGE_LOOP('',(#9871,#9872,#9873,#9874));
#1554=EDGE_LOOP('',(#9875,#9876,#9877,#9878,#9879,#9880,#9881,#9882,#9883,
#9884,#9885,#9886,#9887,#9888,#9889));
#1555=EDGE_LOOP('',(#9890));
#1556=EDGE_LOOP('',(#9891));
#1557=EDGE_LOOP('',(#9892));
#1558=EDGE_LOOP('',(#9893));
#1559=EDGE_LOOP('',(#9894));
#1560=EDGE_LOOP('',(#9895));
#1561=EDGE_LOOP('',(#9896));
#1562=EDGE_LOOP('',(#9897,#9898,#9899,#9900));
#1563=EDGE_LOOP('',(#9901,#9902,#9903,#9904));
#1564=EDGE_LOOP('',(#9905,#9906,#9907,#9908));
#1565=EDGE_LOOP('',(#9909,#9910,#9911,#9912));
#1566=EDGE_LOOP('',(#9913,#9914,#9915,#9916));
#1567=EDGE_LOOP('',(#9917,#9918,#9919,#9920));
#1568=EDGE_LOOP('',(#9921));
#1569=EDGE_LOOP('',(#9922));
#1570=EDGE_LOOP('',(#9923));
#1571=EDGE_LOOP('',(#9924,#9925,#9926,#9927,#9928,#9929));
#1572=EDGE_LOOP('',(#9930));
#1573=EDGE_LOOP('',(#9931));
#1574=EDGE_LOOP('',(#9932));
#1575=EDGE_LOOP('',(#9933,#9934,#9935,#9936));
#1576=EDGE_LOOP('',(#9937,#9938,#9939,#9940,#9941,#9942,#9943,#9944));
#1577=EDGE_LOOP('',(#9945,#9946,#9947,#9948));
#1578=EDGE_LOOP('',(#9949,#9950,#9951,#9952,#9953,#9954,#9955,#9956,#9957));
#1579=EDGE_LOOP('',(#9958,#9959,#9960,#9961));
#1580=EDGE_LOOP('',(#9962,#9963,#9964,#9965));
#1581=EDGE_LOOP('',(#9966));
#1582=EDGE_LOOP('',(#9967));
#1583=EDGE_LOOP('',(#9968));
#1584=EDGE_LOOP('',(#9969));
#1585=EDGE_LOOP('',(#9970,#9971,#9972,#9973));
#1586=EDGE_LOOP('',(#9974,#9975,#9976,#9977,#9978,#9979,#9980));
#1587=EDGE_LOOP('',(#9981));
#1588=EDGE_LOOP('',(#9982,#9983,#9984,#9985));
#1589=EDGE_LOOP('',(#9986));
#1590=EDGE_LOOP('',(#9987));
#1591=EDGE_LOOP('',(#9988));
#1592=EDGE_LOOP('',(#9989,#9990,#9991,#9992));
#1593=EDGE_LOOP('',(#9993,#9994,#9995,#9996));
#1594=EDGE_LOOP('',(#9997,#9998,#9999,#10000));
#1595=EDGE_LOOP('',(#10001,#10002,#10003,#10004));
#1596=EDGE_LOOP('',(#10005));
#1597=EDGE_LOOP('',(#10006));
#1598=EDGE_LOOP('',(#10007,#10008,#10009,#10010));
#1599=EDGE_LOOP('',(#10011,#10012,#10013,#10014));
#1600=EDGE_LOOP('',(#10015,#10016,#10017,#10018));
#1601=EDGE_LOOP('',(#10019,#10020,#10021,#10022));
#1602=EDGE_LOOP('',(#10023,#10024,#10025,#10026));
#1603=EDGE_LOOP('',(#10027,#10028,#10029,#10030));
#1604=EDGE_LOOP('',(#10031,#10032,#10033,#10034));
#1605=EDGE_LOOP('',(#10035,#10036,#10037,#10038));
#1606=EDGE_LOOP('',(#10039,#10040,#10041,#10042));
#1607=EDGE_LOOP('',(#10043,#10044,#10045,#10046));
#1608=EDGE_LOOP('',(#10047,#10048,#10049,#10050));
#1609=EDGE_LOOP('',(#10051,#10052,#10053,#10054));
#1610=EDGE_LOOP('',(#10055,#10056,#10057,#10058,#10059,#10060));
#1611=EDGE_LOOP('',(#10061,#10062,#10063,#10064));
#1612=EDGE_LOOP('',(#10065,#10066,#10067,#10068));
#1613=EDGE_LOOP('',(#10069,#10070,#10071,#10072,#10073,#10074,#10075));
#1614=EDGE_LOOP('',(#10076,#10077,#10078,#10079,#10080,#10081,#10082,#10083,
#10084,#10085,#10086,#10087,#10088,#10089,#10090,#10091,#10092,#10093,#10094,
#10095,#10096,#10097,#10098,#10099,#10100,#10101,#10102,#10103,#10104,#10105,
#10106,#10107,#10108,#10109,#10110,#10111,#10112,#10113,#10114,#10115,#10116,
#10117,#10118,#10119,#10120,#10121,#10122,#10123,#10124,#10125,#10126,#10127,
#10128,#10129,#10130,#10131,#10132,#10133,#10134,#10135,#10136,#10137,#10138,
#10139,#10140,#10141,#10142,#10143));
#1615=EDGE_LOOP('',(#10144,#10145,#10146,#10147));
#1616=EDGE_LOOP('',(#10148,#10149,#10150,#10151,#10152,#10153,#10154));
#1617=EDGE_LOOP('',(#10155,#10156,#10157,#10158));
#1618=EDGE_LOOP('',(#10159,#10160,#10161,#10162,#10163,#10164,#10165));
#1619=EDGE_LOOP('',(#10166,#10167,#10168,#10169));
#1620=EDGE_LOOP('',(#10170,#10171,#10172,#10173,#10174,#10175,#10176));
#1621=EDGE_LOOP('',(#10177,#10178,#10179,#10180));
#1622=EDGE_LOOP('',(#10181,#10182,#10183,#10184,#10185,#10186,#10187));
#1623=EDGE_LOOP('',(#10188,#10189,#10190,#10191));
#1624=EDGE_LOOP('',(#10192,#10193,#10194,#10195,#10196,#10197,#10198));
#1625=EDGE_LOOP('',(#10199,#10200,#10201,#10202));
#1626=EDGE_LOOP('',(#10203,#10204,#10205,#10206,#10207,#10208,#10209));
#1627=EDGE_LOOP('',(#10210,#10211,#10212,#10213));
#1628=EDGE_LOOP('',(#10214,#10215,#10216,#10217,#10218,#10219,#10220));
#1629=EDGE_LOOP('',(#10221,#10222,#10223,#10224));
#1630=EDGE_LOOP('',(#10225,#10226,#10227,#10228,#10229,#10230,#10231));
#1631=EDGE_LOOP('',(#10232,#10233,#10234,#10235));
#1632=EDGE_LOOP('',(#10236,#10237,#10238,#10239,#10240,#10241,#10242));
#1633=EDGE_LOOP('',(#10243,#10244,#10245,#10246));
#1634=EDGE_LOOP('',(#10247,#10248,#10249,#10250,#10251,#10252,#10253));
#1635=EDGE_LOOP('',(#10254,#10255,#10256,#10257));
#1636=EDGE_LOOP('',(#10258,#10259,#10260,#10261,#10262,#10263,#10264));
#1637=EDGE_LOOP('',(#10265,#10266,#10267,#10268));
#1638=EDGE_LOOP('',(#10269,#10270,#10271,#10272,#10273,#10274,#10275));
#1639=EDGE_LOOP('',(#10276,#10277,#10278,#10279));
#1640=EDGE_LOOP('',(#10280,#10281,#10282,#10283,#10284,#10285,#10286));
#1641=EDGE_LOOP('',(#10287,#10288,#10289,#10290));
#1642=EDGE_LOOP('',(#10291,#10292,#10293,#10294,#10295,#10296,#10297));
#1643=EDGE_LOOP('',(#10298,#10299,#10300,#10301));
#1644=EDGE_LOOP('',(#10302,#10303,#10304,#10305,#10306,#10307,#10308));
#1645=EDGE_LOOP('',(#10309,#10310,#10311,#10312));
#1646=EDGE_LOOP('',(#10313,#10314,#10315,#10316,#10317,#10318,#10319));
#1647=EDGE_LOOP('',(#10320,#10321,#10322,#10323));
#1648=EDGE_LOOP('',(#10324,#10325,#10326,#10327));
#1649=EDGE_LOOP('',(#10328,#10329,#10330,#10331));
#1650=EDGE_LOOP('',(#10332,#10333,#10334,#10335));
#1651=EDGE_LOOP('',(#10336));
#1652=EDGE_LOOP('',(#10337));
#1653=EDGE_LOOP('',(#10338));
#1654=EDGE_LOOP('',(#10339));
#1655=EDGE_LOOP('',(#10340,#10341,#10342,#10343));
#1656=EDGE_LOOP('',(#10344,#10345,#10346,#10347));
#1657=EDGE_LOOP('',(#10348,#10349,#10350,#10351));
#1658=EDGE_LOOP('',(#10352,#10353,#10354,#10355));
#1659=EDGE_LOOP('',(#10356,#10357,#10358,#10359));
#1660=EDGE_LOOP('',(#10360,#10361,#10362,#10363));
#1661=EDGE_LOOP('',(#10364,#10365,#10366,#10367,#10368,#10369,#10370,#10371));
#1662=EDGE_LOOP('',(#10372));
#1663=EDGE_LOOP('',(#10373));
#1664=EDGE_LOOP('',(#10374));
#1665=EDGE_LOOP('',(#10375));
#1666=EDGE_LOOP('',(#10376,#10377,#10378,#10379));
#1667=EDGE_LOOP('',(#10380,#10381,#10382,#10383,#10384,#10385,#10386));
#1668=EDGE_LOOP('',(#10387,#10388,#10389,#10390));
#1669=EDGE_LOOP('',(#10391,#10392,#10393,#10394));
#1670=EDGE_LOOP('',(#10395,#10396,#10397,#10398,#10399,#10400,#10401));
#1671=EDGE_LOOP('',(#10402,#10403,#10404,#10405));
#1672=EDGE_LOOP('',(#10406,#10407,#10408,#10409));
#1673=EDGE_LOOP('',(#10410,#10411,#10412,#10413));
#1674=EDGE_LOOP('',(#10414,#10415,#10416,#10417,#10418,#10419,#10420));
#1675=EDGE_LOOP('',(#10421,#10422,#10423,#10424));
#1676=EDGE_LOOP('',(#10425,#10426,#10427,#10428,#10429,#10430,#10431));
#1677=EDGE_LOOP('',(#10432,#10433,#10434,#10435));
#1678=EDGE_LOOP('',(#10436,#10437,#10438,#10439));
#1679=EDGE_LOOP('',(#10440,#10441,#10442,#10443));
#1680=EDGE_LOOP('',(#10444,#10445,#10446,#10447,#10448,#10449,#10450));
#1681=EDGE_LOOP('',(#10451,#10452,#10453,#10454));
#1682=EDGE_LOOP('',(#10455,#10456,#10457,#10458,#10459,#10460,#10461));
#1683=EDGE_LOOP('',(#10462,#10463,#10464,#10465));
#1684=EDGE_LOOP('',(#10466,#10467,#10468,#10469));
#1685=EDGE_LOOP('',(#10470,#10471,#10472,#10473));
#1686=EDGE_LOOP('',(#10474,#10475,#10476,#10477,#10478,#10479,#10480));
#1687=EDGE_LOOP('',(#10481,#10482,#10483,#10484));
#1688=EDGE_LOOP('',(#10485,#10486,#10487,#10488,#10489,#10490,#10491));
#1689=EDGE_LOOP('',(#10492,#10493,#10494,#10495));
#1690=EDGE_LOOP('',(#10496,#10497,#10498,#10499));
#1691=EDGE_LOOP('',(#10500,#10501,#10502,#10503));
#1692=EDGE_LOOP('',(#10504,#10505,#10506,#10507,#10508,#10509,#10510));
#1693=EDGE_LOOP('',(#10511,#10512,#10513,#10514));
#1694=EDGE_LOOP('',(#10515,#10516,#10517,#10518,#10519,#10520,#10521));
#1695=EDGE_LOOP('',(#10522,#10523,#10524,#10525));
#1696=EDGE_LOOP('',(#10526,#10527,#10528,#10529));
#1697=EDGE_LOOP('',(#10530,#10531,#10532,#10533));
#1698=EDGE_LOOP('',(#10534,#10535,#10536,#10537,#10538,#10539,#10540));
#1699=EDGE_LOOP('',(#10541,#10542,#10543,#10544));
#1700=EDGE_LOOP('',(#10545,#10546,#10547,#10548));
#1701=EDGE_LOOP('',(#10549,#10550,#10551,#10552,#10553,#10554,#10555));
#1702=EDGE_LOOP('',(#10556,#10557,#10558,#10559));
#1703=EDGE_LOOP('',(#10560,#10561,#10562,#10563));
#1704=EDGE_LOOP('',(#10564,#10565,#10566,#10567,#10568,#10569,#10570));
#1705=EDGE_LOOP('',(#10571,#10572,#10573,#10574));
#1706=EDGE_LOOP('',(#10575,#10576,#10577,#10578));
#1707=EDGE_LOOP('',(#10579,#10580,#10581,#10582,#10583,#10584,#10585));
#1708=EDGE_LOOP('',(#10586,#10587,#10588,#10589));
#1709=EDGE_LOOP('',(#10590,#10591,#10592,#10593));
#1710=EDGE_LOOP('',(#10594,#10595,#10596,#10597,#10598,#10599,#10600));
#1711=EDGE_LOOP('',(#10601,#10602,#10603,#10604,#10605,#10606,#10607));
#1712=EDGE_LOOP('',(#10608,#10609,#10610,#10611));
#1713=EDGE_LOOP('',(#10612,#10613,#10614,#10615));
#1714=EDGE_LOOP('',(#10616,#10617,#10618,#10619,#10620,#10621,#10622,#10623,
#10624,#10625,#10626,#10627,#10628,#10629,#10630,#10631,#10632,#10633,#10634,
#10635,#10636,#10637,#10638,#10639,#10640,#10641,#10642,#10643,#10644,#10645,
#10646,#10647,#10648,#10649,#10650,#10651,#10652,#10653,#10654,#10655,#10656,
#10657,#10658,#10659,#10660,#10661,#10662,#10663,#10664,#10665,#10666,#10667,
#10668,#10669,#10670,#10671,#10672,#10673,#10674,#10675,#10676,#10677,#10678,
#10679,#10680,#10681,#10682,#10683,#10684,#10685,#10686,#10687,#10688,#10689));
#1715=EDGE_LOOP('',(#10690,#10691,#10692,#10693));
#1716=EDGE_LOOP('',(#10694,#10695,#10696,#10697));
#1717=EDGE_LOOP('',(#10698,#10699,#10700,#10701));
#1718=EDGE_LOOP('',(#10702,#10703,#10704,#10705,#10706,#10707));
#1719=EDGE_LOOP('',(#10708));
#1720=EDGE_LOOP('',(#10709,#10710,#10711,#10712));
#1721=EDGE_LOOP('',(#10713,#10714,#10715,#10716,#10717,#10718,#10719,#10720,
#10721,#10722,#10723,#10724,#10725,#10726,#10727,#10728,#10729,#10730,#10731,
#10732,#10733,#10734,#10735,#10736,#10737,#10738,#10739,#10740,#10741,#10742,
#10743,#10744,#10745,#10746,#10747,#10748,#10749,#10750,#10751,#10752,#10753,
#10754,#10755,#10756,#10757,#10758,#10759,#10760,#10761,#10762,#10763,#10764,
#10765,#10766,#10767,#10768,#10769,#10770,#10771,#10772,#10773,#10774,#10775,
#10776,#10777,#10778,#10779,#10780));
#1722=EDGE_LOOP('',(#10781));
#1723=EDGE_LOOP('',(#10782));
#1724=EDGE_LOOP('',(#10783,#10784,#10785,#10786));
#1725=EDGE_LOOP('',(#10787,#10788,#10789,#10790,#10791,#10792,#10793,#10794,
#10795,#10796,#10797,#10798,#10799,#10800,#10801,#10802,#10803,#10804,#10805,
#10806,#10807,#10808,#10809,#10810,#10811,#10812,#10813,#10814,#10815,#10816,
#10817,#10818,#10819,#10820,#10821,#10822,#10823,#10824,#10825,#10826,#10827,
#10828,#10829,#10830,#10831,#10832,#10833,#10834,#10835,#10836,#10837,#10838,
#10839,#10840,#10841,#10842,#10843,#10844,#10845,#10846,#10847,#10848,#10849,
#10850,#10851,#10852,#10853,#10854,#10855,#10856));
#1726=EDGE_LOOP('',(#10857));
#1727=EDGE_LOOP('',(#10858));
#1728=EDGE_LOOP('',(#10859,#10860,#10861,#10862));
#1729=EDGE_LOOP('',(#10863,#10864,#10865,#10866,#10867,#10868,#10869,#10870,
#10871,#10872,#10873));
#1730=EDGE_LOOP('',(#10874));
#1731=EDGE_LOOP('',(#10875,#10876,#10877,#10878));
#1732=EDGE_LOOP('',(#10879,#10880,#10881,#10882));
#1733=EDGE_LOOP('',(#10883,#10884,#10885,#10886));
#1734=EDGE_LOOP('',(#10887,#10888,#10889,#10890));
#1735=EDGE_LOOP('',(#10891,#10892,#10893,#10894));
#1736=EDGE_LOOP('',(#10895,#10896,#10897,#10898));
#1737=EDGE_LOOP('',(#10899,#10900,#10901,#10902));
#1738=EDGE_LOOP('',(#10903,#10904,#10905,#10906));
#1739=EDGE_LOOP('',(#10907));
#1740=EDGE_LOOP('',(#10908));
#1741=EDGE_LOOP('',(#10909,#10910,#10911,#10912));
#1742=EDGE_LOOP('',(#10913,#10914,#10915,#10916));
#1743=EDGE_LOOP('',(#10917));
#1744=EDGE_LOOP('',(#10918));
#1745=EDGE_LOOP('',(#10919,#10920,#10921,#10922));
#1746=EDGE_LOOP('',(#10923,#10924,#10925,#10926));
#1747=EDGE_LOOP('',(#10927,#10928,#10929,#10930));
#1748=EDGE_LOOP('',(#10931,#10932,#10933,#10934));
#1749=EDGE_LOOP('',(#10935,#10936,#10937,#10938));
#1750=EDGE_LOOP('',(#10939));
#1751=EDGE_LOOP('',(#10940,#10941,#10942,#10943));
#1752=EDGE_LOOP('',(#10944,#10945,#10946,#10947));
#1753=EDGE_LOOP('',(#10948,#10949,#10950,#10951));
#1754=EDGE_LOOP('',(#10952,#10953,#10954,#10955));
#1755=EDGE_LOOP('',(#10956));
#1756=EDGE_LOOP('',(#10957,#10958,#10959,#10960,#10961,#10962,#10963,#10964,
#10965,#10966,#10967,#10968,#10969,#10970));
#1757=EDGE_LOOP('',(#10971,#10972,#10973,#10974));
#1758=EDGE_LOOP('',(#10975));
#1759=EDGE_LOOP('',(#10976));
#1760=EDGE_LOOP('',(#10977,#10978,#10979,#10980,#10981,#10982,#10983,#10984));
#1761=EDGE_LOOP('',(#10985));
#1762=EDGE_LOOP('',(#10986));
#1763=EDGE_LOOP('',(#10987));
#1764=EDGE_LOOP('',(#10988,#10989,#10990,#10991));
#1765=EDGE_LOOP('',(#10992,#10993,#10994,#10995));
#1766=EDGE_LOOP('',(#10996,#10997,#10998,#10999));
#1767=EDGE_LOOP('',(#11000,#11001,#11002,#11003));
#1768=EDGE_LOOP('',(#11004,#11005,#11006,#11007));
#1769=EDGE_LOOP('',(#11008,#11009,#11010,#11011));
#1770=EDGE_LOOP('',(#11012,#11013,#11014,#11015));
#1771=EDGE_LOOP('',(#11016,#11017,#11018,#11019));
#1772=EDGE_LOOP('',(#11020,#11021,#11022,#11023));
#1773=EDGE_LOOP('',(#11024,#11025,#11026,#11027));
#1774=EDGE_LOOP('',(#11028,#11029,#11030,#11031));
#1775=EDGE_LOOP('',(#11032,#11033,#11034,#11035));
#1776=EDGE_LOOP('',(#11036,#11037,#11038,#11039,#11040,#11041,#11042,#11043));
#1777=EDGE_LOOP('',(#11044));
#1778=EDGE_LOOP('',(#11045));
#1779=EDGE_LOOP('',(#11046));
#1780=EDGE_LOOP('',(#11047));
#1781=EDGE_LOOP('',(#11048,#11049,#11050,#11051));
#1782=EDGE_LOOP('',(#11052,#11053,#11054,#11055));
#1783=EDGE_LOOP('',(#11056,#11057,#11058,#11059,#11060,#11061));
#1784=EDGE_LOOP('',(#11062,#11063,#11064,#11065));
#1785=EDGE_LOOP('',(#11066,#11067,#11068,#11069));
#1786=EDGE_LOOP('',(#11070,#11071,#11072,#11073));
#1787=EDGE_LOOP('',(#11074,#11075,#11076,#11077));
#1788=EDGE_LOOP('',(#11078,#11079,#11080,#11081));
#1789=EDGE_LOOP('',(#11082,#11083,#11084,#11085));
#1790=EDGE_LOOP('',(#11086));
#1791=EDGE_LOOP('',(#11087));
#1792=EDGE_LOOP('',(#11088));
#1793=EDGE_LOOP('',(#11089));
#1794=EDGE_LOOP('',(#11090,#11091,#11092,#11093));
#1795=EDGE_LOOP('',(#11094,#11095,#11096,#11097));
#1796=EDGE_LOOP('',(#11098,#11099,#11100,#11101));
#1797=EDGE_LOOP('',(#11102));
#1798=EDGE_LOOP('',(#11103));
#1799=EDGE_LOOP('',(#11104));
#1800=EDGE_LOOP('',(#11105));
#1801=EDGE_LOOP('',(#11106));
#1802=EDGE_LOOP('',(#11107));
#1803=EDGE_LOOP('',(#11108,#11109,#11110,#11111,#11112,#11113,#11114,#11115));
#1804=EDGE_LOOP('',(#11116));
#1805=EDGE_LOOP('',(#11117,#11118,#11119,#11120,#11121,#11122,#11123,#11124));
#1806=EDGE_LOOP('',(#11125,#11126,#11127,#11128,#11129,#11130,#11131,#11132,
#11133,#11134));
#1807=EDGE_LOOP('',(#11135,#11136,#11137,#11138));
#1808=EDGE_LOOP('',(#11139,#11140,#11141,#11142));
#1809=EDGE_LOOP('',(#11143,#11144,#11145,#11146));
#1810=EDGE_LOOP('',(#11147,#11148,#11149,#11150));
#1811=EDGE_LOOP('',(#11151,#11152,#11153,#11154));
#1812=EDGE_LOOP('',(#11155,#11156,#11157,#11158));
#1813=EDGE_LOOP('',(#11159,#11160,#11161,#11162));
#1814=EDGE_LOOP('',(#11163,#11164,#11165,#11166));
#1815=EDGE_LOOP('',(#11167,#11168,#11169,#11170));
#1816=EDGE_LOOP('',(#11171));
#1817=EDGE_LOOP('',(#11172));
#1818=EDGE_LOOP('',(#11173,#11174,#11175,#11176));
#1819=EDGE_LOOP('',(#11177,#11178,#11179,#11180));
#1820=EDGE_LOOP('',(#11181));
#1821=EDGE_LOOP('',(#11182));
#1822=EDGE_LOOP('',(#11183,#11184,#11185,#11186));
#1823=EDGE_LOOP('',(#11187,#11188,#11189,#11190));
#1824=EDGE_LOOP('',(#11191));
#1825=EDGE_LOOP('',(#11192));
#1826=EDGE_LOOP('',(#11193,#11194,#11195,#11196));
#1827=EDGE_LOOP('',(#11197,#11198,#11199,#11200));
#1828=EDGE_LOOP('',(#11201,#11202,#11203,#11204));
#1829=EDGE_LOOP('',(#11205,#11206,#11207,#11208));
#1830=EDGE_LOOP('',(#11209));
#1831=EDGE_LOOP('',(#11210,#11211,#11212,#11213));
#1832=EDGE_LOOP('',(#11214,#11215,#11216,#11217));
#1833=EDGE_LOOP('',(#11218,#11219,#11220,#11221));
#1834=EDGE_LOOP('',(#11222,#11223,#11224,#11225));
#1835=EDGE_LOOP('',(#11226,#11227,#11228,#11229));
#1836=EDGE_LOOP('',(#11230));
#1837=EDGE_LOOP('',(#11231,#11232,#11233,#11234));
#1838=EDGE_LOOP('',(#11235,#11236,#11237,#11238));
#1839=EDGE_LOOP('',(#11239,#11240,#11241,#11242));
#1840=EDGE_LOOP('',(#11243,#11244,#11245,#11246));
#1841=EDGE_LOOP('',(#11247,#11248,#11249,#11250));
#1842=EDGE_LOOP('',(#11251));
#1843=EDGE_LOOP('',(#11252,#11253,#11254,#11255));
#1844=EDGE_LOOP('',(#11256,#11257,#11258,#11259,#11260,#11261));
#1845=EDGE_LOOP('',(#11262,#11263,#11264,#11265,#11266,#11267,#11268,#11269,
#11270,#11271));
#1846=EDGE_LOOP('',(#11272,#11273,#11274,#11275));
#1847=EDGE_LOOP('',(#11276));
#1848=EDGE_LOOP('',(#11277));
#1849=EDGE_LOOP('',(#11278));
#1850=EDGE_LOOP('',(#11279));
#1851=EDGE_LOOP('',(#11280));
#1852=EDGE_LOOP('',(#11281));
#1853=EDGE_LOOP('',(#11282,#11283,#11284,#11285));
#1854=EDGE_LOOP('',(#11286,#11287,#11288,#11289));
#1855=EDGE_LOOP('',(#11290,#11291,#11292,#11293));
#1856=EDGE_LOOP('',(#11294));
#1857=EDGE_LOOP('',(#11295));
#1858=EDGE_LOOP('',(#11296));
#1859=EDGE_LOOP('',(#11297));
#1860=EDGE_LOOP('',(#11298,#11299,#11300,#11301));
#1861=EDGE_LOOP('',(#11302,#11303,#11304,#11305));
#1862=EDGE_LOOP('',(#11306,#11307,#11308,#11309));
#1863=EDGE_LOOP('',(#11310,#11311,#11312,#11313));
#1864=EDGE_LOOP('',(#11314,#11315,#11316,#11317));
#1865=EDGE_LOOP('',(#11318,#11319,#11320,#11321));
#1866=EDGE_LOOP('',(#11322,#11323,#11324,#11325,#11326,#11327,#11328,#11329,
#11330,#11331,#11332,#11333));
#1867=EDGE_LOOP('',(#11334,#11335,#11336,#11337,#11338,#11339,#11340,#11341,
#11342,#11343,#11344,#11345,#11346,#11347,#11348,#11349,#11350,#11351));
#1868=EDGE_LOOP('',(#11352,#11353,#11354,#11355));
#1869=EDGE_LOOP('',(#11356));
#1870=EDGE_LOOP('',(#11357));
#1871=EDGE_LOOP('',(#11358));
#1872=EDGE_LOOP('',(#11359,#11360,#11361,#11362));
#1873=EDGE_LOOP('',(#11363,#11364,#11365,#11366,#11367,#11368,#11369,#11370));
#1874=EDGE_LOOP('',(#11371));
#1875=EDGE_LOOP('',(#11372));
#1876=EDGE_LOOP('',(#11373));
#1877=EDGE_LOOP('',(#11374));
#1878=EDGE_LOOP('',(#11375,#11376,#11377,#11378));
#1879=EDGE_LOOP('',(#11379,#11380,#11381,#11382));
#1880=EDGE_LOOP('',(#11383,#11384,#11385,#11386));
#1881=EDGE_LOOP('',(#11387,#11388,#11389,#11390));
#1882=EDGE_LOOP('',(#11391,#11392,#11393,#11394));
#1883=EDGE_LOOP('',(#11395,#11396,#11397,#11398));
#1884=EDGE_LOOP('',(#11399,#11400,#11401,#11402));
#1885=EDGE_LOOP('',(#11403,#11404,#11405,#11406));
#1886=EDGE_LOOP('',(#11407,#11408,#11409,#11410));
#1887=EDGE_LOOP('',(#11411,#11412,#11413,#11414));
#1888=EDGE_LOOP('',(#11415,#11416,#11417,#11418,#11419,#11420,#11421,#11422,
#11423,#11424,#11425,#11426,#11427,#11428,#11429));
#1889=EDGE_LOOP('',(#11430));
#1890=EDGE_LOOP('',(#11431));
#1891=EDGE_LOOP('',(#11432));
#1892=EDGE_LOOP('',(#11433));
#1893=EDGE_LOOP('',(#11434));
#1894=EDGE_LOOP('',(#11435));
#1895=EDGE_LOOP('',(#11436));
#1896=EDGE_LOOP('',(#11437,#11438,#11439,#11440));
#1897=EDGE_LOOP('',(#11441,#11442,#11443,#11444));
#1898=EDGE_LOOP('',(#11445,#11446,#11447,#11448));
#1899=EDGE_LOOP('',(#11449,#11450,#11451,#11452));
#1900=EDGE_LOOP('',(#11453,#11454,#11455,#11456));
#1901=EDGE_LOOP('',(#11457,#11458,#11459,#11460));
#1902=EDGE_LOOP('',(#11461));
#1903=EDGE_LOOP('',(#11462,#11463,#11464,#11465));
#1904=EDGE_LOOP('',(#11466));
#1905=EDGE_LOOP('',(#11467,#11468,#11469,#11470,#11471,#11472,#11473,#11474,
#11475,#11476,#11477,#11478,#11479,#11480,#11481,#11482,#11483,#11484));
#1906=EDGE_LOOP('',(#11485,#11486,#11487,#11488));
#1907=EDGE_LOOP('',(#11489,#11490,#11491,#11492));
#1908=EDGE_LOOP('',(#11493,#11494,#11495,#11496));
#1909=EDGE_LOOP('',(#11497,#11498,#11499,#11500));
#1910=EDGE_LOOP('',(#11501,#11502,#11503,#11504));
#1911=EDGE_LOOP('',(#11505,#11506,#11507,#11508));
#1912=EDGE_LOOP('',(#11509,#11510,#11511,#11512));
#1913=EDGE_LOOP('',(#11513,#11514,#11515,#11516));
#1914=EDGE_LOOP('',(#11517,#11518,#11519,#11520));
#1915=EDGE_LOOP('',(#11521,#11522,#11523,#11524));
#1916=EDGE_LOOP('',(#11525,#11526,#11527,#11528));
#1917=EDGE_LOOP('',(#11529,#11530,#11531,#11532));
#1918=EDGE_LOOP('',(#11533,#11534,#11535,#11536));
#1919=EDGE_LOOP('',(#11537,#11538,#11539,#11540));
#1920=EDGE_LOOP('',(#11541));
#1921=EDGE_LOOP('',(#11542,#11543,#11544,#11545));
#1922=EDGE_LOOP('',(#11546));
#1923=EDGE_LOOP('',(#11547,#11548,#11549,#11550));
#1924=EDGE_LOOP('',(#11551,#11552,#11553,#11554));
#1925=EDGE_LOOP('',(#11555,#11556,#11557,#11558));
#1926=EDGE_LOOP('',(#11559,#11560,#11561,#11562));
#1927=EDGE_LOOP('',(#11563,#11564,#11565,#11566,#11567,#11568,#11569,#11570,
#11571,#11572));
#1928=EDGE_LOOP('',(#11573));
#1929=EDGE_LOOP('',(#11574));
#1930=EDGE_LOOP('',(#11575,#11576,#11577,#11578));
#1931=EDGE_LOOP('',(#11579,#11580,#11581,#11582));
#1932=EDGE_LOOP('',(#11583,#11584,#11585,#11586));
#1933=EDGE_LOOP('',(#11587,#11588,#11589,#11590));
#1934=EDGE_LOOP('',(#11591,#11592,#11593,#11594));
#1935=EDGE_LOOP('',(#11595,#11596,#11597,#11598));
#1936=EDGE_LOOP('',(#11599,#11600,#11601,#11602));
#1937=EDGE_LOOP('',(#11603,#11604,#11605,#11606));
#1938=EDGE_LOOP('',(#11607,#11608,#11609,#11610));
#1939=EDGE_LOOP('',(#11611));
#1940=EDGE_LOOP('',(#11612));
#1941=EDGE_LOOP('',(#11613));
#1942=EDGE_LOOP('',(#11614));
#1943=EDGE_LOOP('',(#11615,#11616,#11617,#11618));
#1944=EDGE_LOOP('',(#11619,#11620,#11621,#11622));
#1945=EDGE_LOOP('',(#11623,#11624,#11625,#11626));
#1946=EDGE_LOOP('',(#11627,#11628,#11629,#11630,#11631,#11632));
#1947=EDGE_LOOP('',(#11633));
#1948=EDGE_LOOP('',(#11634));
#1949=EDGE_LOOP('',(#11635));
#1950=EDGE_LOOP('',(#11636,#11637,#11638,#11639));
#1951=EDGE_LOOP('',(#11640,#11641,#11642,#11643));
#1952=EDGE_LOOP('',(#11644,#11645,#11646,#11647));
#1953=EDGE_LOOP('',(#11648,#11649,#11650,#11651));
#1954=EDGE_LOOP('',(#11652,#11653,#11654,#11655));
#1955=EDGE_LOOP('',(#11656,#11657,#11658,#11659));
#1956=EDGE_LOOP('',(#11660,#11661,#11662,#11663));
#1957=EDGE_LOOP('',(#11664,#11665,#11666,#11667));
#1958=EDGE_LOOP('',(#11668,#11669,#11670,#11671));
#1959=EDGE_LOOP('',(#11672,#11673,#11674,#11675));
#1960=EDGE_LOOP('',(#11676,#11677,#11678,#11679));
#1961=EDGE_LOOP('',(#11680,#11681,#11682,#11683));
#1962=EDGE_LOOP('',(#11684,#11685,#11686,#11687));
#1963=EDGE_LOOP('',(#11688,#11689,#11690,#11691));
#1964=EDGE_LOOP('',(#11692,#11693,#11694,#11695));
#1965=EDGE_LOOP('',(#11696,#11697,#11698,#11699));
#1966=EDGE_LOOP('',(#11700,#11701,#11702,#11703));
#1967=EDGE_LOOP('',(#11704,#11705,#11706,#11707));
#1968=EDGE_LOOP('',(#11708,#11709,#11710,#11711));
#1969=EDGE_LOOP('',(#11712,#11713,#11714,#11715));
#1970=EDGE_LOOP('',(#11716,#11717,#11718,#11719));
#1971=EDGE_LOOP('',(#11720,#11721,#11722,#11723));
#1972=EDGE_LOOP('',(#11724,#11725,#11726,#11727));
#1973=EDGE_LOOP('',(#11728,#11729,#11730,#11731));
#1974=EDGE_LOOP('',(#11732,#11733,#11734,#11735));
#1975=EDGE_LOOP('',(#11736,#11737,#11738,#11739));
#1976=EDGE_LOOP('',(#11740,#11741,#11742,#11743));
#1977=EDGE_LOOP('',(#11744,#11745,#11746,#11747));
#1978=EDGE_LOOP('',(#11748,#11749,#11750,#11751));
#1979=EDGE_LOOP('',(#11752,#11753,#11754,#11755));
#1980=EDGE_LOOP('',(#11756,#11757,#11758,#11759));
#1981=EDGE_LOOP('',(#11760,#11761,#11762,#11763));
#1982=EDGE_LOOP('',(#11764,#11765,#11766,#11767));
#1983=EDGE_LOOP('',(#11768));
#1984=EDGE_LOOP('',(#11769));
#1985=EDGE_LOOP('',(#11770,#11771,#11772,#11773,#11774,#11775,#11776));
#1986=EDGE_LOOP('',(#11777,#11778,#11779,#11780));
#1987=EDGE_LOOP('',(#11781,#11782,#11783,#11784));
#1988=EDGE_LOOP('',(#11785,#11786,#11787,#11788));
#1989=EDGE_LOOP('',(#11789));
#1990=EDGE_LOOP('',(#11790));
#1991=EDGE_LOOP('',(#11791));
#1992=EDGE_LOOP('',(#11792));
#1993=EDGE_LOOP('',(#11793,#11794,#11795,#11796));
#1994=EDGE_LOOP('',(#11797,#11798,#11799,#11800));
#1995=EDGE_LOOP('',(#11801,#11802,#11803,#11804));
#1996=EDGE_LOOP('',(#11805,#11806,#11807,#11808));
#1997=EDGE_LOOP('',(#11809,#11810,#11811,#11812));
#1998=EDGE_LOOP('',(#11813,#11814,#11815,#11816,#11817,#11818,#11819,#11820));
#1999=EDGE_LOOP('',(#11821));
#2000=EDGE_LOOP('',(#11822));
#2001=EDGE_LOOP('',(#11823));
#2002=EDGE_LOOP('',(#11824));
#2003=EDGE_LOOP('',(#11825,#11826,#11827,#11828));
#2004=EDGE_LOOP('',(#11829,#11830,#11831,#11832,#11833,#11834,#11835));
#2005=EDGE_LOOP('',(#11836,#11837,#11838,#11839,#11840,#11841,#11842,#11843,
#11844,#11845,#11846,#11847,#11848,#11849,#11850,#11851,#11852,#11853,#11854,
#11855,#11856,#11857,#11858,#11859,#11860,#11861,#11862,#11863,#11864,#11865,
#11866,#11867,#11868,#11869,#11870,#11871));
#2006=EDGE_LOOP('',(#11872));
#2007=EDGE_LOOP('',(#11873));
#2008=EDGE_LOOP('',(#11874,#11875,#11876,#11877));
#2009=EDGE_LOOP('',(#11878,#11879,#11880,#11881,#11882,#11883,#11884));
#2010=EDGE_LOOP('',(#11885,#11886,#11887,#11888,#11889,#11890,#11891,#11892,
#11893,#11894,#11895,#11896,#11897,#11898,#11899,#11900,#11901,#11902,#11903,
#11904,#11905,#11906,#11907,#11908,#11909,#11910,#11911,#11912,#11913,#11914,
#11915,#11916,#11917,#11918,#11919,#11920));
#2011=EDGE_LOOP('',(#11921,#11922,#11923,#11924));
#2012=EDGE_LOOP('',(#11925,#11926,#11927,#11928,#11929,#11930,#11931));
#2013=EDGE_LOOP('',(#11932,#11933,#11934,#11935));
#2014=EDGE_LOOP('',(#11936,#11937,#11938,#11939,#11940,#11941,#11942));
#2015=EDGE_LOOP('',(#11943,#11944,#11945,#11946));
#2016=EDGE_LOOP('',(#11947,#11948,#11949,#11950,#11951,#11952,#11953));
#2017=EDGE_LOOP('',(#11954,#11955,#11956,#11957));
#2018=EDGE_LOOP('',(#11958,#11959,#11960,#11961,#11962,#11963,#11964));
#2019=EDGE_LOOP('',(#11965,#11966,#11967,#11968));
#2020=EDGE_LOOP('',(#11969,#11970,#11971,#11972,#11973,#11974,#11975));
#2021=EDGE_LOOP('',(#11976,#11977,#11978,#11979));
#2022=EDGE_LOOP('',(#11980,#11981,#11982,#11983,#11984,#11985,#11986));
#2023=EDGE_LOOP('',(#11987,#11988,#11989,#11990));
#2024=EDGE_LOOP('',(#11991,#11992,#11993,#11994,#11995,#11996,#11997,#11998,
#11999,#12000,#12001));
#2025=EDGE_LOOP('',(#12002));
#2026=EDGE_LOOP('',(#12003,#12004,#12005,#12006));
#2027=EDGE_LOOP('',(#12007,#12008,#12009,#12010));
#2028=EDGE_LOOP('',(#12011,#12012,#12013,#12014));
#2029=EDGE_LOOP('',(#12015,#12016,#12017,#12018));
#2030=EDGE_LOOP('',(#12019,#12020,#12021,#12022));
#2031=EDGE_LOOP('',(#12023,#12024,#12025,#12026));
#2032=EDGE_LOOP('',(#12027,#12028,#12029,#12030));
#2033=EDGE_LOOP('',(#12031));
#2034=EDGE_LOOP('',(#12032,#12033,#12034,#12035));
#2035=EDGE_LOOP('',(#12036));
#2036=EDGE_LOOP('',(#12037,#12038,#12039,#12040));
#2037=EDGE_LOOP('',(#12041,#12042,#12043,#12044));
#2038=EDGE_LOOP('',(#12045,#12046,#12047,#12048));
#2039=EDGE_LOOP('',(#12049,#12050,#12051,#12052));
#2040=EDGE_LOOP('',(#12053));
#2041=EDGE_LOOP('',(#12054,#12055,#12056,#12057));
#2042=EDGE_LOOP('',(#12058));
#2043=EDGE_LOOP('',(#12059,#12060,#12061,#12062,#12063,#12064,#12065,#12066,
#12067,#12068,#12069,#12070,#12071,#12072,#12073,#12074,#12075,#12076,#12077,
#12078,#12079,#12080,#12081,#12082,#12083,#12084,#12085,#12086,#12087,#12088,
#12089,#12090,#12091,#12092,#12093,#12094,#12095,#12096,#12097,#12098,#12099,
#12100,#12101,#12102,#12103,#12104));
#2044=EDGE_LOOP('',(#12105,#12106,#12107,#12108));
#2045=EDGE_LOOP('',(#12109,#12110,#12111,#12112));
#2046=EDGE_LOOP('',(#12113,#12114,#12115,#12116));
#2047=EDGE_LOOP('',(#12117,#12118,#12119,#12120,#12121,#12122,#12123,#12124));
#2048=EDGE_LOOP('',(#12125));
#2049=EDGE_LOOP('',(#12126));
#2050=EDGE_LOOP('',(#12127));
#2051=EDGE_LOOP('',(#12128));
#2052=EDGE_LOOP('',(#12129,#12130,#12131,#12132));
#2053=EDGE_LOOP('',(#12133,#12134,#12135,#12136));
#2054=EDGE_LOOP('',(#12137,#12138,#12139,#12140,#12141,#12142));
#2055=EDGE_LOOP('',(#12143));
#2056=EDGE_LOOP('',(#12144,#12145,#12146,#12147,#12148,#12149,#12150));
#2057=EDGE_LOOP('',(#12151,#12152,#12153,#12154,#12155,#12156,#12157));
#2058=EDGE_LOOP('',(#12158,#12159,#12160,#12161));
#2059=EDGE_LOOP('',(#12162,#12163,#12164,#12165));
#2060=EDGE_LOOP('',(#12166,#12167,#12168,#12169,#12170,#12171,#12172,#12173,
#12174,#12175,#12176,#12177,#12178,#12179,#12180,#12181,#12182,#12183,#12184,
#12185,#12186,#12187,#12188,#12189,#12190,#12191,#12192,#12193,#12194,#12195,
#12196,#12197,#12198,#12199,#12200,#12201,#12202,#12203,#12204,#12205,#12206,
#12207));
#2061=EDGE_LOOP('',(#12208));
#2062=EDGE_LOOP('',(#12209));
#2063=EDGE_LOOP('',(#12210,#12211,#12212,#12213));
#2064=EDGE_LOOP('',(#12214,#12215,#12216,#12217));
#2065=EDGE_LOOP('',(#12218,#12219,#12220,#12221));
#2066=EDGE_LOOP('',(#12222,#12223,#12224,#12225,#12226,#12227,#12228));
#2067=EDGE_LOOP('',(#12229,#12230,#12231,#12232,#12233,#12234,#12235));
#2068=EDGE_LOOP('',(#12236,#12237,#12238,#12239));
#2069=EDGE_LOOP('',(#12240,#12241,#12242,#12243));
#2070=EDGE_LOOP('',(#12244,#12245,#12246,#12247,#12248,#12249,#12250));
#2071=EDGE_LOOP('',(#12251,#12252,#12253,#12254));
#2072=EDGE_LOOP('',(#12255,#12256,#12257,#12258));
#2073=EDGE_LOOP('',(#12259,#12260,#12261,#12262,#12263,#12264,#12265));
#2074=EDGE_LOOP('',(#12266,#12267,#12268,#12269));
#2075=EDGE_LOOP('',(#12270,#12271,#12272,#12273));
#2076=EDGE_LOOP('',(#12274,#12275,#12276,#12277));
#2077=EDGE_LOOP('',(#12278,#12279,#12280,#12281));
#2078=EDGE_LOOP('',(#12282,#12283,#12284,#12285,#12286,#12287,#12288));
#2079=EDGE_LOOP('',(#12289,#12290,#12291,#12292));
#2080=EDGE_LOOP('',(#12293,#12294,#12295,#12296));
#2081=EDGE_LOOP('',(#12297,#12298,#12299,#12300,#12301,#12302,#12303));
#2082=EDGE_LOOP('',(#12304,#12305,#12306,#12307,#12308,#12309,#12310));
#2083=EDGE_LOOP('',(#12311,#12312,#12313,#12314));
#2084=EDGE_LOOP('',(#12315,#12316,#12317,#12318));
#2085=EDGE_LOOP('',(#12319,#12320,#12321,#12322));
#2086=EDGE_LOOP('',(#12323,#12324,#12325,#12326));
#2087=EDGE_LOOP('',(#12327,#12328,#12329,#12330));
#2088=EDGE_LOOP('',(#12331,#12332,#12333,#12334));
#2089=EDGE_LOOP('',(#12335,#12336,#12337,#12338));
#2090=EDGE_LOOP('',(#12339,#12340,#12341,#12342));
#2091=EDGE_LOOP('',(#12343,#12344,#12345,#12346));
#2092=EDGE_LOOP('',(#12347,#12348,#12349,#12350));
#2093=EDGE_LOOP('',(#12351));
#2094=EDGE_LOOP('',(#12352));
#2095=EDGE_LOOP('',(#12353));
#2096=EDGE_LOOP('',(#12354));
#2097=EDGE_LOOP('',(#12355,#12356,#12357,#12358));
#2098=EDGE_LOOP('',(#12359,#12360,#12361,#12362));
#2099=EDGE_LOOP('',(#12363,#12364,#12365,#12366,#12367,#12368));
#2100=EDGE_LOOP('',(#12369,#12370,#12371,#12372));
#2101=EDGE_LOOP('',(#12373,#12374,#12375,#12376));
#2102=EDGE_LOOP('',(#12377,#12378,#12379,#12380,#12381,#12382));
#2103=EDGE_LOOP('',(#12383,#12384,#12385,#12386));
#2104=EDGE_LOOP('',(#12387,#12388,#12389,#12390));
#2105=EDGE_LOOP('',(#12391,#12392,#12393,#12394));
#2106=LINE('',#17774,#3743);
#2107=LINE('',#17776,#3744);
#2108=LINE('',#17778,#3745);
#2109=LINE('',#17779,#3746);
#2110=LINE('',#17788,#3747);
#2111=LINE('',#17790,#3748);
#2112=LINE('',#17792,#3749);
#2113=LINE('',#17793,#3750);
#2114=LINE('',#17796,#3751);
#2115=LINE('',#17798,#3752);
#2116=LINE('',#17799,#3753);
#2117=LINE('',#17802,#3754);
#2118=LINE('',#17804,#3755);
#2119=LINE('',#17805,#3756);
#2120=LINE('',#17807,#3757);
#2121=LINE('',#17808,#3758);
#2122=LINE('',#17813,#3759);
#2123=LINE('',#17815,#3760);
#2124=LINE('',#17817,#3761);
#2125=LINE('',#17818,#3762);
#2126=LINE('',#17828,#3763);
#2127=LINE('',#17830,#3764);
#2128=LINE('',#17832,#3765);
#2129=LINE('',#17834,#3766);
#2130=LINE('',#17836,#3767);
#2131=LINE('',#17837,#3768);
#2132=LINE('',#17849,#3769);
#2133=LINE('',#17852,#3770);
#2134=LINE('',#17855,#3771);
#2135=LINE('',#17857,#3772);
#2136=LINE('',#17858,#3773);
#2137=LINE('',#17864,#3774);
#2138=LINE('',#17870,#3775);
#2139=LINE('',#17873,#3776);
#2140=LINE('',#17876,#3777);
#2141=LINE('',#17878,#3778);
#2142=LINE('',#17879,#3779);
#2143=LINE('',#17881,#3780);
#2144=LINE('',#17882,#3781);
#2145=LINE('',#17884,#3782);
#2146=LINE('',#17886,#3783);
#2147=LINE('',#17887,#3784);
#2148=LINE('',#17890,#3785);
#2149=LINE('',#17892,#3786);
#2150=LINE('',#17893,#3787);
#2151=LINE('',#17896,#3788);
#2152=LINE('',#17898,#3789);
#2153=LINE('',#17899,#3790);
#2154=LINE('',#17902,#3791);
#2155=LINE('',#17903,#3792);
#2156=LINE('',#17906,#3793);
#2157=LINE('',#17907,#3794);
#2158=LINE('',#17909,#3795);
#2159=LINE('',#17911,#3796);
#2160=LINE('',#17913,#3797);
#2161=LINE('',#17915,#3798);
#2162=LINE('',#17917,#3799);
#2163=LINE('',#17919,#3800);
#2164=LINE('',#17923,#3801);
#2165=LINE('',#17925,#3802);
#2166=LINE('',#17926,#3803);
#2167=LINE('',#17937,#3804);
#2168=LINE('',#17938,#3805);
#2169=LINE('',#17940,#3806);
#2170=LINE('',#17943,#3807);
#2171=LINE('',#17947,#3808);
#2172=LINE('',#17951,#3809);
#2173=LINE('',#17955,#3810);
#2174=LINE('',#17960,#3811);
#2175=LINE('',#17962,#3812);
#2176=LINE('',#17964,#3813);
#2177=LINE('',#17966,#3814);
#2178=LINE('',#17968,#3815);
#2179=LINE('',#17969,#3816);
#2180=LINE('',#17972,#3817);
#2181=LINE('',#17974,#3818);
#2182=LINE('',#17975,#3819);
#2183=LINE('',#17978,#3820);
#2184=LINE('',#17980,#3821);
#2185=LINE('',#17981,#3822);
#2186=LINE('',#17985,#3823);
#2187=LINE('',#17986,#3824);
#2188=LINE('',#17987,#3825);
#2189=LINE('',#17989,#3826);
#2190=LINE('',#17993,#3827);
#2191=LINE('',#17997,#3828);
#2192=LINE('',#17999,#3829);
#2193=LINE('',#18001,#3830);
#2194=LINE('',#18002,#3831);
#2195=LINE('',#18005,#3832);
#2196=LINE('',#18007,#3833);
#2197=LINE('',#18008,#3834);
#2198=LINE('',#18012,#3835);
#2199=LINE('',#18014,#3836);
#2200=LINE('',#18015,#3837);
#2201=LINE('',#18017,#3838);
#2202=LINE('',#18018,#3839);
#2203=LINE('',#18021,#3840);
#2204=LINE('',#18023,#3841);
#2205=LINE('',#18024,#3842);
#2206=LINE('',#18026,#3843);
#2207=LINE('',#18028,#3844);
#2208=LINE('',#18029,#3845);
#2209=LINE('',#18032,#3846);
#2210=LINE('',#18033,#3847);
#2211=LINE('',#18035,#3848);
#2212=LINE('',#18036,#3849);
#2213=LINE('',#18038,#3850);
#2214=LINE('',#18040,#3851);
#2215=LINE('',#18041,#3852);
#2216=LINE('',#18044,#3853);
#2217=LINE('',#18045,#3854);
#2218=LINE('',#18047,#3855);
#2219=LINE('',#18053,#3856);
#2220=LINE('',#18055,#3857);
#2221=LINE('',#18057,#3858);
#2222=LINE('',#18059,#3859);
#2223=LINE('',#18067,#3860);
#2224=LINE('',#18070,#3861);
#2225=LINE('',#18073,#3862);
#2226=LINE('',#18075,#3863);
#2227=LINE('',#18077,#3864);
#2228=LINE('',#18079,#3865);
#2229=LINE('',#18081,#3866);
#2230=LINE('',#18082,#3867);
#2231=LINE('',#18085,#3868);
#2232=LINE('',#18087,#3869);
#2233=LINE('',#18089,#3870);
#2234=LINE('',#18091,#3871);
#2235=LINE('',#18093,#3872);
#2236=LINE('',#18095,#3873);
#2237=LINE('',#18097,#3874);
#2238=LINE('',#18099,#3875);
#2239=LINE('',#18101,#3876);
#2240=LINE('',#18103,#3877);
#2241=LINE('',#18105,#3878);
#2242=LINE('',#18107,#3879);
#2243=LINE('',#18109,#3880);
#2244=LINE('',#18111,#3881);
#2245=LINE('',#18113,#3882);
#2246=LINE('',#18115,#3883);
#2247=LINE('',#18117,#3884);
#2248=LINE('',#18119,#3885);
#2249=LINE('',#18121,#3886);
#2250=LINE('',#18123,#3887);
#2251=LINE('',#18125,#3888);
#2252=LINE('',#18127,#3889);
#2253=LINE('',#18129,#3890);
#2254=LINE('',#18131,#3891);
#2255=LINE('',#18133,#3892);
#2256=LINE('',#18135,#3893);
#2257=LINE('',#18137,#3894);
#2258=LINE('',#18139,#3895);
#2259=LINE('',#18141,#3896);
#2260=LINE('',#18143,#3897);
#2261=LINE('',#18145,#3898);
#2262=LINE('',#18147,#3899);
#2263=LINE('',#18149,#3900);
#2264=LINE('',#18151,#3901);
#2265=LINE('',#18153,#3902);
#2266=LINE('',#18155,#3903);
#2267=LINE('',#18157,#3904);
#2268=LINE('',#18159,#3905);
#2269=LINE('',#18161,#3906);
#2270=LINE('',#18163,#3907);
#2271=LINE('',#18165,#3908);
#2272=LINE('',#18167,#3909);
#2273=LINE('',#18169,#3910);
#2274=LINE('',#18171,#3911);
#2275=LINE('',#18173,#3912);
#2276=LINE('',#18174,#3913);
#2277=LINE('',#18177,#3914);
#2278=LINE('',#18179,#3915);
#2279=LINE('',#18181,#3916);
#2280=LINE('',#18182,#3917);
#2281=LINE('',#18185,#3918);
#2282=LINE('',#18187,#3919);
#2283=LINE('',#18189,#3920);
#2284=LINE('',#18190,#3921);
#2285=LINE('',#18193,#3922);
#2286=LINE('',#18195,#3923);
#2287=LINE('',#18197,#3924);
#2288=LINE('',#18198,#3925);
#2289=LINE('',#18201,#3926);
#2290=LINE('',#18203,#3927);
#2291=LINE('',#18205,#3928);
#2292=LINE('',#18206,#3929);
#2293=LINE('',#18209,#3930);
#2294=LINE('',#18211,#3931);
#2295=LINE('',#18213,#3932);
#2296=LINE('',#18214,#3933);
#2297=LINE('',#18217,#3934);
#2298=LINE('',#18219,#3935);
#2299=LINE('',#18221,#3936);
#2300=LINE('',#18222,#3937);
#2301=LINE('',#18225,#3938);
#2302=LINE('',#18227,#3939);
#2303=LINE('',#18229,#3940);
#2304=LINE('',#18230,#3941);
#2305=LINE('',#18233,#3942);
#2306=LINE('',#18235,#3943);
#2307=LINE('',#18237,#3944);
#2308=LINE('',#18238,#3945);
#2309=LINE('',#18241,#3946);
#2310=LINE('',#18243,#3947);
#2311=LINE('',#18245,#3948);
#2312=LINE('',#18246,#3949);
#2313=LINE('',#18249,#3950);
#2314=LINE('',#18251,#3951);
#2315=LINE('',#18253,#3952);
#2316=LINE('',#18254,#3953);
#2317=LINE('',#18257,#3954);
#2318=LINE('',#18259,#3955);
#2319=LINE('',#18261,#3956);
#2320=LINE('',#18262,#3957);
#2321=LINE('',#18265,#3958);
#2322=LINE('',#18267,#3959);
#2323=LINE('',#18269,#3960);
#2324=LINE('',#18270,#3961);
#2325=LINE('',#18273,#3962);
#2326=LINE('',#18275,#3963);
#2327=LINE('',#18277,#3964);
#2328=LINE('',#18278,#3965);
#2329=LINE('',#18281,#3966);
#2330=LINE('',#18283,#3967);
#2331=LINE('',#18285,#3968);
#2332=LINE('',#18286,#3969);
#2333=LINE('',#18289,#3970);
#2334=LINE('',#18291,#3971);
#2335=LINE('',#18293,#3972);
#2336=LINE('',#18294,#3973);
#2337=LINE('',#18297,#3974);
#2338=LINE('',#18299,#3975);
#2339=LINE('',#18301,#3976);
#2340=LINE('',#18302,#3977);
#2341=LINE('',#18307,#3978);
#2342=LINE('',#18311,#3979);
#2343=LINE('',#18313,#3980);
#2344=LINE('',#18315,#3981);
#2345=LINE('',#18317,#3982);
#2346=LINE('',#18318,#3983);
#2347=LINE('',#18323,#3984);
#2348=LINE('',#18327,#3985);
#2349=LINE('',#18329,#3986);
#2350=LINE('',#18331,#3987);
#2351=LINE('',#18333,#3988);
#2352=LINE('',#18334,#3989);
#2353=LINE('',#18339,#3990);
#2354=LINE('',#18343,#3991);
#2355=LINE('',#18345,#3992);
#2356=LINE('',#18347,#3993);
#2357=LINE('',#18349,#3994);
#2358=LINE('',#18350,#3995);
#2359=LINE('',#18355,#3996);
#2360=LINE('',#18359,#3997);
#2361=LINE('',#18361,#3998);
#2362=LINE('',#18363,#3999);
#2363=LINE('',#18365,#4000);
#2364=LINE('',#18366,#4001);
#2365=LINE('',#18371,#4002);
#2366=LINE('',#18375,#4003);
#2367=LINE('',#18377,#4004);
#2368=LINE('',#18379,#4005);
#2369=LINE('',#18381,#4006);
#2370=LINE('',#18382,#4007);
#2371=LINE('',#18387,#4008);
#2372=LINE('',#18391,#4009);
#2373=LINE('',#18393,#4010);
#2374=LINE('',#18395,#4011);
#2375=LINE('',#18397,#4012);
#2376=LINE('',#18398,#4013);
#2377=LINE('',#18403,#4014);
#2378=LINE('',#18407,#4015);
#2379=LINE('',#18409,#4016);
#2380=LINE('',#18411,#4017);
#2381=LINE('',#18413,#4018);
#2382=LINE('',#18414,#4019);
#2383=LINE('',#18419,#4020);
#2384=LINE('',#18423,#4021);
#2385=LINE('',#18425,#4022);
#2386=LINE('',#18427,#4023);
#2387=LINE('',#18429,#4024);
#2388=LINE('',#18430,#4025);
#2389=LINE('',#18435,#4026);
#2390=LINE('',#18439,#4027);
#2391=LINE('',#18441,#4028);
#2392=LINE('',#18443,#4029);
#2393=LINE('',#18445,#4030);
#2394=LINE('',#18446,#4031);
#2395=LINE('',#18451,#4032);
#2396=LINE('',#18455,#4033);
#2397=LINE('',#18457,#4034);
#2398=LINE('',#18459,#4035);
#2399=LINE('',#18461,#4036);
#2400=LINE('',#18462,#4037);
#2401=LINE('',#18467,#4038);
#2402=LINE('',#18471,#4039);
#2403=LINE('',#18473,#4040);
#2404=LINE('',#18475,#4041);
#2405=LINE('',#18477,#4042);
#2406=LINE('',#18478,#4043);
#2407=LINE('',#18483,#4044);
#2408=LINE('',#18489,#4045);
#2409=LINE('',#18494,#4046);
#2410=LINE('',#18496,#4047);
#2411=LINE('',#18498,#4048);
#2412=LINE('',#18499,#4049);
#2413=LINE('',#18502,#4050);
#2414=LINE('',#18504,#4051);
#2415=LINE('',#18505,#4052);
#2416=LINE('',#18508,#4053);
#2417=LINE('',#18510,#4054);
#2418=LINE('',#18511,#4055);
#2419=LINE('',#18515,#4056);
#2420=LINE('',#18517,#4057);
#2421=LINE('',#18519,#4058);
#2422=LINE('',#18521,#4059);
#2423=LINE('',#18523,#4060);
#2424=LINE('',#18524,#4061);
#2425=LINE('',#18525,#4062);
#2426=LINE('',#18527,#4063);
#2427=LINE('',#18529,#4064);
#2428=LINE('',#18530,#4065);
#2429=LINE('',#18532,#4066);
#2430=LINE('',#18534,#4067);
#2431=LINE('',#18535,#4068);
#2432=LINE('',#18537,#4069);
#2433=LINE('',#18539,#4070);
#2434=LINE('',#18540,#4071);
#2435=LINE('',#18542,#4072);
#2436=LINE('',#18544,#4073);
#2437=LINE('',#18545,#4074);
#2438=LINE('',#18547,#4075);
#2439=LINE('',#18549,#4076);
#2440=LINE('',#18550,#4077);
#2441=LINE('',#18552,#4078);
#2442=LINE('',#18554,#4079);
#2443=LINE('',#18555,#4080);
#2444=LINE('',#18557,#4081);
#2445=LINE('',#18559,#4082);
#2446=LINE('',#18560,#4083);
#2447=LINE('',#18562,#4084);
#2448=LINE('',#18564,#4085);
#2449=LINE('',#18565,#4086);
#2450=LINE('',#18567,#4087);
#2451=LINE('',#18569,#4088);
#2452=LINE('',#18570,#4089);
#2453=LINE('',#18572,#4090);
#2454=LINE('',#18574,#4091);
#2455=LINE('',#18575,#4092);
#2456=LINE('',#18577,#4093);
#2457=LINE('',#18579,#4094);
#2458=LINE('',#18580,#4095);
#2459=LINE('',#18581,#4096);
#2460=LINE('',#18583,#4097);
#2461=LINE('',#18585,#4098);
#2462=LINE('',#18586,#4099);
#2463=LINE('',#18589,#4100);
#2464=LINE('',#18591,#4101);
#2465=LINE('',#18593,#4102);
#2466=LINE('',#18594,#4103);
#2467=LINE('',#18597,#4104);
#2468=LINE('',#18599,#4105);
#2469=LINE('',#18601,#4106);
#2470=LINE('',#18602,#4107);
#2471=LINE('',#18605,#4108);
#2472=LINE('',#18607,#4109);
#2473=LINE('',#18609,#4110);
#2474=LINE('',#18610,#4111);
#2475=LINE('',#18613,#4112);
#2476=LINE('',#18615,#4113);
#2477=LINE('',#18617,#4114);
#2478=LINE('',#18618,#4115);
#2479=LINE('',#18621,#4116);
#2480=LINE('',#18623,#4117);
#2481=LINE('',#18625,#4118);
#2482=LINE('',#18626,#4119);
#2483=LINE('',#18629,#4120);
#2484=LINE('',#18631,#4121);
#2485=LINE('',#18633,#4122);
#2486=LINE('',#18634,#4123);
#2487=LINE('',#18637,#4124);
#2488=LINE('',#18639,#4125);
#2489=LINE('',#18641,#4126);
#2490=LINE('',#18642,#4127);
#2491=LINE('',#18645,#4128);
#2492=LINE('',#18647,#4129);
#2493=LINE('',#18649,#4130);
#2494=LINE('',#18650,#4131);
#2495=LINE('',#18653,#4132);
#2496=LINE('',#18655,#4133);
#2497=LINE('',#18657,#4134);
#2498=LINE('',#18658,#4135);
#2499=LINE('',#18661,#4136);
#2500=LINE('',#18663,#4137);
#2501=LINE('',#18665,#4138);
#2502=LINE('',#18666,#4139);
#2503=LINE('',#18669,#4140);
#2504=LINE('',#18671,#4141);
#2505=LINE('',#18673,#4142);
#2506=LINE('',#18674,#4143);
#2507=LINE('',#18677,#4144);
#2508=LINE('',#18679,#4145);
#2509=LINE('',#18681,#4146);
#2510=LINE('',#18682,#4147);
#2511=LINE('',#18685,#4148);
#2512=LINE('',#18687,#4149);
#2513=LINE('',#18689,#4150);
#2514=LINE('',#18690,#4151);
#2515=LINE('',#18693,#4152);
#2516=LINE('',#18695,#4153);
#2517=LINE('',#18697,#4154);
#2518=LINE('',#18698,#4155);
#2519=LINE('',#18701,#4156);
#2520=LINE('',#18703,#4157);
#2521=LINE('',#18705,#4158);
#2522=LINE('',#18706,#4159);
#2523=LINE('',#18709,#4160);
#2524=LINE('',#18711,#4161);
#2525=LINE('',#18713,#4162);
#2526=LINE('',#18714,#4163);
#2527=LINE('',#18719,#4164);
#2528=LINE('',#18725,#4165);
#2529=LINE('',#18731,#4166);
#2530=LINE('',#18737,#4167);
#2531=LINE('',#18743,#4168);
#2532=LINE('',#18745,#4169);
#2533=LINE('',#18747,#4170);
#2534=LINE('',#18748,#4171);
#2535=LINE('',#18750,#4172);
#2536=LINE('',#18753,#4173);
#2537=LINE('',#18755,#4174);
#2538=LINE('',#18756,#4175);
#2539=LINE('',#18758,#4176);
#2540=LINE('',#18759,#4177);
#2541=LINE('',#18761,#4178);
#2542=LINE('',#18762,#4179);
#2543=LINE('',#18764,#4180);
#2544=LINE('',#18766,#4181);
#2545=LINE('',#18769,#4182);
#2546=LINE('',#18772,#4183);
#2547=LINE('',#18774,#4184);
#2548=LINE('',#18775,#4185);
#2549=LINE('',#18777,#4186);
#2550=LINE('',#18778,#4187);
#2551=LINE('',#18780,#4188);
#2552=LINE('',#18781,#4189);
#2553=LINE('',#18783,#4190);
#2554=LINE('',#18785,#4191);
#2555=LINE('',#18788,#4192);
#2556=LINE('',#18791,#4193);
#2557=LINE('',#18793,#4194);
#2558=LINE('',#18794,#4195);
#2559=LINE('',#18796,#4196);
#2560=LINE('',#18797,#4197);
#2561=LINE('',#18799,#4198);
#2562=LINE('',#18800,#4199);
#2563=LINE('',#18802,#4200);
#2564=LINE('',#18804,#4201);
#2565=LINE('',#18807,#4202);
#2566=LINE('',#18810,#4203);
#2567=LINE('',#18812,#4204);
#2568=LINE('',#18813,#4205);
#2569=LINE('',#18815,#4206);
#2570=LINE('',#18816,#4207);
#2571=LINE('',#18818,#4208);
#2572=LINE('',#18819,#4209);
#2573=LINE('',#18821,#4210);
#2574=LINE('',#18823,#4211);
#2575=LINE('',#18826,#4212);
#2576=LINE('',#18829,#4213);
#2577=LINE('',#18831,#4214);
#2578=LINE('',#18832,#4215);
#2579=LINE('',#18834,#4216);
#2580=LINE('',#18835,#4217);
#2581=LINE('',#18837,#4218);
#2582=LINE('',#18838,#4219);
#2583=LINE('',#18840,#4220);
#2584=LINE('',#18842,#4221);
#2585=LINE('',#18845,#4222);
#2586=LINE('',#18848,#4223);
#2587=LINE('',#18850,#4224);
#2588=LINE('',#18851,#4225);
#2589=LINE('',#18853,#4226);
#2590=LINE('',#18854,#4227);
#2591=LINE('',#18856,#4228);
#2592=LINE('',#18857,#4229);
#2593=LINE('',#18859,#4230);
#2594=LINE('',#18861,#4231);
#2595=LINE('',#18864,#4232);
#2596=LINE('',#18867,#4233);
#2597=LINE('',#18869,#4234);
#2598=LINE('',#18870,#4235);
#2599=LINE('',#18872,#4236);
#2600=LINE('',#18873,#4237);
#2601=LINE('',#18875,#4238);
#2602=LINE('',#18876,#4239);
#2603=LINE('',#18878,#4240);
#2604=LINE('',#18880,#4241);
#2605=LINE('',#18883,#4242);
#2606=LINE('',#18886,#4243);
#2607=LINE('',#18888,#4244);
#2608=LINE('',#18889,#4245);
#2609=LINE('',#18891,#4246);
#2610=LINE('',#18892,#4247);
#2611=LINE('',#18894,#4248);
#2612=LINE('',#18895,#4249);
#2613=LINE('',#18897,#4250);
#2614=LINE('',#18899,#4251);
#2615=LINE('',#18902,#4252);
#2616=LINE('',#18905,#4253);
#2617=LINE('',#18907,#4254);
#2618=LINE('',#18908,#4255);
#2619=LINE('',#18910,#4256);
#2620=LINE('',#18911,#4257);
#2621=LINE('',#18913,#4258);
#2622=LINE('',#18914,#4259);
#2623=LINE('',#18916,#4260);
#2624=LINE('',#18918,#4261);
#2625=LINE('',#18921,#4262);
#2626=LINE('',#18924,#4263);
#2627=LINE('',#18926,#4264);
#2628=LINE('',#18927,#4265);
#2629=LINE('',#18929,#4266);
#2630=LINE('',#18930,#4267);
#2631=LINE('',#18932,#4268);
#2632=LINE('',#18933,#4269);
#2633=LINE('',#18935,#4270);
#2634=LINE('',#18937,#4271);
#2635=LINE('',#18941,#4272);
#2636=LINE('',#18942,#4273);
#2637=LINE('',#18944,#4274);
#2638=LINE('',#18945,#4275);
#2639=LINE('',#18947,#4276);
#2640=LINE('',#18949,#4277);
#2641=LINE('',#18952,#4278);
#2642=LINE('',#18953,#4279);
#2643=LINE('',#18955,#4280);
#2644=LINE('',#18957,#4281);
#2645=LINE('',#18960,#4282);
#2646=LINE('',#18961,#4283);
#2647=LINE('',#18963,#4284);
#2648=LINE('',#18965,#4285);
#2649=LINE('',#18968,#4286);
#2650=LINE('',#18969,#4287);
#2651=LINE('',#18971,#4288);
#2652=LINE('',#18973,#4289);
#2653=LINE('',#18976,#4290);
#2654=LINE('',#18977,#4291);
#2655=LINE('',#18979,#4292);
#2656=LINE('',#18981,#4293);
#2657=LINE('',#18984,#4294);
#2658=LINE('',#18985,#4295);
#2659=LINE('',#18987,#4296);
#2660=LINE('',#18989,#4297);
#2661=LINE('',#18992,#4298);
#2662=LINE('',#18993,#4299);
#2663=LINE('',#18994,#4300);
#2664=LINE('',#18997,#4301);
#2665=LINE('',#18999,#4302);
#2666=LINE('',#19000,#4303);
#2667=LINE('',#19003,#4304);
#2668=LINE('',#19005,#4305);
#2669=LINE('',#19006,#4306);
#2670=LINE('',#19009,#4307);
#2671=LINE('',#19011,#4308);
#2672=LINE('',#19012,#4309);
#2673=LINE('',#19015,#4310);
#2674=LINE('',#19017,#4311);
#2675=LINE('',#19018,#4312);
#2676=LINE('',#19020,#4313);
#2677=LINE('',#19021,#4314);
#2678=LINE('',#19032,#4315);
#2679=LINE('',#19033,#4316);
#2680=LINE('',#19034,#4317);
#2681=LINE('',#19046,#4318);
#2682=LINE('',#19050,#4319);
#2683=LINE('',#19054,#4320);
#2684=LINE('',#19058,#4321);
#2685=LINE('',#19062,#4322);
#2686=LINE('',#19066,#4323);
#2687=LINE('',#19070,#4324);
#2688=LINE('',#19072,#4325);
#2689=LINE('',#19074,#4326);
#2690=LINE('',#19077,#4327);
#2691=LINE('',#19078,#4328);
#2692=LINE('',#19081,#4329);
#2693=LINE('',#19082,#4330);
#2694=LINE('',#19084,#4331);
#2695=LINE('',#19089,#4332);
#2696=LINE('',#19091,#4333);
#2697=LINE('',#19093,#4334);
#2698=LINE('',#19094,#4335);
#2699=LINE('',#19097,#4336);
#2700=LINE('',#19099,#4337);
#2701=LINE('',#19100,#4338);
#2702=LINE('',#19103,#4339);
#2703=LINE('',#19105,#4340);
#2704=LINE('',#19106,#4341);
#2705=LINE('',#19108,#4342);
#2706=LINE('',#19109,#4343);
#2707=LINE('',#19114,#4344);
#2708=LINE('',#19116,#4345);
#2709=LINE('',#19118,#4346);
#2710=LINE('',#19119,#4347);
#2711=LINE('',#19129,#4348);
#2712=LINE('',#19131,#4349);
#2713=LINE('',#19133,#4350);
#2714=LINE('',#19135,#4351);
#2715=LINE('',#19137,#4352);
#2716=LINE('',#19138,#4353);
#2717=LINE('',#19150,#4354);
#2718=LINE('',#19153,#4355);
#2719=LINE('',#19155,#4356);
#2720=LINE('',#19156,#4357);
#2721=LINE('',#19158,#4358);
#2722=LINE('',#19160,#4359);
#2723=LINE('',#19161,#4360);
#2724=LINE('',#19164,#4361);
#2725=LINE('',#19166,#4362);
#2726=LINE('',#19167,#4363);
#2727=LINE('',#19170,#4364);
#2728=LINE('',#19172,#4365);
#2729=LINE('',#19173,#4366);
#2730=LINE('',#19174,#4367);
#2731=LINE('',#19177,#4368);
#2732=LINE('',#19179,#4369);
#2733=LINE('',#19181,#4370);
#2734=LINE('',#19182,#4371);
#2735=LINE('',#19193,#4372);
#2736=LINE('',#19194,#4373);
#2737=LINE('',#19197,#4374);
#2738=LINE('',#19199,#4375);
#2739=LINE('',#19200,#4376);
#2740=LINE('',#19205,#4377);
#2741=LINE('',#19207,#4378);
#2742=LINE('',#19209,#4379);
#2743=LINE('',#19210,#4380);
#2744=LINE('',#19218,#4381);
#2745=LINE('',#19220,#4382);
#2746=LINE('',#19222,#4383);
#2747=LINE('',#19226,#4384);
#2748=LINE('',#19231,#4385);
#2749=LINE('',#19232,#4386);
#2750=LINE('',#19234,#4387);
#2751=LINE('',#19236,#4388);
#2752=LINE('',#19239,#4389);
#2753=LINE('',#19241,#4390);
#2754=LINE('',#19243,#4391);
#2755=LINE('',#19245,#4392);
#2756=LINE('',#19247,#4393);
#2757=LINE('',#19251,#4394);
#2758=LINE('',#19252,#4395);
#2759=LINE('',#19254,#4396);
#2760=LINE('',#19256,#4397);
#2761=LINE('',#19263,#4398);
#2762=LINE('',#19266,#4399);
#2763=LINE('',#19269,#4400);
#2764=LINE('',#19271,#4401);
#2765=LINE('',#19273,#4402);
#2766=LINE('',#19275,#4403);
#2767=LINE('',#19277,#4404);
#2768=LINE('',#19278,#4405);
#2769=LINE('',#19281,#4406);
#2770=LINE('',#19283,#4407);
#2771=LINE('',#19285,#4408);
#2772=LINE('',#19287,#4409);
#2773=LINE('',#19289,#4410);
#2774=LINE('',#19291,#4411);
#2775=LINE('',#19293,#4412);
#2776=LINE('',#19295,#4413);
#2777=LINE('',#19297,#4414);
#2778=LINE('',#19299,#4415);
#2779=LINE('',#19301,#4416);
#2780=LINE('',#19303,#4417);
#2781=LINE('',#19305,#4418);
#2782=LINE('',#19307,#4419);
#2783=LINE('',#19309,#4420);
#2784=LINE('',#19311,#4421);
#2785=LINE('',#19313,#4422);
#2786=LINE('',#19315,#4423);
#2787=LINE('',#19317,#4424);
#2788=LINE('',#19319,#4425);
#2789=LINE('',#19321,#4426);
#2790=LINE('',#19323,#4427);
#2791=LINE('',#19325,#4428);
#2792=LINE('',#19327,#4429);
#2793=LINE('',#19329,#4430);
#2794=LINE('',#19331,#4431);
#2795=LINE('',#19333,#4432);
#2796=LINE('',#19335,#4433);
#2797=LINE('',#19337,#4434);
#2798=LINE('',#19339,#4435);
#2799=LINE('',#19341,#4436);
#2800=LINE('',#19343,#4437);
#2801=LINE('',#19345,#4438);
#2802=LINE('',#19347,#4439);
#2803=LINE('',#19349,#4440);
#2804=LINE('',#19351,#4441);
#2805=LINE('',#19353,#4442);
#2806=LINE('',#19355,#4443);
#2807=LINE('',#19357,#4444);
#2808=LINE('',#19359,#4445);
#2809=LINE('',#19361,#4446);
#2810=LINE('',#19363,#4447);
#2811=LINE('',#19365,#4448);
#2812=LINE('',#19367,#4449);
#2813=LINE('',#19369,#4450);
#2814=LINE('',#19371,#4451);
#2815=LINE('',#19373,#4452);
#2816=LINE('',#19375,#4453);
#2817=LINE('',#19377,#4454);
#2818=LINE('',#19379,#4455);
#2819=LINE('',#19381,#4456);
#2820=LINE('',#19383,#4457);
#2821=LINE('',#19385,#4458);
#2822=LINE('',#19387,#4459);
#2823=LINE('',#19389,#4460);
#2824=LINE('',#19391,#4461);
#2825=LINE('',#19393,#4462);
#2826=LINE('',#19395,#4463);
#2827=LINE('',#19397,#4464);
#2828=LINE('',#19399,#4465);
#2829=LINE('',#19401,#4466);
#2830=LINE('',#19403,#4467);
#2831=LINE('',#19405,#4468);
#2832=LINE('',#19407,#4469);
#2833=LINE('',#19409,#4470);
#2834=LINE('',#19410,#4471);
#2835=LINE('',#19415,#4472);
#2836=LINE('',#19419,#4473);
#2837=LINE('',#19421,#4474);
#2838=LINE('',#19423,#4475);
#2839=LINE('',#19425,#4476);
#2840=LINE('',#19426,#4477);
#2841=LINE('',#19432,#4478);
#2842=LINE('',#19435,#4479);
#2843=LINE('',#19437,#4480);
#2844=LINE('',#19439,#4481);
#2845=LINE('',#19441,#4482);
#2846=LINE('',#19442,#4483);
#2847=LINE('',#19448,#4484);
#2848=LINE('',#19451,#4485);
#2849=LINE('',#19453,#4486);
#2850=LINE('',#19455,#4487);
#2851=LINE('',#19457,#4488);
#2852=LINE('',#19458,#4489);
#2853=LINE('',#19464,#4490);
#2854=LINE('',#19467,#4491);
#2855=LINE('',#19469,#4492);
#2856=LINE('',#19471,#4493);
#2857=LINE('',#19473,#4494);
#2858=LINE('',#19474,#4495);
#2859=LINE('',#19480,#4496);
#2860=LINE('',#19483,#4497);
#2861=LINE('',#19485,#4498);
#2862=LINE('',#19487,#4499);
#2863=LINE('',#19489,#4500);
#2864=LINE('',#19490,#4501);
#2865=LINE('',#19496,#4502);
#2866=LINE('',#19499,#4503);
#2867=LINE('',#19501,#4504);
#2868=LINE('',#19503,#4505);
#2869=LINE('',#19505,#4506);
#2870=LINE('',#19506,#4507);
#2871=LINE('',#19512,#4508);
#2872=LINE('',#19515,#4509);
#2873=LINE('',#19517,#4510);
#2874=LINE('',#19519,#4511);
#2875=LINE('',#19521,#4512);
#2876=LINE('',#19522,#4513);
#2877=LINE('',#19528,#4514);
#2878=LINE('',#19531,#4515);
#2879=LINE('',#19533,#4516);
#2880=LINE('',#19535,#4517);
#2881=LINE('',#19537,#4518);
#2882=LINE('',#19538,#4519);
#2883=LINE('',#19544,#4520);
#2884=LINE('',#19547,#4521);
#2885=LINE('',#19549,#4522);
#2886=LINE('',#19551,#4523);
#2887=LINE('',#19553,#4524);
#2888=LINE('',#19554,#4525);
#2889=LINE('',#19560,#4526);
#2890=LINE('',#19563,#4527);
#2891=LINE('',#19565,#4528);
#2892=LINE('',#19567,#4529);
#2893=LINE('',#19569,#4530);
#2894=LINE('',#19570,#4531);
#2895=LINE('',#19576,#4532);
#2896=LINE('',#19579,#4533);
#2897=LINE('',#19581,#4534);
#2898=LINE('',#19583,#4535);
#2899=LINE('',#19585,#4536);
#2900=LINE('',#19586,#4537);
#2901=LINE('',#19592,#4538);
#2902=LINE('',#19595,#4539);
#2903=LINE('',#19597,#4540);
#2904=LINE('',#19599,#4541);
#2905=LINE('',#19601,#4542);
#2906=LINE('',#19602,#4543);
#2907=LINE('',#19608,#4544);
#2908=LINE('',#19611,#4545);
#2909=LINE('',#19613,#4546);
#2910=LINE('',#19615,#4547);
#2911=LINE('',#19617,#4548);
#2912=LINE('',#19618,#4549);
#2913=LINE('',#19624,#4550);
#2914=LINE('',#19627,#4551);
#2915=LINE('',#19629,#4552);
#2916=LINE('',#19631,#4553);
#2917=LINE('',#19633,#4554);
#2918=LINE('',#19634,#4555);
#2919=LINE('',#19640,#4556);
#2920=LINE('',#19643,#4557);
#2921=LINE('',#19645,#4558);
#2922=LINE('',#19647,#4559);
#2923=LINE('',#19649,#4560);
#2924=LINE('',#19650,#4561);
#2925=LINE('',#19656,#4562);
#2926=LINE('',#19659,#4563);
#2927=LINE('',#19661,#4564);
#2928=LINE('',#19663,#4565);
#2929=LINE('',#19665,#4566);
#2930=LINE('',#19666,#4567);
#2931=LINE('',#19671,#4568);
#2932=LINE('',#19677,#4569);
#2933=LINE('',#19682,#4570);
#2934=LINE('',#19684,#4571);
#2935=LINE('',#19686,#4572);
#2936=LINE('',#19687,#4573);
#2937=LINE('',#19691,#4574);
#2938=LINE('',#19692,#4575);
#2939=LINE('',#19693,#4576);
#2940=LINE('',#19704,#4577);
#2941=LINE('',#19705,#4578);
#2942=LINE('',#19708,#4579);
#2943=LINE('',#19709,#4580);
#2944=LINE('',#19713,#4581);
#2945=LINE('',#19717,#4582);
#2946=LINE('',#19721,#4583);
#2947=LINE('',#19725,#4584);
#2948=LINE('',#19728,#4585);
#2949=LINE('',#19729,#4586);
#2950=LINE('',#19730,#4587);
#2951=LINE('',#19733,#4588);
#2952=LINE('',#19734,#4589);
#2953=LINE('',#19737,#4590);
#2954=LINE('',#19739,#4591);
#2955=LINE('',#19741,#4592);
#2956=LINE('',#19742,#4593);
#2957=LINE('',#19744,#4594);
#2958=LINE('',#19745,#4595);
#2959=LINE('',#19748,#4596);
#2960=LINE('',#19750,#4597);
#2961=LINE('',#19751,#4598);
#2962=LINE('',#19753,#4599);
#2963=LINE('',#19755,#4600);
#2964=LINE('',#19757,#4601);
#2965=LINE('',#19758,#4602);
#2966=LINE('',#19760,#4603);
#2967=LINE('',#19763,#4604);
#2968=LINE('',#19764,#4605);
#2969=LINE('',#19767,#4606);
#2970=LINE('',#19769,#4607);
#2971=LINE('',#19770,#4608);
#2972=LINE('',#19772,#4609);
#2973=LINE('',#19774,#4610);
#2974=LINE('',#19775,#4611);
#2975=LINE('',#19778,#4612);
#2976=LINE('',#19780,#4613);
#2977=LINE('',#19781,#4614);
#2978=LINE('',#19783,#4615);
#2979=LINE('',#19785,#4616);
#2980=LINE('',#19787,#4617);
#2981=LINE('',#19788,#4618);
#2982=LINE('',#19790,#4619);
#2983=LINE('',#19793,#4620);
#2984=LINE('',#19794,#4621);
#2985=LINE('',#19797,#4622);
#2986=LINE('',#19799,#4623);
#2987=LINE('',#19800,#4624);
#2988=LINE('',#19802,#4625);
#2989=LINE('',#19804,#4626);
#2990=LINE('',#19805,#4627);
#2991=LINE('',#19808,#4628);
#2992=LINE('',#19810,#4629);
#2993=LINE('',#19811,#4630);
#2994=LINE('',#19813,#4631);
#2995=LINE('',#19815,#4632);
#2996=LINE('',#19817,#4633);
#2997=LINE('',#19818,#4634);
#2998=LINE('',#19820,#4635);
#2999=LINE('',#19823,#4636);
#3000=LINE('',#19824,#4637);
#3001=LINE('',#19827,#4638);
#3002=LINE('',#19829,#4639);
#3003=LINE('',#19830,#4640);
#3004=LINE('',#19832,#4641);
#3005=LINE('',#19834,#4642);
#3006=LINE('',#19835,#4643);
#3007=LINE('',#19838,#4644);
#3008=LINE('',#19840,#4645);
#3009=LINE('',#19841,#4646);
#3010=LINE('',#19843,#4647);
#3011=LINE('',#19845,#4648);
#3012=LINE('',#19847,#4649);
#3013=LINE('',#19848,#4650);
#3014=LINE('',#19850,#4651);
#3015=LINE('',#19853,#4652);
#3016=LINE('',#19854,#4653);
#3017=LINE('',#19857,#4654);
#3018=LINE('',#19859,#4655);
#3019=LINE('',#19860,#4656);
#3020=LINE('',#19862,#4657);
#3021=LINE('',#19864,#4658);
#3022=LINE('',#19865,#4659);
#3023=LINE('',#19868,#4660);
#3024=LINE('',#19870,#4661);
#3025=LINE('',#19871,#4662);
#3026=LINE('',#19873,#4663);
#3027=LINE('',#19875,#4664);
#3028=LINE('',#19877,#4665);
#3029=LINE('',#19878,#4666);
#3030=LINE('',#19880,#4667);
#3031=LINE('',#19883,#4668);
#3032=LINE('',#19884,#4669);
#3033=LINE('',#19887,#4670);
#3034=LINE('',#19889,#4671);
#3035=LINE('',#19890,#4672);
#3036=LINE('',#19892,#4673);
#3037=LINE('',#19894,#4674);
#3038=LINE('',#19895,#4675);
#3039=LINE('',#19898,#4676);
#3040=LINE('',#19900,#4677);
#3041=LINE('',#19901,#4678);
#3042=LINE('',#19904,#4679);
#3043=LINE('',#19905,#4680);
#3044=LINE('',#19907,#4681);
#3045=LINE('',#19909,#4682);
#3046=LINE('',#19910,#4683);
#3047=LINE('',#19913,#4684);
#3048=LINE('',#19915,#4685);
#3049=LINE('',#19916,#4686);
#3050=LINE('',#19919,#4687);
#3051=LINE('',#19920,#4688);
#3052=LINE('',#19922,#4689);
#3053=LINE('',#19924,#4690);
#3054=LINE('',#19925,#4691);
#3055=LINE('',#19928,#4692);
#3056=LINE('',#19930,#4693);
#3057=LINE('',#19931,#4694);
#3058=LINE('',#19934,#4695);
#3059=LINE('',#19935,#4696);
#3060=LINE('',#19937,#4697);
#3061=LINE('',#19939,#4698);
#3062=LINE('',#19940,#4699);
#3063=LINE('',#19944,#4700);
#3064=LINE('',#19946,#4701);
#3065=LINE('',#19948,#4702);
#3066=LINE('',#19949,#4703);
#3067=LINE('',#19953,#4704);
#3068=LINE('',#19954,#4705);
#3069=LINE('',#19955,#4706);
#3070=LINE('',#19958,#4707);
#3071=LINE('',#19959,#4708);
#3072=LINE('',#19960,#4709);
#3073=LINE('',#19962,#4710);
#3074=LINE('',#19964,#4711);
#3075=LINE('',#19965,#4712);
#3076=LINE('',#19967,#4713);
#3077=LINE('',#19968,#4714);
#3078=LINE('',#19970,#4715);
#3079=LINE('',#19973,#4716);
#3080=LINE('',#19975,#4717);
#3081=LINE('',#19977,#4718);
#3082=LINE('',#19978,#4719);
#3083=LINE('',#19979,#4720);
#3084=LINE('',#19980,#4721);
#3085=LINE('',#19981,#4722);
#3086=LINE('',#19982,#4723);
#3087=LINE('',#19983,#4724);
#3088=LINE('',#19984,#4725);
#3089=LINE('',#19985,#4726);
#3090=LINE('',#19986,#4727);
#3091=LINE('',#19987,#4728);
#3092=LINE('',#19988,#4729);
#3093=LINE('',#19989,#4730);
#3094=LINE('',#19990,#4731);
#3095=LINE('',#19991,#4732);
#3096=LINE('',#19992,#4733);
#3097=LINE('',#19993,#4734);
#3098=LINE('',#19994,#4735);
#3099=LINE('',#19998,#4736);
#3100=LINE('',#20000,#4737);
#3101=LINE('',#20002,#4738);
#3102=LINE('',#20003,#4739);
#3103=LINE('',#20005,#4740);
#3104=LINE('',#20006,#4741);
#3105=LINE('',#20009,#4742);
#3106=LINE('',#20011,#4743);
#3107=LINE('',#20012,#4744);
#3108=LINE('',#20015,#4745);
#3109=LINE('',#20016,#4746);
#3110=LINE('',#20022,#4747);
#3111=LINE('',#20025,#4748);
#3112=LINE('',#20026,#4749);
#3113=LINE('',#20029,#4750);
#3114=LINE('',#20030,#4751);
#3115=LINE('',#20033,#4752);
#3116=LINE('',#20034,#4753);
#3117=LINE('',#20036,#4754);
#3118=LINE('',#20041,#4755);
#3119=LINE('',#20043,#4756);
#3120=LINE('',#20045,#4757);
#3121=LINE('',#20046,#4758);
#3122=LINE('',#20049,#4759);
#3123=LINE('',#20051,#4760);
#3124=LINE('',#20052,#4761);
#3125=LINE('',#20055,#4762);
#3126=LINE('',#20057,#4763);
#3127=LINE('',#20058,#4764);
#3128=LINE('',#20060,#4765);
#3129=LINE('',#20061,#4766);
#3130=LINE('',#20067,#4767);
#3131=LINE('',#20073,#4768);
#3132=LINE('',#20077,#4769);
#3133=LINE('',#20086,#4770);
#3134=LINE('',#20090,#4771);
#3135=LINE('',#20098,#4772);
#3136=LINE('',#20102,#4773);
#3137=LINE('',#20104,#4774);
#3138=LINE('',#20106,#4775);
#3139=LINE('',#20107,#4776);
#3140=LINE('',#20110,#4777);
#3141=LINE('',#20112,#4778);
#3142=LINE('',#20113,#4779);
#3143=LINE('',#20116,#4780);
#3144=LINE('',#20118,#4781);
#3145=LINE('',#20119,#4782);
#3146=LINE('',#20121,#4783);
#3147=LINE('',#20125,#4784);
#3148=LINE('',#20129,#4785);
#3149=LINE('',#20131,#4786);
#3150=LINE('',#20133,#4787);
#3151=LINE('',#20134,#4788);
#3152=LINE('',#20137,#4789);
#3153=LINE('',#20139,#4790);
#3154=LINE('',#20140,#4791);
#3155=LINE('',#20143,#4792);
#3156=LINE('',#20144,#4793);
#3157=LINE('',#20147,#4794);
#3158=LINE('',#20149,#4795);
#3159=LINE('',#20151,#4796);
#3160=LINE('',#20153,#4797);
#3161=LINE('',#20155,#4798);
#3162=LINE('',#20157,#4799);
#3163=LINE('',#20159,#4800);
#3164=LINE('',#20160,#4801);
#3165=LINE('',#20161,#4802);
#3166=LINE('',#20166,#4803);
#3167=LINE('',#20170,#4804);
#3168=LINE('',#20174,#4805);
#3169=LINE('',#20178,#4806);
#3170=LINE('',#20190,#4807);
#3171=LINE('',#20191,#4808);
#3172=LINE('',#20194,#4809);
#3173=LINE('',#20195,#4810);
#3174=LINE('',#20199,#4811);
#3175=LINE('',#20202,#4812);
#3176=LINE('',#20203,#4813);
#3177=LINE('',#20207,#4814);
#3178=LINE('',#20210,#4815);
#3179=LINE('',#20211,#4816);
#3180=LINE('',#20215,#4817);
#3181=LINE('',#20217,#4818);
#3182=LINE('',#20221,#4819);
#3183=LINE('',#20225,#4820);
#3184=LINE('',#20229,#4821);
#3185=LINE('',#20233,#4822);
#3186=LINE('',#20237,#4823);
#3187=LINE('',#20238,#4824);
#3188=LINE('',#20240,#4825);
#3189=LINE('',#20242,#4826);
#3190=LINE('',#20243,#4827);
#3191=LINE('',#20244,#4828);
#3192=LINE('',#20255,#4829);
#3193=LINE('',#20257,#4830);
#3194=LINE('',#20258,#4831);
#3195=LINE('',#20260,#4832);
#3196=LINE('',#20263,#4833);
#3197=LINE('',#20265,#4834);
#3198=LINE('',#20267,#4835);
#3199=LINE('',#20268,#4836);
#3200=LINE('',#20271,#4837);
#3201=LINE('',#20275,#4838);
#3202=LINE('',#20279,#4839);
#3203=LINE('',#20283,#4840);
#3204=LINE('',#20286,#4841);
#3205=LINE('',#20290,#4842);
#3206=LINE('',#20292,#4843);
#3207=LINE('',#20293,#4844);
#3208=LINE('',#20295,#4845);
#3209=LINE('',#20298,#4846);
#3210=LINE('',#20299,#4847);
#3211=LINE('',#20301,#4848);
#3212=LINE('',#20306,#4849);
#3213=LINE('',#20308,#4850);
#3214=LINE('',#20310,#4851);
#3215=LINE('',#20311,#4852);
#3216=LINE('',#20314,#4853);
#3217=LINE('',#20316,#4854);
#3218=LINE('',#20317,#4855);
#3219=LINE('',#20320,#4856);
#3220=LINE('',#20322,#4857);
#3221=LINE('',#20323,#4858);
#3222=LINE('',#20325,#4859);
#3223=LINE('',#20326,#4860);
#3224=LINE('',#20332,#4861);
#3225=LINE('',#20338,#4862);
#3226=LINE('',#20344,#4863);
#3227=LINE('',#20348,#4864);
#3228=LINE('',#20357,#4865);
#3229=LINE('',#20361,#4866);
#3230=LINE('',#20370,#4867);
#3231=LINE('',#20374,#4868);
#3232=LINE('',#20382,#4869);
#3233=LINE('',#20386,#4870);
#3234=LINE('',#20388,#4871);
#3235=LINE('',#20390,#4872);
#3236=LINE('',#20391,#4873);
#3237=LINE('',#20394,#4874);
#3238=LINE('',#20396,#4875);
#3239=LINE('',#20397,#4876);
#3240=LINE('',#20400,#4877);
#3241=LINE('',#20401,#4878);
#3242=LINE('',#20405,#4879);
#3243=LINE('',#20409,#4880);
#3244=LINE('',#20411,#4881);
#3245=LINE('',#20413,#4882);
#3246=LINE('',#20414,#4883);
#3247=LINE('',#20417,#4884);
#3248=LINE('',#20419,#4885);
#3249=LINE('',#20420,#4886);
#3250=LINE('',#20423,#4887);
#3251=LINE('',#20425,#4888);
#3252=LINE('',#20426,#4889);
#3253=LINE('',#20428,#4890);
#3254=LINE('',#20432,#4891);
#3255=LINE('',#20436,#4892);
#3256=LINE('',#20438,#4893);
#3257=LINE('',#20440,#4894);
#3258=LINE('',#20441,#4895);
#3259=LINE('',#20444,#4896);
#3260=LINE('',#20446,#4897);
#3261=LINE('',#20447,#4898);
#3262=LINE('',#20450,#4899);
#3263=LINE('',#20452,#4900);
#3264=LINE('',#20453,#4901);
#3265=LINE('',#20455,#4902);
#3266=LINE('',#20460,#4903);
#3267=LINE('',#20465,#4904);
#3268=LINE('',#20467,#4905);
#3269=LINE('',#20469,#4906);
#3270=LINE('',#20471,#4907);
#3271=LINE('',#20473,#4908);
#3272=LINE('',#20474,#4909);
#3273=LINE('',#20476,#4910);
#3274=LINE('',#20477,#4911);
#3275=LINE('',#20479,#4912);
#3276=LINE('',#20480,#4913);
#3277=LINE('',#20483,#4914);
#3278=LINE('',#20484,#4915);
#3279=LINE('',#20487,#4916);
#3280=LINE('',#20488,#4917);
#3281=LINE('',#20492,#4918);
#3282=LINE('',#20494,#4919);
#3283=LINE('',#20496,#4920);
#3284=LINE('',#20497,#4921);
#3285=LINE('',#20501,#4922);
#3286=LINE('',#20502,#4923);
#3287=LINE('',#20503,#4924);
#3288=LINE('',#20514,#4925);
#3289=LINE('',#20515,#4926);
#3290=LINE('',#20518,#4927);
#3291=LINE('',#20522,#4928);
#3292=LINE('',#20526,#4929);
#3293=LINE('',#20530,#4930);
#3294=LINE('',#20534,#4931);
#3295=LINE('',#20535,#4932);
#3296=LINE('',#20538,#4933);
#3297=LINE('',#20539,#4934);
#3298=LINE('',#20540,#4935);
#3299=LINE('',#20543,#4936);
#3300=LINE('',#20544,#4937);
#3301=LINE('',#20545,#4938);
#3302=LINE('',#20547,#4939);
#3303=LINE('',#20554,#4940);
#3304=LINE('',#20557,#4941);
#3305=LINE('',#20560,#4942);
#3306=LINE('',#20562,#4943);
#3307=LINE('',#20563,#4944);
#3308=LINE('',#20566,#4945);
#3309=LINE('',#20568,#4946);
#3310=LINE('',#20570,#4947);
#3311=LINE('',#20571,#4948);
#3312=LINE('',#20574,#4949);
#3313=LINE('',#20576,#4950);
#3314=LINE('',#20578,#4951);
#3315=LINE('',#20579,#4952);
#3316=LINE('',#20582,#4953);
#3317=LINE('',#20584,#4954);
#3318=LINE('',#20586,#4955);
#3319=LINE('',#20587,#4956);
#3320=LINE('',#20590,#4957);
#3321=LINE('',#20592,#4958);
#3322=LINE('',#20594,#4959);
#3323=LINE('',#20595,#4960);
#3324=LINE('',#20598,#4961);
#3325=LINE('',#20600,#4962);
#3326=LINE('',#20602,#4963);
#3327=LINE('',#20603,#4964);
#3328=LINE('',#20606,#4965);
#3329=LINE('',#20608,#4966);
#3330=LINE('',#20610,#4967);
#3331=LINE('',#20611,#4968);
#3332=LINE('',#20614,#4969);
#3333=LINE('',#20616,#4970);
#3334=LINE('',#20618,#4971);
#3335=LINE('',#20619,#4972);
#3336=LINE('',#20622,#4973);
#3337=LINE('',#20624,#4974);
#3338=LINE('',#20626,#4975);
#3339=LINE('',#20627,#4976);
#3340=LINE('',#20630,#4977);
#3341=LINE('',#20632,#4978);
#3342=LINE('',#20634,#4979);
#3343=LINE('',#20636,#4980);
#3344=LINE('',#20638,#4981);
#3345=LINE('',#20640,#4982);
#3346=LINE('',#20642,#4983);
#3347=LINE('',#20644,#4984);
#3348=LINE('',#20646,#4985);
#3349=LINE('',#20648,#4986);
#3350=LINE('',#20650,#4987);
#3351=LINE('',#20652,#4988);
#3352=LINE('',#20653,#4989);
#3353=LINE('',#20672,#4990);
#3354=LINE('',#20678,#4991);
#3355=LINE('',#20684,#4992);
#3356=LINE('',#20689,#4993);
#3357=LINE('',#20691,#4994);
#3358=LINE('',#20693,#4995);
#3359=LINE('',#20694,#4996);
#3360=LINE('',#20697,#4997);
#3361=LINE('',#20699,#4998);
#3362=LINE('',#20700,#4999);
#3363=LINE('',#20703,#5000);
#3364=LINE('',#20704,#5001);
#3365=LINE('',#20707,#5002);
#3366=LINE('',#20708,#5003);
#3367=LINE('',#20711,#5004);
#3368=LINE('',#20713,#5005);
#3369=LINE('',#20715,#5006);
#3370=LINE('',#20717,#5007);
#3371=LINE('',#20719,#5008);
#3372=LINE('',#20721,#5009);
#3373=LINE('',#20722,#5010);
#3374=LINE('',#20724,#5011);
#3375=LINE('',#20726,#5012);
#3376=LINE('',#20727,#5013);
#3377=LINE('',#20729,#5014);
#3378=LINE('',#20731,#5015);
#3379=LINE('',#20732,#5016);
#3380=LINE('',#20735,#5017);
#3381=LINE('',#20737,#5018);
#3382=LINE('',#20739,#5019);
#3383=LINE('',#20740,#5020);
#3384=LINE('',#20743,#5021);
#3385=LINE('',#20745,#5022);
#3386=LINE('',#20747,#5023);
#3387=LINE('',#20748,#5024);
#3388=LINE('',#20751,#5025);
#3389=LINE('',#20753,#5026);
#3390=LINE('',#20755,#5027);
#3391=LINE('',#20756,#5028);
#3392=LINE('',#20759,#5029);
#3393=LINE('',#20761,#5030);
#3394=LINE('',#20763,#5031);
#3395=LINE('',#20764,#5032);
#3396=LINE('',#20767,#5033);
#3397=LINE('',#20769,#5034);
#3398=LINE('',#20771,#5035);
#3399=LINE('',#20772,#5036);
#3400=LINE('',#20775,#5037);
#3401=LINE('',#20777,#5038);
#3402=LINE('',#20779,#5039);
#3403=LINE('',#20780,#5040);
#3404=LINE('',#20783,#5041);
#3405=LINE('',#20785,#5042);
#3406=LINE('',#20787,#5043);
#3407=LINE('',#20788,#5044);
#3408=LINE('',#20791,#5045);
#3409=LINE('',#20793,#5046);
#3410=LINE('',#20795,#5047);
#3411=LINE('',#20796,#5048);
#3412=LINE('',#20799,#5049);
#3413=LINE('',#20801,#5050);
#3414=LINE('',#20803,#5051);
#3415=LINE('',#20804,#5052);
#3416=LINE('',#20809,#5053);
#3417=LINE('',#20813,#5054);
#3418=LINE('',#20815,#5055);
#3419=LINE('',#20816,#5056);
#3420=LINE('',#20819,#5057);
#3421=LINE('',#20821,#5058);
#3422=LINE('',#20822,#5059);
#3423=LINE('',#20824,#5060);
#3424=LINE('',#20825,#5061);
#3425=LINE('',#20830,#5062);
#3426=LINE('',#20831,#5063);
#3427=LINE('',#20834,#5064);
#3428=LINE('',#20835,#5065);
#3429=LINE('',#20838,#5066);
#3430=LINE('',#20839,#5067);
#3431=LINE('',#20842,#5068);
#3432=LINE('',#20843,#5069);
#3433=LINE('',#20845,#5070);
#3434=LINE('',#20847,#5071);
#3435=LINE('',#20848,#5072);
#3436=LINE('',#20851,#5073);
#3437=LINE('',#20852,#5074);
#3438=LINE('',#20856,#5075);
#3439=LINE('',#20860,#5076);
#3440=LINE('',#20864,#5077);
#3441=LINE('',#20868,#5078);
#3442=LINE('',#20871,#5079);
#3443=LINE('',#20872,#5080);
#3444=LINE('',#20875,#5081);
#3445=LINE('',#20876,#5082);
#3446=LINE('',#20878,#5083);
#3447=LINE('',#20883,#5084);
#3448=LINE('',#20887,#5085);
#3449=LINE('',#20891,#5086);
#3450=LINE('',#20894,#5087);
#3451=LINE('',#20895,#5088);
#3452=LINE('',#20897,#5089);
#3453=LINE('',#20899,#5090);
#3454=LINE('',#20902,#5091);
#3455=LINE('',#20903,#5092);
#3456=LINE('',#20905,#5093);
#3457=LINE('',#20907,#5094);
#3458=LINE('',#20910,#5095);
#3459=LINE('',#20911,#5096);
#3460=LINE('',#20913,#5097);
#3461=LINE('',#20915,#5098);
#3462=LINE('',#20918,#5099);
#3463=LINE('',#20919,#5100);
#3464=LINE('',#20921,#5101);
#3465=LINE('',#20923,#5102);
#3466=LINE('',#20926,#5103);
#3467=LINE('',#20927,#5104);
#3468=LINE('',#20929,#5105);
#3469=LINE('',#20931,#5106);
#3470=LINE('',#20934,#5107);
#3471=LINE('',#20935,#5108);
#3472=LINE('',#20937,#5109);
#3473=LINE('',#20939,#5110);
#3474=LINE('',#20942,#5111);
#3475=LINE('',#20943,#5112);
#3476=LINE('',#20945,#5113);
#3477=LINE('',#20947,#5114);
#3478=LINE('',#20950,#5115);
#3479=LINE('',#20951,#5116);
#3480=LINE('',#20953,#5117);
#3481=LINE('',#20955,#5118);
#3482=LINE('',#20958,#5119);
#3483=LINE('',#20960,#5120);
#3484=LINE('',#20964,#5121);
#3485=LINE('',#20966,#5122);
#3486=LINE('',#20968,#5123);
#3487=LINE('',#20969,#5124);
#3488=LINE('',#20971,#5125);
#3489=LINE('',#20972,#5126);
#3490=LINE('',#20974,#5127);
#3491=LINE('',#20984,#5128);
#3492=LINE('',#20987,#5129);
#3493=LINE('',#20991,#5130);
#3494=LINE('',#20995,#5131);
#3495=LINE('',#20999,#5132);
#3496=LINE('',#21007,#5133);
#3497=LINE('',#21010,#5134);
#3498=LINE('',#21013,#5135);
#3499=LINE('',#21015,#5136);
#3500=LINE('',#21017,#5137);
#3501=LINE('',#21019,#5138);
#3502=LINE('',#21021,#5139);
#3503=LINE('',#21022,#5140);
#3504=LINE('',#21025,#5141);
#3505=LINE('',#21027,#5142);
#3506=LINE('',#21029,#5143);
#3507=LINE('',#21031,#5144);
#3508=LINE('',#21033,#5145);
#3509=LINE('',#21035,#5146);
#3510=LINE('',#21037,#5147);
#3511=LINE('',#21039,#5148);
#3512=LINE('',#21041,#5149);
#3513=LINE('',#21043,#5150);
#3514=LINE('',#21045,#5151);
#3515=LINE('',#21047,#5152);
#3516=LINE('',#21049,#5153);
#3517=LINE('',#21051,#5154);
#3518=LINE('',#21053,#5155);
#3519=LINE('',#21055,#5156);
#3520=LINE('',#21057,#5157);
#3521=LINE('',#21059,#5158);
#3522=LINE('',#21061,#5159);
#3523=LINE('',#21063,#5160);
#3524=LINE('',#21065,#5161);
#3525=LINE('',#21067,#5162);
#3526=LINE('',#21069,#5163);
#3527=LINE('',#21071,#5164);
#3528=LINE('',#21073,#5165);
#3529=LINE('',#21075,#5166);
#3530=LINE('',#21077,#5167);
#3531=LINE('',#21079,#5168);
#3532=LINE('',#21081,#5169);
#3533=LINE('',#21083,#5170);
#3534=LINE('',#21085,#5171);
#3535=LINE('',#21087,#5172);
#3536=LINE('',#21089,#5173);
#3537=LINE('',#21090,#5174);
#3538=LINE('',#21099,#5175);
#3539=LINE('',#21103,#5176);
#3540=LINE('',#21105,#5177);
#3541=LINE('',#21107,#5178);
#3542=LINE('',#21109,#5179);
#3543=LINE('',#21110,#5180);
#3544=LINE('',#21113,#5181);
#3545=LINE('',#21115,#5182);
#3546=LINE('',#21117,#5183);
#3547=LINE('',#21119,#5184);
#3548=LINE('',#21121,#5185);
#3549=LINE('',#21123,#5186);
#3550=LINE('',#21125,#5187);
#3551=LINE('',#21127,#5188);
#3552=LINE('',#21129,#5189);
#3553=LINE('',#21131,#5190);
#3554=LINE('',#21133,#5191);
#3555=LINE('',#21135,#5192);
#3556=LINE('',#21137,#5193);
#3557=LINE('',#21139,#5194);
#3558=LINE('',#21141,#5195);
#3559=LINE('',#21143,#5196);
#3560=LINE('',#21145,#5197);
#3561=LINE('',#21147,#5198);
#3562=LINE('',#21149,#5199);
#3563=LINE('',#21151,#5200);
#3564=LINE('',#21153,#5201);
#3565=LINE('',#21155,#5202);
#3566=LINE('',#21157,#5203);
#3567=LINE('',#21159,#5204);
#3568=LINE('',#21161,#5205);
#3569=LINE('',#21163,#5206);
#3570=LINE('',#21165,#5207);
#3571=LINE('',#21167,#5208);
#3572=LINE('',#21168,#5209);
#3573=LINE('',#21170,#5210);
#3574=LINE('',#21172,#5211);
#3575=LINE('',#21173,#5212);
#3576=LINE('',#21179,#5213);
#3577=LINE('',#21181,#5214);
#3578=LINE('',#21183,#5215);
#3579=LINE('',#21184,#5216);
#3580=LINE('',#21190,#5217);
#3581=LINE('',#21192,#5218);
#3582=LINE('',#21194,#5219);
#3583=LINE('',#21195,#5220);
#3584=LINE('',#21201,#5221);
#3585=LINE('',#21203,#5222);
#3586=LINE('',#21205,#5223);
#3587=LINE('',#21206,#5224);
#3588=LINE('',#21212,#5225);
#3589=LINE('',#21214,#5226);
#3590=LINE('',#21216,#5227);
#3591=LINE('',#21217,#5228);
#3592=LINE('',#21223,#5229);
#3593=LINE('',#21225,#5230);
#3594=LINE('',#21227,#5231);
#3595=LINE('',#21228,#5232);
#3596=LINE('',#21234,#5233);
#3597=LINE('',#21236,#5234);
#3598=LINE('',#21238,#5235);
#3599=LINE('',#21239,#5236);
#3600=LINE('',#21245,#5237);
#3601=LINE('',#21247,#5238);
#3602=LINE('',#21249,#5239);
#3603=LINE('',#21251,#5240);
#3604=LINE('',#21253,#5241);
#3605=LINE('',#21255,#5242);
#3606=LINE('',#21257,#5243);
#3607=LINE('',#21258,#5244);
#3608=LINE('',#21264,#5245);
#3609=LINE('',#21268,#5246);
#3610=LINE('',#21273,#5247);
#3611=LINE('',#21278,#5248);
#3612=LINE('',#21280,#5249);
#3613=LINE('',#21282,#5250);
#3614=LINE('',#21283,#5251);
#3615=LINE('',#21287,#5252);
#3616=LINE('',#21289,#5253);
#3617=LINE('',#21291,#5254);
#3618=LINE('',#21292,#5255);
#3619=LINE('',#21294,#5256);
#3620=LINE('',#21295,#5257);
#3621=LINE('',#21297,#5258);
#3622=LINE('',#21299,#5259);
#3623=LINE('',#21304,#5260);
#3624=LINE('',#21309,#5261);
#3625=LINE('',#21311,#5262);
#3626=LINE('',#21313,#5263);
#3627=LINE('',#21314,#5264);
#3628=LINE('',#21317,#5265);
#3629=LINE('',#21319,#5266);
#3630=LINE('',#21320,#5267);
#3631=LINE('',#21323,#5268);
#3632=LINE('',#21324,#5269);
#3633=LINE('',#21327,#5270);
#3634=LINE('',#21328,#5271);
#3635=LINE('',#21331,#5272);
#3636=LINE('',#21333,#5273);
#3637=LINE('',#21335,#5274);
#3638=LINE('',#21337,#5275);
#3639=LINE('',#21338,#5276);
#3640=LINE('',#21339,#5277);
#3641=LINE('',#21341,#5278);
#3642=LINE('',#21343,#5279);
#3643=LINE('',#21345,#5280);
#3644=LINE('',#21347,#5281);
#3645=LINE('',#21348,#5282);
#3646=LINE('',#21350,#5283);
#3647=LINE('',#21352,#5284);
#3648=LINE('',#21353,#5285);
#3649=LINE('',#21355,#5286);
#3650=LINE('',#21357,#5287);
#3651=LINE('',#21358,#5288);
#3652=LINE('',#21359,#5289);
#3653=LINE('',#21361,#5290);
#3654=LINE('',#21363,#5291);
#3655=LINE('',#21364,#5292);
#3656=LINE('',#21366,#5293);
#3657=LINE('',#21368,#5294);
#3658=LINE('',#21370,#5295);
#3659=LINE('',#21372,#5296);
#3660=LINE('',#21374,#5297);
#3661=LINE('',#21376,#5298);
#3662=LINE('',#21377,#5299);
#3663=LINE('',#21379,#5300);
#3664=LINE('',#21381,#5301);
#3665=LINE('',#21383,#5302);
#3666=LINE('',#21385,#5303);
#3667=LINE('',#21386,#5304);
#3668=LINE('',#21387,#5305);
#3669=LINE('',#21390,#5306);
#3670=LINE('',#21392,#5307);
#3671=LINE('',#21393,#5308);
#3672=LINE('',#21396,#5309);
#3673=LINE('',#21397,#5310);
#3674=LINE('',#21399,#5311);
#3675=LINE('',#21402,#5312);
#3676=LINE('',#21404,#5313);
#3677=LINE('',#21405,#5314);
#3678=LINE('',#21417,#5315);
#3679=LINE('',#21420,#5316);
#3680=LINE('',#21421,#5317);
#3681=LINE('',#21423,#5318);
#3682=LINE('',#21426,#5319);
#3683=LINE('',#21427,#5320);
#3684=LINE('',#21428,#5321);
#3685=LINE('',#21430,#5322);
#3686=LINE('',#21432,#5323);
#3687=LINE('',#21433,#5324);
#3688=LINE('',#21436,#5325);
#3689=LINE('',#21438,#5326);
#3690=LINE('',#21440,#5327);
#3691=LINE('',#21442,#5328);
#3692=LINE('',#21443,#5329);
#3693=LINE('',#21445,#5330);
#3694=LINE('',#21446,#5331);
#3695=LINE('',#21447,#5332);
#3696=LINE('',#21449,#5333);
#3697=LINE('',#21450,#5334);
#3698=LINE('',#21452,#5335);
#3699=LINE('',#21453,#5336);
#3700=LINE('',#21455,#5337);
#3701=LINE('',#21457,#5338);
#3702=LINE('',#21458,#5339);
#3703=LINE('',#21459,#5340);
#3704=LINE('',#21463,#5341);
#3705=LINE('',#21464,#5342);
#3706=LINE('',#21466,#5343);
#3707=LINE('',#21467,#5344);
#3708=LINE('',#21471,#5345);
#3709=LINE('',#21472,#5346);
#3710=LINE('',#21476,#5347);
#3711=LINE('',#21477,#5348);
#3712=LINE('',#21483,#5349);
#3713=LINE('',#21484,#5350);
#3714=LINE('',#21488,#5351);
#3715=LINE('',#21489,#5352);
#3716=LINE('',#21491,#5353);
#3717=LINE('',#21492,#5354);
#3718=LINE('',#21497,#5355);
#3719=LINE('',#21498,#5356);
#3720=LINE('',#21501,#5357);
#3721=LINE('',#21502,#5358);
#3722=LINE('',#21504,#5359);
#3723=LINE('',#21507,#5360);
#3724=LINE('',#21511,#5361);
#3725=LINE('',#21515,#5362);
#3726=LINE('',#21519,#5363);
#3727=LINE('',#21526,#5364);
#3728=LINE('',#21530,#5365);
#3729=LINE('',#21534,#5366);
#3730=LINE('',#21536,#5367);
#3731=LINE('',#21538,#5368);
#3732=LINE('',#21540,#5369);
#3733=LINE('',#21541,#5370);
#3734=LINE('',#21544,#5371);
#3735=LINE('',#21545,#5372);
#3736=LINE('',#21548,#5373);
#3737=LINE('',#21549,#5374);
#3738=LINE('',#21552,#5375);
#3739=LINE('',#21554,#5376);
#3740=LINE('',#21555,#5377);
#3741=LINE('',#21557,#5378);
#3742=LINE('',#21558,#5379);
#3743=VECTOR('',#14372,10.);
#3744=VECTOR('',#14373,10.);
#3745=VECTOR('',#14374,10.);
#3746=VECTOR('',#14375,10.);
#3747=VECTOR('',#14388,10.);
#3748=VECTOR('',#14389,10.);
#3749=VECTOR('',#14390,10.);
#3750=VECTOR('',#14391,10.);
#3751=VECTOR('',#14394,10.);
#3752=VECTOR('',#14395,10.);
#3753=VECTOR('',#14396,10.);
#3754=VECTOR('',#14399,10.);
#3755=VECTOR('',#14400,10.);
#3756=VECTOR('',#14401,10.);
#3757=VECTOR('',#14404,10.);
#3758=VECTOR('',#14405,10.);
#3759=VECTOR('',#14410,10.);
#3760=VECTOR('',#14411,10.);
#3761=VECTOR('',#14412,10.);
#3762=VECTOR('',#14413,10.);
#3763=VECTOR('',#14422,10.);
#3764=VECTOR('',#14423,10.);
#3765=VECTOR('',#14424,10.);
#3766=VECTOR('',#14425,10.);
#3767=VECTOR('',#14426,10.);
#3768=VECTOR('',#14427,10.);
#3769=VECTOR('',#14438,10.);
#3770=VECTOR('',#14441,10.);
#3771=VECTOR('',#14444,10.);
#3772=VECTOR('',#14445,10.);
#3773=VECTOR('',#14446,10.);
#3774=VECTOR('',#14453,10.);
#3775=VECTOR('',#14458,10.);
#3776=VECTOR('',#14461,10.);
#3777=VECTOR('',#14464,10.);
#3778=VECTOR('',#14465,10.);
#3779=VECTOR('',#14466,10.);
#3780=VECTOR('',#14469,10.);
#3781=VECTOR('',#14470,10.);
#3782=VECTOR('',#14471,10.);
#3783=VECTOR('',#14472,10.);
#3784=VECTOR('',#14473,10.);
#3785=VECTOR('',#14476,10.);
#3786=VECTOR('',#14477,10.);
#3787=VECTOR('',#14478,10.);
#3788=VECTOR('',#14481,10.);
#3789=VECTOR('',#14482,10.);
#3790=VECTOR('',#14483,10.);
#3791=VECTOR('',#14486,10.);
#3792=VECTOR('',#14487,10.);
#3793=VECTOR('',#14490,10.);
#3794=VECTOR('',#14491,10.);
#3795=VECTOR('',#14494,10.);
#3796=VECTOR('',#14495,10.);
#3797=VECTOR('',#14496,10.);
#3798=VECTOR('',#14497,10.);
#3799=VECTOR('',#14498,10.);
#3800=VECTOR('',#14499,10.);
#3801=VECTOR('',#14502,10.);
#3802=VECTOR('',#14503,10.);
#3803=VECTOR('',#14504,10.);
#3804=VECTOR('',#14515,10.);
#3805=VECTOR('',#14516,10.);
#3806=VECTOR('',#14519,10.);
#3807=VECTOR('',#14522,1.64999999999999);
#3808=VECTOR('',#14527,1.65);
#3809=VECTOR('',#14532,2.55);
#3810=VECTOR('',#14537,2.55);
#3811=VECTOR('',#14542,10.);
#3812=VECTOR('',#14543,10.);
#3813=VECTOR('',#14544,10.);
#3814=VECTOR('',#14545,10.);
#3815=VECTOR('',#14546,10.);
#3816=VECTOR('',#14547,10.);
#3817=VECTOR('',#14550,10.);
#3818=VECTOR('',#14551,10.);
#3819=VECTOR('',#14552,10.);
#3820=VECTOR('',#14555,10.);
#3821=VECTOR('',#14556,10.);
#3822=VECTOR('',#14557,10.);
#3823=VECTOR('',#14560,10.);
#3824=VECTOR('',#14561,10.);
#3825=VECTOR('',#14562,10.);
#3826=VECTOR('',#14565,10.);
#3827=VECTOR('',#14570,10.);
#3828=VECTOR('',#14573,10.);
#3829=VECTOR('',#14574,10.);
#3830=VECTOR('',#14575,10.);
#3831=VECTOR('',#14576,10.);
#3832=VECTOR('',#14579,10.);
#3833=VECTOR('',#14580,10.);
#3834=VECTOR('',#14581,10.);
#3835=VECTOR('',#14584,10.);
#3836=VECTOR('',#14585,10.);
#3837=VECTOR('',#14586,10.);
#3838=VECTOR('',#14587,10.);
#3839=VECTOR('',#14588,10.);
#3840=VECTOR('',#14591,10.);
#3841=VECTOR('',#14592,10.);
#3842=VECTOR('',#14593,10.);
#3843=VECTOR('',#14596,10.);
#3844=VECTOR('',#14599,10.);
#3845=VECTOR('',#14600,10.);
#3846=VECTOR('',#14603,10.);
#3847=VECTOR('',#14604,10.);
#3848=VECTOR('',#14607,10.);
#3849=VECTOR('',#14608,10.);
#3850=VECTOR('',#14611,10.);
#3851=VECTOR('',#14614,10.);
#3852=VECTOR('',#14615,10.);
#3853=VECTOR('',#14618,10.);
#3854=VECTOR('',#14619,10.);
#3855=VECTOR('',#14622,10.);
#3856=VECTOR('',#14633,10.);
#3857=VECTOR('',#14636,2.2);
#3858=VECTOR('',#14639,2.2);
#3859=VECTOR('',#14642,2.2);
#3860=VECTOR('',#14651,10.);
#3861=VECTOR('',#14654,10.);
#3862=VECTOR('',#14657,10.);
#3863=VECTOR('',#14658,10.);
#3864=VECTOR('',#14659,10.);
#3865=VECTOR('',#14660,10.);
#3866=VECTOR('',#14661,10.);
#3867=VECTOR('',#14662,10.);
#3868=VECTOR('',#14665,10.);
#3869=VECTOR('',#14666,10.);
#3870=VECTOR('',#14667,10.);
#3871=VECTOR('',#14668,10.);
#3872=VECTOR('',#14669,10.);
#3873=VECTOR('',#14670,10.);
#3874=VECTOR('',#14671,10.);
#3875=VECTOR('',#14672,10.);
#3876=VECTOR('',#14673,10.);
#3877=VECTOR('',#14674,10.);
#3878=VECTOR('',#14675,10.);
#3879=VECTOR('',#14676,10.);
#3880=VECTOR('',#14677,10.);
#3881=VECTOR('',#14678,10.);
#3882=VECTOR('',#14679,10.);
#3883=VECTOR('',#14680,10.);
#3884=VECTOR('',#14681,10.);
#3885=VECTOR('',#14682,10.);
#3886=VECTOR('',#14683,10.);
#3887=VECTOR('',#14684,10.);
#3888=VECTOR('',#14685,10.);
#3889=VECTOR('',#14686,10.);
#3890=VECTOR('',#14687,10.);
#3891=VECTOR('',#14688,10.);
#3892=VECTOR('',#14689,10.);
#3893=VECTOR('',#14690,10.);
#3894=VECTOR('',#14691,10.);
#3895=VECTOR('',#14692,10.);
#3896=VECTOR('',#14693,10.);
#3897=VECTOR('',#14694,10.);
#3898=VECTOR('',#14695,10.);
#3899=VECTOR('',#14696,10.);
#3900=VECTOR('',#14697,10.);
#3901=VECTOR('',#14698,10.);
#3902=VECTOR('',#14699,10.);
#3903=VECTOR('',#14700,10.);
#3904=VECTOR('',#14701,10.);
#3905=VECTOR('',#14702,10.);
#3906=VECTOR('',#14703,10.);
#3907=VECTOR('',#14704,10.);
#3908=VECTOR('',#14705,10.);
#3909=VECTOR('',#14706,10.);
#3910=VECTOR('',#14707,10.);
#3911=VECTOR('',#14708,10.);
#3912=VECTOR('',#14709,10.);
#3913=VECTOR('',#14710,10.);
#3914=VECTOR('',#14711,10.);
#3915=VECTOR('',#14712,10.);
#3916=VECTOR('',#14713,10.);
#3917=VECTOR('',#14714,10.);
#3918=VECTOR('',#14715,10.);
#3919=VECTOR('',#14716,10.);
#3920=VECTOR('',#14717,10.);
#3921=VECTOR('',#14718,10.);
#3922=VECTOR('',#14719,10.);
#3923=VECTOR('',#14720,10.);
#3924=VECTOR('',#14721,10.);
#3925=VECTOR('',#14722,10.);
#3926=VECTOR('',#14723,10.);
#3927=VECTOR('',#14724,10.);
#3928=VECTOR('',#14725,10.);
#3929=VECTOR('',#14726,10.);
#3930=VECTOR('',#14727,10.);
#3931=VECTOR('',#14728,10.);
#3932=VECTOR('',#14729,10.);
#3933=VECTOR('',#14730,10.);
#3934=VECTOR('',#14731,10.);
#3935=VECTOR('',#14732,10.);
#3936=VECTOR('',#14733,10.);
#3937=VECTOR('',#14734,10.);
#3938=VECTOR('',#14735,10.);
#3939=VECTOR('',#14736,10.);
#3940=VECTOR('',#14737,10.);
#3941=VECTOR('',#14738,10.);
#3942=VECTOR('',#14739,10.);
#3943=VECTOR('',#14740,10.);
#3944=VECTOR('',#14741,10.);
#3945=VECTOR('',#14742,10.);
#3946=VECTOR('',#14743,10.);
#3947=VECTOR('',#14744,10.);
#3948=VECTOR('',#14745,10.);
#3949=VECTOR('',#14746,10.);
#3950=VECTOR('',#14747,10.);
#3951=VECTOR('',#14748,10.);
#3952=VECTOR('',#14749,10.);
#3953=VECTOR('',#14750,10.);
#3954=VECTOR('',#14751,10.);
#3955=VECTOR('',#14752,10.);
#3956=VECTOR('',#14753,10.);
#3957=VECTOR('',#14754,10.);
#3958=VECTOR('',#14755,10.);
#3959=VECTOR('',#14756,10.);
#3960=VECTOR('',#14757,10.);
#3961=VECTOR('',#14758,10.);
#3962=VECTOR('',#14759,10.);
#3963=VECTOR('',#14760,10.);
#3964=VECTOR('',#14761,10.);
#3965=VECTOR('',#14762,10.);
#3966=VECTOR('',#14763,10.);
#3967=VECTOR('',#14764,10.);
#3968=VECTOR('',#14765,10.);
#3969=VECTOR('',#14766,10.);
#3970=VECTOR('',#14767,10.);
#3971=VECTOR('',#14768,10.);
#3972=VECTOR('',#14769,10.);
#3973=VECTOR('',#14770,10.);
#3974=VECTOR('',#14771,10.);
#3975=VECTOR('',#14772,10.);
#3976=VECTOR('',#14773,10.);
#3977=VECTOR('',#14774,10.);
#3978=VECTOR('',#14779,10.);
#3979=VECTOR('',#14784,10.);
#3980=VECTOR('',#14785,10.);
#3981=VECTOR('',#14786,10.);
#3982=VECTOR('',#14787,10.);
#3983=VECTOR('',#14788,10.);
#3984=VECTOR('',#14793,10.);
#3985=VECTOR('',#14798,10.);
#3986=VECTOR('',#14799,10.);
#3987=VECTOR('',#14800,10.);
#3988=VECTOR('',#14801,10.);
#3989=VECTOR('',#14802,10.);
#3990=VECTOR('',#14807,10.);
#3991=VECTOR('',#14812,10.);
#3992=VECTOR('',#14813,10.);
#3993=VECTOR('',#14814,10.);
#3994=VECTOR('',#14815,10.);
#3995=VECTOR('',#14816,10.);
#3996=VECTOR('',#14821,10.);
#3997=VECTOR('',#14826,10.);
#3998=VECTOR('',#14827,10.);
#3999=VECTOR('',#14828,10.);
#4000=VECTOR('',#14829,10.);
#4001=VECTOR('',#14830,10.);
#4002=VECTOR('',#14835,10.);
#4003=VECTOR('',#14840,10.);
#4004=VECTOR('',#14841,10.);
#4005=VECTOR('',#14842,10.);
#4006=VECTOR('',#14843,10.);
#4007=VECTOR('',#14844,10.);
#4008=VECTOR('',#14849,10.);
#4009=VECTOR('',#14854,10.);
#4010=VECTOR('',#14855,10.);
#4011=VECTOR('',#14856,10.);
#4012=VECTOR('',#14857,10.);
#4013=VECTOR('',#14858,10.);
#4014=VECTOR('',#14863,10.);
#4015=VECTOR('',#14868,10.);
#4016=VECTOR('',#14869,10.);
#4017=VECTOR('',#14870,10.);
#4018=VECTOR('',#14871,10.);
#4019=VECTOR('',#14872,10.);
#4020=VECTOR('',#14877,10.);
#4021=VECTOR('',#14882,10.);
#4022=VECTOR('',#14883,10.);
#4023=VECTOR('',#14884,10.);
#4024=VECTOR('',#14885,10.);
#4025=VECTOR('',#14886,10.);
#4026=VECTOR('',#14891,10.);
#4027=VECTOR('',#14896,10.);
#4028=VECTOR('',#14897,10.);
#4029=VECTOR('',#14898,10.);
#4030=VECTOR('',#14899,10.);
#4031=VECTOR('',#14900,10.);
#4032=VECTOR('',#14905,10.);
#4033=VECTOR('',#14910,10.);
#4034=VECTOR('',#14911,10.);
#4035=VECTOR('',#14912,10.);
#4036=VECTOR('',#14913,10.);
#4037=VECTOR('',#14914,10.);
#4038=VECTOR('',#14919,10.);
#4039=VECTOR('',#14924,10.);
#4040=VECTOR('',#14925,10.);
#4041=VECTOR('',#14926,10.);
#4042=VECTOR('',#14927,10.);
#4043=VECTOR('',#14928,10.);
#4044=VECTOR('',#14933,1.64999999999999);
#4045=VECTOR('',#14940,1.64999999999999);
#4046=VECTOR('',#14945,10.);
#4047=VECTOR('',#14946,10.);
#4048=VECTOR('',#14947,10.);
#4049=VECTOR('',#14948,10.);
#4050=VECTOR('',#14951,10.);
#4051=VECTOR('',#14952,10.);
#4052=VECTOR('',#14953,10.);
#4053=VECTOR('',#14956,10.);
#4054=VECTOR('',#14957,10.);
#4055=VECTOR('',#14958,10.);
#4056=VECTOR('',#14961,10.);
#4057=VECTOR('',#14962,10.);
#4058=VECTOR('',#14963,10.);
#4059=VECTOR('',#14964,10.);
#4060=VECTOR('',#14965,10.);
#4061=VECTOR('',#14966,10.);
#4062=VECTOR('',#14967,10.);
#4063=VECTOR('',#14968,10.);
#4064=VECTOR('',#14969,10.);
#4065=VECTOR('',#14970,10.);
#4066=VECTOR('',#14971,10.);
#4067=VECTOR('',#14972,10.);
#4068=VECTOR('',#14973,10.);
#4069=VECTOR('',#14974,10.);
#4070=VECTOR('',#14975,10.);
#4071=VECTOR('',#14976,10.);
#4072=VECTOR('',#14977,10.);
#4073=VECTOR('',#14978,10.);
#4074=VECTOR('',#14979,10.);
#4075=VECTOR('',#14980,10.);
#4076=VECTOR('',#14981,10.);
#4077=VECTOR('',#14982,10.);
#4078=VECTOR('',#14983,10.);
#4079=VECTOR('',#14984,10.);
#4080=VECTOR('',#14985,10.);
#4081=VECTOR('',#14986,10.);
#4082=VECTOR('',#14987,10.);
#4083=VECTOR('',#14988,10.);
#4084=VECTOR('',#14989,10.);
#4085=VECTOR('',#14990,10.);
#4086=VECTOR('',#14991,10.);
#4087=VECTOR('',#14992,10.);
#4088=VECTOR('',#14993,10.);
#4089=VECTOR('',#14994,10.);
#4090=VECTOR('',#14995,10.);
#4091=VECTOR('',#14996,10.);
#4092=VECTOR('',#14997,10.);
#4093=VECTOR('',#14998,10.);
#4094=VECTOR('',#14999,10.);
#4095=VECTOR('',#15000,10.);
#4096=VECTOR('',#15001,10.);
#4097=VECTOR('',#15002,10.);
#4098=VECTOR('',#15003,10.);
#4099=VECTOR('',#15004,10.);
#4100=VECTOR('',#15005,10.);
#4101=VECTOR('',#15006,10.);
#4102=VECTOR('',#15007,10.);
#4103=VECTOR('',#15008,10.);
#4104=VECTOR('',#15009,10.);
#4105=VECTOR('',#15010,10.);
#4106=VECTOR('',#15011,10.);
#4107=VECTOR('',#15012,10.);
#4108=VECTOR('',#15013,10.);
#4109=VECTOR('',#15014,10.);
#4110=VECTOR('',#15015,10.);
#4111=VECTOR('',#15016,10.);
#4112=VECTOR('',#15017,10.);
#4113=VECTOR('',#15018,10.);
#4114=VECTOR('',#15019,10.);
#4115=VECTOR('',#15020,10.);
#4116=VECTOR('',#15021,10.);
#4117=VECTOR('',#15022,10.);
#4118=VECTOR('',#15023,10.);
#4119=VECTOR('',#15024,10.);
#4120=VECTOR('',#15025,10.);
#4121=VECTOR('',#15026,10.);
#4122=VECTOR('',#15027,10.);
#4123=VECTOR('',#15028,10.);
#4124=VECTOR('',#15029,10.);
#4125=VECTOR('',#15030,10.);
#4126=VECTOR('',#15031,10.);
#4127=VECTOR('',#15032,10.);
#4128=VECTOR('',#15033,10.);
#4129=VECTOR('',#15034,10.);
#4130=VECTOR('',#15035,10.);
#4131=VECTOR('',#15036,10.);
#4132=VECTOR('',#15037,10.);
#4133=VECTOR('',#15038,10.);
#4134=VECTOR('',#15039,10.);
#4135=VECTOR('',#15040,10.);
#4136=VECTOR('',#15041,10.);
#4137=VECTOR('',#15042,10.);
#4138=VECTOR('',#15043,10.);
#4139=VECTOR('',#15044,10.);
#4140=VECTOR('',#15045,10.);
#4141=VECTOR('',#15046,10.);
#4142=VECTOR('',#15047,10.);
#4143=VECTOR('',#15048,10.);
#4144=VECTOR('',#15049,10.);
#4145=VECTOR('',#15050,10.);
#4146=VECTOR('',#15051,10.);
#4147=VECTOR('',#15052,10.);
#4148=VECTOR('',#15053,10.);
#4149=VECTOR('',#15054,10.);
#4150=VECTOR('',#15055,10.);
#4151=VECTOR('',#15056,10.);
#4152=VECTOR('',#15057,10.);
#4153=VECTOR('',#15058,10.);
#4154=VECTOR('',#15059,10.);
#4155=VECTOR('',#15060,10.);
#4156=VECTOR('',#15061,10.);
#4157=VECTOR('',#15062,10.);
#4158=VECTOR('',#15063,10.);
#4159=VECTOR('',#15064,10.);
#4160=VECTOR('',#15065,10.);
#4161=VECTOR('',#15066,10.);
#4162=VECTOR('',#15067,10.);
#4163=VECTOR('',#15068,10.);
#4164=VECTOR('',#15073,2.19999999999999);
#4165=VECTOR('',#15080,2.19999999999999);
#4166=VECTOR('',#15087,2.19999999999999);
#4167=VECTOR('',#15094,2.20000000000001);
#4168=VECTOR('',#15101,10.);
#4169=VECTOR('',#15102,10.);
#4170=VECTOR('',#15103,10.);
#4171=VECTOR('',#15104,10.);
#4172=VECTOR('',#15107,10.);
#4173=VECTOR('',#15110,10.);
#4174=VECTOR('',#15111,10.);
#4175=VECTOR('',#15112,10.);
#4176=VECTOR('',#15115,10.);
#4177=VECTOR('',#15116,10.);
#4178=VECTOR('',#15119,10.);
#4179=VECTOR('',#15120,10.);
#4180=VECTOR('',#15123,10.);
#4181=VECTOR('',#15126,10.);
#4182=VECTOR('',#15131,10.);
#4183=VECTOR('',#15134,10.);
#4184=VECTOR('',#15135,10.);
#4185=VECTOR('',#15136,10.);
#4186=VECTOR('',#15139,10.);
#4187=VECTOR('',#15140,10.);
#4188=VECTOR('',#15143,10.);
#4189=VECTOR('',#15144,10.);
#4190=VECTOR('',#15147,10.);
#4191=VECTOR('',#15150,10.);
#4192=VECTOR('',#15155,10.);
#4193=VECTOR('',#15158,10.);
#4194=VECTOR('',#15159,10.);
#4195=VECTOR('',#15160,10.);
#4196=VECTOR('',#15163,10.);
#4197=VECTOR('',#15164,10.);
#4198=VECTOR('',#15167,10.);
#4199=VECTOR('',#15168,10.);
#4200=VECTOR('',#15171,10.);
#4201=VECTOR('',#15174,10.);
#4202=VECTOR('',#15179,10.);
#4203=VECTOR('',#15182,10.);
#4204=VECTOR('',#15183,10.);
#4205=VECTOR('',#15184,10.);
#4206=VECTOR('',#15187,10.);
#4207=VECTOR('',#15188,10.);
#4208=VECTOR('',#15191,10.);
#4209=VECTOR('',#15192,10.);
#4210=VECTOR('',#15195,10.);
#4211=VECTOR('',#15198,10.);
#4212=VECTOR('',#15203,10.);
#4213=VECTOR('',#15206,10.);
#4214=VECTOR('',#15207,10.);
#4215=VECTOR('',#15208,10.);
#4216=VECTOR('',#15211,10.);
#4217=VECTOR('',#15212,10.);
#4218=VECTOR('',#15215,10.);
#4219=VECTOR('',#15216,10.);
#4220=VECTOR('',#15219,10.);
#4221=VECTOR('',#15222,10.);
#4222=VECTOR('',#15227,10.);
#4223=VECTOR('',#15230,10.);
#4224=VECTOR('',#15231,10.);
#4225=VECTOR('',#15232,10.);
#4226=VECTOR('',#15235,10.);
#4227=VECTOR('',#15236,10.);
#4228=VECTOR('',#15239,10.);
#4229=VECTOR('',#15240,10.);
#4230=VECTOR('',#15243,10.);
#4231=VECTOR('',#15246,10.);
#4232=VECTOR('',#15251,10.);
#4233=VECTOR('',#15254,10.);
#4234=VECTOR('',#15255,10.);
#4235=VECTOR('',#15256,10.);
#4236=VECTOR('',#15259,10.);
#4237=VECTOR('',#15260,10.);
#4238=VECTOR('',#15263,10.);
#4239=VECTOR('',#15264,10.);
#4240=VECTOR('',#15267,10.);
#4241=VECTOR('',#15270,10.);
#4242=VECTOR('',#15275,10.);
#4243=VECTOR('',#15278,10.);
#4244=VECTOR('',#15279,10.);
#4245=VECTOR('',#15280,10.);
#4246=VECTOR('',#15283,10.);
#4247=VECTOR('',#15284,10.);
#4248=VECTOR('',#15287,10.);
#4249=VECTOR('',#15288,10.);
#4250=VECTOR('',#15291,10.);
#4251=VECTOR('',#15294,10.);
#4252=VECTOR('',#15299,10.);
#4253=VECTOR('',#15302,10.);
#4254=VECTOR('',#15303,10.);
#4255=VECTOR('',#15304,10.);
#4256=VECTOR('',#15307,10.);
#4257=VECTOR('',#15308,10.);
#4258=VECTOR('',#15311,10.);
#4259=VECTOR('',#15312,10.);
#4260=VECTOR('',#15315,10.);
#4261=VECTOR('',#15318,10.);
#4262=VECTOR('',#15323,10.);
#4263=VECTOR('',#15326,10.);
#4264=VECTOR('',#15327,10.);
#4265=VECTOR('',#15328,10.);
#4266=VECTOR('',#15331,10.);
#4267=VECTOR('',#15332,10.);
#4268=VECTOR('',#15335,10.);
#4269=VECTOR('',#15336,10.);
#4270=VECTOR('',#15339,10.);
#4271=VECTOR('',#15342,10.);
#4272=VECTOR('',#15349,10.);
#4273=VECTOR('',#15350,10.);
#4274=VECTOR('',#15353,10.);
#4275=VECTOR('',#15354,10.);
#4276=VECTOR('',#15357,10.);
#4277=VECTOR('',#15360,10.);
#4278=VECTOR('',#15365,10.);
#4279=VECTOR('',#15366,10.);
#4280=VECTOR('',#15369,10.);
#4281=VECTOR('',#15372,10.);
#4282=VECTOR('',#15377,10.);
#4283=VECTOR('',#15378,10.);
#4284=VECTOR('',#15381,10.);
#4285=VECTOR('',#15384,10.);
#4286=VECTOR('',#15389,10.);
#4287=VECTOR('',#15390,10.);
#4288=VECTOR('',#15393,10.);
#4289=VECTOR('',#15396,10.);
#4290=VECTOR('',#15401,10.);
#4291=VECTOR('',#15402,10.);
#4292=VECTOR('',#15405,10.);
#4293=VECTOR('',#15408,10.);
#4294=VECTOR('',#15413,10.);
#4295=VECTOR('',#15414,10.);
#4296=VECTOR('',#15417,10.);
#4297=VECTOR('',#15420,10.);
#4298=VECTOR('',#15425,10.);
#4299=VECTOR('',#15426,10.);
#4300=VECTOR('',#15427,10.);
#4301=VECTOR('',#15430,10.);
#4302=VECTOR('',#15431,10.);
#4303=VECTOR('',#15432,10.);
#4304=VECTOR('',#15435,10.);
#4305=VECTOR('',#15436,10.);
#4306=VECTOR('',#15437,10.);
#4307=VECTOR('',#15440,10.);
#4308=VECTOR('',#15441,10.);
#4309=VECTOR('',#15442,10.);
#4310=VECTOR('',#15445,10.);
#4311=VECTOR('',#15446,10.);
#4312=VECTOR('',#15447,10.);
#4313=VECTOR('',#15450,10.);
#4314=VECTOR('',#15451,10.);
#4315=VECTOR('',#15462,10.);
#4316=VECTOR('',#15463,10.);
#4317=VECTOR('',#15464,10.);
#4318=VECTOR('',#15477,2.20000000000001);
#4319=VECTOR('',#15482,2.20000000000001);
#4320=VECTOR('',#15487,2.20000000000001);
#4321=VECTOR('',#15492,2.20000000000001);
#4322=VECTOR('',#15497,2.2);
#4323=VECTOR('',#15502,2.2);
#4324=VECTOR('',#15507,2.2);
#4325=VECTOR('',#15510,10.);
#4326=VECTOR('',#15513,10.);
#4327=VECTOR('',#15516,10.);
#4328=VECTOR('',#15517,10.);
#4329=VECTOR('',#15520,10.);
#4330=VECTOR('',#15521,10.);
#4331=VECTOR('',#15524,10.);
#4332=VECTOR('',#15529,10.);
#4333=VECTOR('',#15530,10.);
#4334=VECTOR('',#15531,10.);
#4335=VECTOR('',#15532,10.);
#4336=VECTOR('',#15535,10.);
#4337=VECTOR('',#15536,10.);
#4338=VECTOR('',#15537,10.);
#4339=VECTOR('',#15540,10.);
#4340=VECTOR('',#15541,10.);
#4341=VECTOR('',#15542,10.);
#4342=VECTOR('',#15545,10.);
#4343=VECTOR('',#15546,10.);
#4344=VECTOR('',#15551,10.);
#4345=VECTOR('',#15552,10.);
#4346=VECTOR('',#15553,10.);
#4347=VECTOR('',#15554,10.);
#4348=VECTOR('',#15563,10.);
#4349=VECTOR('',#15564,10.);
#4350=VECTOR('',#15565,10.);
#4351=VECTOR('',#15566,10.);
#4352=VECTOR('',#15567,10.);
#4353=VECTOR('',#15568,10.);
#4354=VECTOR('',#15579,10.);
#4355=VECTOR('',#15582,10.);
#4356=VECTOR('',#15585,10.);
#4357=VECTOR('',#15586,10.);
#4358=VECTOR('',#15587,10.);
#4359=VECTOR('',#15588,10.);
#4360=VECTOR('',#15589,10.);
#4361=VECTOR('',#15592,10.);
#4362=VECTOR('',#15593,10.);
#4363=VECTOR('',#15594,10.);
#4364=VECTOR('',#15597,10.);
#4365=VECTOR('',#15598,10.);
#4366=VECTOR('',#15599,10.);
#4367=VECTOR('',#15600,10.);
#4368=VECTOR('',#15601,10.);
#4369=VECTOR('',#15602,10.);
#4370=VECTOR('',#15603,10.);
#4371=VECTOR('',#15604,10.);
#4372=VECTOR('',#15615,10.);
#4373=VECTOR('',#15616,10.);
#4374=VECTOR('',#15619,10.);
#4375=VECTOR('',#15620,10.);
#4376=VECTOR('',#15621,10.);
#4377=VECTOR('',#15624,10.);
#4378=VECTOR('',#15625,10.);
#4379=VECTOR('',#15626,10.);
#4380=VECTOR('',#15627,10.);
#4381=VECTOR('',#15636,1.64999999999999);
#4382=VECTOR('',#15639,2.55);
#4383=VECTOR('',#15642,2.55);
#4384=VECTOR('',#15647,3.5);
#4385=VECTOR('',#15654,10.);
#4386=VECTOR('',#15655,10.);
#4387=VECTOR('',#15658,10.);
#4388=VECTOR('',#15661,10.);
#4389=VECTOR('',#15666,1.57500000000001);
#4390=VECTOR('',#15669,10.);
#4391=VECTOR('',#15672,2.2);
#4392=VECTOR('',#15675,2.2);
#4393=VECTOR('',#15678,2.2);
#4394=VECTOR('',#15683,10.);
#4395=VECTOR('',#15684,10.);
#4396=VECTOR('',#15687,10.);
#4397=VECTOR('',#15690,10.);
#4398=VECTOR('',#15697,10.);
#4399=VECTOR('',#15700,10.);
#4400=VECTOR('',#15703,10.);
#4401=VECTOR('',#15704,10.);
#4402=VECTOR('',#15705,10.);
#4403=VECTOR('',#15706,10.);
#4404=VECTOR('',#15707,10.);
#4405=VECTOR('',#15708,10.);
#4406=VECTOR('',#15711,10.);
#4407=VECTOR('',#15712,10.);
#4408=VECTOR('',#15713,10.);
#4409=VECTOR('',#15714,10.);
#4410=VECTOR('',#15715,10.);
#4411=VECTOR('',#15716,10.);
#4412=VECTOR('',#15717,10.);
#4413=VECTOR('',#15718,10.);
#4414=VECTOR('',#15719,10.);
#4415=VECTOR('',#15720,10.);
#4416=VECTOR('',#15721,10.);
#4417=VECTOR('',#15722,10.);
#4418=VECTOR('',#15723,10.);
#4419=VECTOR('',#15724,10.);
#4420=VECTOR('',#15725,10.);
#4421=VECTOR('',#15726,10.);
#4422=VECTOR('',#15727,10.);
#4423=VECTOR('',#15728,10.);
#4424=VECTOR('',#15729,10.);
#4425=VECTOR('',#15730,10.);
#4426=VECTOR('',#15731,10.);
#4427=VECTOR('',#15732,10.);
#4428=VECTOR('',#15733,10.);
#4429=VECTOR('',#15734,10.);
#4430=VECTOR('',#15735,10.);
#4431=VECTOR('',#15736,10.);
#4432=VECTOR('',#15737,10.);
#4433=VECTOR('',#15738,10.);
#4434=VECTOR('',#15739,10.);
#4435=VECTOR('',#15740,10.);
#4436=VECTOR('',#15741,10.);
#4437=VECTOR('',#15742,10.);
#4438=VECTOR('',#15743,10.);
#4439=VECTOR('',#15744,10.);
#4440=VECTOR('',#15745,10.);
#4441=VECTOR('',#15746,10.);
#4442=VECTOR('',#15747,10.);
#4443=VECTOR('',#15748,10.);
#4444=VECTOR('',#15749,10.);
#4445=VECTOR('',#15750,10.);
#4446=VECTOR('',#15751,10.);
#4447=VECTOR('',#15752,10.);
#4448=VECTOR('',#15753,10.);
#4449=VECTOR('',#15754,10.);
#4450=VECTOR('',#15755,10.);
#4451=VECTOR('',#15756,10.);
#4452=VECTOR('',#15757,10.);
#4453=VECTOR('',#15758,10.);
#4454=VECTOR('',#15759,10.);
#4455=VECTOR('',#15760,10.);
#4456=VECTOR('',#15761,10.);
#4457=VECTOR('',#15762,10.);
#4458=VECTOR('',#15763,10.);
#4459=VECTOR('',#15764,10.);
#4460=VECTOR('',#15765,10.);
#4461=VECTOR('',#15766,10.);
#4462=VECTOR('',#15767,10.);
#4463=VECTOR('',#15768,10.);
#4464=VECTOR('',#15769,10.);
#4465=VECTOR('',#15770,10.);
#4466=VECTOR('',#15771,10.);
#4467=VECTOR('',#15772,10.);
#4468=VECTOR('',#15773,10.);
#4469=VECTOR('',#15774,10.);
#4470=VECTOR('',#15775,10.);
#4471=VECTOR('',#15776,10.);
#4472=VECTOR('',#15781,10.);
#4473=VECTOR('',#15786,10.);
#4474=VECTOR('',#15787,10.);
#4475=VECTOR('',#15788,10.);
#4476=VECTOR('',#15789,10.);
#4477=VECTOR('',#15790,10.);
#4478=VECTOR('',#15797,10.);
#4479=VECTOR('',#15800,10.);
#4480=VECTOR('',#15801,10.);
#4481=VECTOR('',#15802,10.);
#4482=VECTOR('',#15803,10.);
#4483=VECTOR('',#15804,10.);
#4484=VECTOR('',#15811,10.);
#4485=VECTOR('',#15814,10.);
#4486=VECTOR('',#15815,10.);
#4487=VECTOR('',#15816,10.);
#4488=VECTOR('',#15817,10.);
#4489=VECTOR('',#15818,10.);
#4490=VECTOR('',#15825,10.);
#4491=VECTOR('',#15828,10.);
#4492=VECTOR('',#15829,10.);
#4493=VECTOR('',#15830,10.);
#4494=VECTOR('',#15831,10.);
#4495=VECTOR('',#15832,10.);
#4496=VECTOR('',#15839,10.);
#4497=VECTOR('',#15842,10.);
#4498=VECTOR('',#15843,10.);
#4499=VECTOR('',#15844,10.);
#4500=VECTOR('',#15845,10.);
#4501=VECTOR('',#15846,10.);
#4502=VECTOR('',#15853,10.);
#4503=VECTOR('',#15856,10.);
#4504=VECTOR('',#15857,10.);
#4505=VECTOR('',#15858,10.);
#4506=VECTOR('',#15859,10.);
#4507=VECTOR('',#15860,10.);
#4508=VECTOR('',#15867,10.);
#4509=VECTOR('',#15870,10.);
#4510=VECTOR('',#15871,10.);
#4511=VECTOR('',#15872,10.);
#4512=VECTOR('',#15873,10.);
#4513=VECTOR('',#15874,10.);
#4514=VECTOR('',#15881,10.);
#4515=VECTOR('',#15884,10.);
#4516=VECTOR('',#15885,10.);
#4517=VECTOR('',#15886,10.);
#4518=VECTOR('',#15887,10.);
#4519=VECTOR('',#15888,10.);
#4520=VECTOR('',#15895,10.);
#4521=VECTOR('',#15898,10.);
#4522=VECTOR('',#15899,10.);
#4523=VECTOR('',#15900,10.);
#4524=VECTOR('',#15901,10.);
#4525=VECTOR('',#15902,10.);
#4526=VECTOR('',#15909,10.);
#4527=VECTOR('',#15912,10.);
#4528=VECTOR('',#15913,10.);
#4529=VECTOR('',#15914,10.);
#4530=VECTOR('',#15915,10.);
#4531=VECTOR('',#15916,10.);
#4532=VECTOR('',#15923,10.);
#4533=VECTOR('',#15926,10.);
#4534=VECTOR('',#15927,10.);
#4535=VECTOR('',#15928,10.);
#4536=VECTOR('',#15929,10.);
#4537=VECTOR('',#15930,10.);
#4538=VECTOR('',#15937,10.);
#4539=VECTOR('',#15940,10.);
#4540=VECTOR('',#15941,10.);
#4541=VECTOR('',#15942,10.);
#4542=VECTOR('',#15943,10.);
#4543=VECTOR('',#15944,10.);
#4544=VECTOR('',#15951,10.);
#4545=VECTOR('',#15954,10.);
#4546=VECTOR('',#15955,10.);
#4547=VECTOR('',#15956,10.);
#4548=VECTOR('',#15957,10.);
#4549=VECTOR('',#15958,10.);
#4550=VECTOR('',#15965,10.);
#4551=VECTOR('',#15968,10.);
#4552=VECTOR('',#15969,10.);
#4553=VECTOR('',#15970,10.);
#4554=VECTOR('',#15971,10.);
#4555=VECTOR('',#15972,10.);
#4556=VECTOR('',#15979,10.);
#4557=VECTOR('',#15982,10.);
#4558=VECTOR('',#15983,10.);
#4559=VECTOR('',#15984,10.);
#4560=VECTOR('',#15985,10.);
#4561=VECTOR('',#15986,10.);
#4562=VECTOR('',#15993,10.);
#4563=VECTOR('',#15996,10.);
#4564=VECTOR('',#15997,10.);
#4565=VECTOR('',#15998,10.);
#4566=VECTOR('',#15999,10.);
#4567=VECTOR('',#16000,10.);
#4568=VECTOR('',#16005,1.64999999999999);
#4569=VECTOR('',#16012,1.64999999999999);
#4570=VECTOR('',#16017,10.);
#4571=VECTOR('',#16018,10.);
#4572=VECTOR('',#16019,10.);
#4573=VECTOR('',#16020,10.);
#4574=VECTOR('',#16023,10.);
#4575=VECTOR('',#16024,10.);
#4576=VECTOR('',#16025,10.);
#4577=VECTOR('',#16036,10.);
#4578=VECTOR('',#16037,10.);
#4579=VECTOR('',#16040,10.);
#4580=VECTOR('',#16041,10.);
#4581=VECTOR('',#16046,2.20000000000001);
#4582=VECTOR('',#16051,2.19999999999999);
#4583=VECTOR('',#16056,2.19999999999999);
#4584=VECTOR('',#16061,2.19999999999999);
#4585=VECTOR('',#16064,10.);
#4586=VECTOR('',#16065,10.);
#4587=VECTOR('',#16066,10.);
#4588=VECTOR('',#16069,10.);
#4589=VECTOR('',#16070,10.);
#4590=VECTOR('',#16073,10.);
#4591=VECTOR('',#16074,10.);
#4592=VECTOR('',#16075,10.);
#4593=VECTOR('',#16076,10.);
#4594=VECTOR('',#16079,10.);
#4595=VECTOR('',#16080,10.);
#4596=VECTOR('',#16083,10.);
#4597=VECTOR('',#16084,10.);
#4598=VECTOR('',#16085,10.);
#4599=VECTOR('',#16088,10.);
#4600=VECTOR('',#16089,10.);
#4601=VECTOR('',#16090,10.);
#4602=VECTOR('',#16091,10.);
#4603=VECTOR('',#16094,10.);
#4604=VECTOR('',#16097,10.);
#4605=VECTOR('',#16098,10.);
#4606=VECTOR('',#16101,10.);
#4607=VECTOR('',#16102,10.);
#4608=VECTOR('',#16103,10.);
#4609=VECTOR('',#16106,10.);
#4610=VECTOR('',#16107,10.);
#4611=VECTOR('',#16108,10.);
#4612=VECTOR('',#16111,10.);
#4613=VECTOR('',#16112,10.);
#4614=VECTOR('',#16113,10.);
#4615=VECTOR('',#16116,10.);
#4616=VECTOR('',#16117,10.);
#4617=VECTOR('',#16118,10.);
#4618=VECTOR('',#16119,10.);
#4619=VECTOR('',#16122,10.);
#4620=VECTOR('',#16125,10.);
#4621=VECTOR('',#16126,10.);
#4622=VECTOR('',#16129,10.);
#4623=VECTOR('',#16130,10.);
#4624=VECTOR('',#16131,10.);
#4625=VECTOR('',#16134,10.);
#4626=VECTOR('',#16135,10.);
#4627=VECTOR('',#16136,10.);
#4628=VECTOR('',#16139,10.);
#4629=VECTOR('',#16140,10.);
#4630=VECTOR('',#16141,10.);
#4631=VECTOR('',#16144,10.);
#4632=VECTOR('',#16145,10.);
#4633=VECTOR('',#16146,10.);
#4634=VECTOR('',#16147,10.);
#4635=VECTOR('',#16150,10.);
#4636=VECTOR('',#16153,10.);
#4637=VECTOR('',#16154,10.);
#4638=VECTOR('',#16157,10.);
#4639=VECTOR('',#16158,10.);
#4640=VECTOR('',#16159,10.);
#4641=VECTOR('',#16162,10.);
#4642=VECTOR('',#16163,10.);
#4643=VECTOR('',#16164,10.);
#4644=VECTOR('',#16167,10.);
#4645=VECTOR('',#16168,10.);
#4646=VECTOR('',#16169,10.);
#4647=VECTOR('',#16172,10.);
#4648=VECTOR('',#16173,10.);
#4649=VECTOR('',#16174,10.);
#4650=VECTOR('',#16175,10.);
#4651=VECTOR('',#16178,10.);
#4652=VECTOR('',#16181,10.);
#4653=VECTOR('',#16182,10.);
#4654=VECTOR('',#16185,10.);
#4655=VECTOR('',#16186,10.);
#4656=VECTOR('',#16187,10.);
#4657=VECTOR('',#16190,10.);
#4658=VECTOR('',#16191,10.);
#4659=VECTOR('',#16192,10.);
#4660=VECTOR('',#16195,10.);
#4661=VECTOR('',#16196,10.);
#4662=VECTOR('',#16197,10.);
#4663=VECTOR('',#16200,10.);
#4664=VECTOR('',#16201,10.);
#4665=VECTOR('',#16202,10.);
#4666=VECTOR('',#16203,10.);
#4667=VECTOR('',#16206,10.);
#4668=VECTOR('',#16209,10.);
#4669=VECTOR('',#16210,10.);
#4670=VECTOR('',#16213,10.);
#4671=VECTOR('',#16214,10.);
#4672=VECTOR('',#16215,10.);
#4673=VECTOR('',#16218,10.);
#4674=VECTOR('',#16219,10.);
#4675=VECTOR('',#16220,10.);
#4676=VECTOR('',#16223,10.);
#4677=VECTOR('',#16224,10.);
#4678=VECTOR('',#16225,10.);
#4679=VECTOR('',#16228,10.);
#4680=VECTOR('',#16229,10.);
#4681=VECTOR('',#16232,10.);
#4682=VECTOR('',#16233,10.);
#4683=VECTOR('',#16234,10.);
#4684=VECTOR('',#16237,10.);
#4685=VECTOR('',#16238,10.);
#4686=VECTOR('',#16239,10.);
#4687=VECTOR('',#16242,10.);
#4688=VECTOR('',#16243,10.);
#4689=VECTOR('',#16246,10.);
#4690=VECTOR('',#16247,10.);
#4691=VECTOR('',#16248,10.);
#4692=VECTOR('',#16251,10.);
#4693=VECTOR('',#16252,10.);
#4694=VECTOR('',#16253,10.);
#4695=VECTOR('',#16256,10.);
#4696=VECTOR('',#16257,10.);
#4697=VECTOR('',#16260,10.);
#4698=VECTOR('',#16261,10.);
#4699=VECTOR('',#16262,10.);
#4700=VECTOR('',#16265,10.);
#4701=VECTOR('',#16266,10.);
#4702=VECTOR('',#16267,10.);
#4703=VECTOR('',#16268,10.);
#4704=VECTOR('',#16271,10.);
#4705=VECTOR('',#16272,10.);
#4706=VECTOR('',#16273,10.);
#4707=VECTOR('',#16276,10.);
#4708=VECTOR('',#16277,10.);
#4709=VECTOR('',#16278,10.);
#4710=VECTOR('',#16281,10.);
#4711=VECTOR('',#16282,10.);
#4712=VECTOR('',#16283,10.);
#4713=VECTOR('',#16286,10.);
#4714=VECTOR('',#16287,10.);
#4715=VECTOR('',#16290,10.);
#4716=VECTOR('',#16293,10.);
#4717=VECTOR('',#16294,10.);
#4718=VECTOR('',#16295,10.);
#4719=VECTOR('',#16296,10.);
#4720=VECTOR('',#16297,10.);
#4721=VECTOR('',#16298,10.);
#4722=VECTOR('',#16299,10.);
#4723=VECTOR('',#16300,10.);
#4724=VECTOR('',#16301,10.);
#4725=VECTOR('',#16302,10.);
#4726=VECTOR('',#16303,10.);
#4727=VECTOR('',#16304,10.);
#4728=VECTOR('',#16305,10.);
#4729=VECTOR('',#16306,10.);
#4730=VECTOR('',#16307,10.);
#4731=VECTOR('',#16308,10.);
#4732=VECTOR('',#16309,10.);
#4733=VECTOR('',#16310,10.);
#4734=VECTOR('',#16311,10.);
#4735=VECTOR('',#16312,10.);
#4736=VECTOR('',#16315,10.);
#4737=VECTOR('',#16316,10.);
#4738=VECTOR('',#16317,10.);
#4739=VECTOR('',#16318,10.);
#4740=VECTOR('',#16321,10.);
#4741=VECTOR('',#16322,10.);
#4742=VECTOR('',#16325,10.);
#4743=VECTOR('',#16326,10.);
#4744=VECTOR('',#16327,10.);
#4745=VECTOR('',#16330,10.);
#4746=VECTOR('',#16331,10.);
#4747=VECTOR('',#16338,2.19999999999999);
#4748=VECTOR('',#16341,10.);
#4749=VECTOR('',#16342,10.);
#4750=VECTOR('',#16345,10.);
#4751=VECTOR('',#16346,10.);
#4752=VECTOR('',#16349,10.);
#4753=VECTOR('',#16350,10.);
#4754=VECTOR('',#16353,10.);
#4755=VECTOR('',#16358,10.);
#4756=VECTOR('',#16359,10.);
#4757=VECTOR('',#16360,10.);
#4758=VECTOR('',#16361,10.);
#4759=VECTOR('',#16364,10.);
#4760=VECTOR('',#16365,10.);
#4761=VECTOR('',#16366,10.);
#4762=VECTOR('',#16369,10.);
#4763=VECTOR('',#16370,10.);
#4764=VECTOR('',#16371,10.);
#4765=VECTOR('',#16374,10.);
#4766=VECTOR('',#16375,10.);
#4767=VECTOR('',#16382,1.64999999999999);
#4768=VECTOR('',#16389,2.55);
#4769=VECTOR('',#16394,1.6);
#4770=VECTOR('',#16405,2.55);
#4771=VECTOR('',#16410,1.6);
#4772=VECTOR('',#16421,1.45);
#4773=VECTOR('',#16424,10.);
#4774=VECTOR('',#16425,10.);
#4775=VECTOR('',#16426,10.);
#4776=VECTOR('',#16427,10.);
#4777=VECTOR('',#16430,10.);
#4778=VECTOR('',#16431,10.);
#4779=VECTOR('',#16432,10.);
#4780=VECTOR('',#16435,10.);
#4781=VECTOR('',#16436,10.);
#4782=VECTOR('',#16437,10.);
#4783=VECTOR('',#16440,10.);
#4784=VECTOR('',#16445,1.45);
#4785=VECTOR('',#16448,10.);
#4786=VECTOR('',#16449,10.);
#4787=VECTOR('',#16450,10.);
#4788=VECTOR('',#16451,10.);
#4789=VECTOR('',#16454,10.);
#4790=VECTOR('',#16455,10.);
#4791=VECTOR('',#16456,10.);
#4792=VECTOR('',#16459,10.);
#4793=VECTOR('',#16460,10.);
#4794=VECTOR('',#16463,10.);
#4795=VECTOR('',#16464,10.);
#4796=VECTOR('',#16465,10.);
#4797=VECTOR('',#16466,10.);
#4798=VECTOR('',#16467,10.);
#4799=VECTOR('',#16468,10.);
#4800=VECTOR('',#16469,10.);
#4801=VECTOR('',#16470,10.);
#4802=VECTOR('',#16471,10.);
#4803=VECTOR('',#16474,10.);
#4804=VECTOR('',#16477,10.);
#4805=VECTOR('',#16480,10.);
#4806=VECTOR('',#16483,10.);
#4807=VECTOR('',#16496,10.);
#4808=VECTOR('',#16497,10.);
#4809=VECTOR('',#16500,10.);
#4810=VECTOR('',#16501,10.);
#4811=VECTOR('',#16506,10.);
#4812=VECTOR('',#16509,10.);
#4813=VECTOR('',#16510,10.);
#4814=VECTOR('',#16515,10.);
#4815=VECTOR('',#16518,10.);
#4816=VECTOR('',#16519,10.);
#4817=VECTOR('',#16524,10.);
#4818=VECTOR('',#16527,10.);
#4819=VECTOR('',#16532,1.6);
#4820=VECTOR('',#16537,1.6);
#4821=VECTOR('',#16542,3.5);
#4822=VECTOR('',#16547,3.5);
#4823=VECTOR('',#16550,10.);
#4824=VECTOR('',#16551,10.);
#4825=VECTOR('',#16552,10.);
#4826=VECTOR('',#16553,10.);
#4827=VECTOR('',#16554,10.);
#4828=VECTOR('',#16555,10.);
#4829=VECTOR('',#16566,10.);
#4830=VECTOR('',#16567,10.);
#4831=VECTOR('',#16568,10.);
#4832=VECTOR('',#16571,10.);
#4833=VECTOR('',#16574,10.);
#4834=VECTOR('',#16575,10.);
#4835=VECTOR('',#16576,10.);
#4836=VECTOR('',#16577,10.);
#4837=VECTOR('',#16580,2.2);
#4838=VECTOR('',#16585,2.2);
#4839=VECTOR('',#16590,2.2);
#4840=VECTOR('',#16595,2.2);
#4841=VECTOR('',#16600,10.);
#4842=VECTOR('',#16605,10.);
#4843=VECTOR('',#16606,10.);
#4844=VECTOR('',#16607,10.);
#4845=VECTOR('',#16610,10.);
#4846=VECTOR('',#16613,10.);
#4847=VECTOR('',#16614,10.);
#4848=VECTOR('',#16617,10.);
#4849=VECTOR('',#16622,10.);
#4850=VECTOR('',#16623,10.);
#4851=VECTOR('',#16624,10.);
#4852=VECTOR('',#16625,10.);
#4853=VECTOR('',#16628,10.);
#4854=VECTOR('',#16629,10.);
#4855=VECTOR('',#16630,10.);
#4856=VECTOR('',#16633,10.);
#4857=VECTOR('',#16634,10.);
#4858=VECTOR('',#16635,10.);
#4859=VECTOR('',#16638,10.);
#4860=VECTOR('',#16639,10.);
#4861=VECTOR('',#16646,1.64999999999999);
#4862=VECTOR('',#16653,1.65);
#4863=VECTOR('',#16660,2.55);
#4864=VECTOR('',#16665,1.6);
#4865=VECTOR('',#16676,2.55);
#4866=VECTOR('',#16681,1.6);
#4867=VECTOR('',#16692,2.55);
#4868=VECTOR('',#16697,1.6);
#4869=VECTOR('',#16708,1.45);
#4870=VECTOR('',#16711,10.);
#4871=VECTOR('',#16712,10.);
#4872=VECTOR('',#16713,10.);
#4873=VECTOR('',#16714,10.);
#4874=VECTOR('',#16717,10.);
#4875=VECTOR('',#16718,10.);
#4876=VECTOR('',#16719,10.);
#4877=VECTOR('',#16722,10.);
#4878=VECTOR('',#16723,10.);
#4879=VECTOR('',#16728,1.45);
#4880=VECTOR('',#16731,10.);
#4881=VECTOR('',#16732,10.);
#4882=VECTOR('',#16733,10.);
#4883=VECTOR('',#16734,10.);
#4884=VECTOR('',#16737,10.);
#4885=VECTOR('',#16738,10.);
#4886=VECTOR('',#16739,10.);
#4887=VECTOR('',#16742,10.);
#4888=VECTOR('',#16743,10.);
#4889=VECTOR('',#16744,10.);
#4890=VECTOR('',#16747,10.);
#4891=VECTOR('',#16752,1.45);
#4892=VECTOR('',#16755,10.);
#4893=VECTOR('',#16756,10.);
#4894=VECTOR('',#16757,10.);
#4895=VECTOR('',#16758,10.);
#4896=VECTOR('',#16761,10.);
#4897=VECTOR('',#16762,10.);
#4898=VECTOR('',#16763,10.);
#4899=VECTOR('',#16766,10.);
#4900=VECTOR('',#16767,10.);
#4901=VECTOR('',#16768,10.);
#4902=VECTOR('',#16771,10.);
#4903=VECTOR('',#16776,3.75);
#4904=VECTOR('',#16781,10.);
#4905=VECTOR('',#16782,10.);
#4906=VECTOR('',#16783,10.);
#4907=VECTOR('',#16784,10.);
#4908=VECTOR('',#16785,10.);
#4909=VECTOR('',#16786,10.);
#4910=VECTOR('',#16789,10.);
#4911=VECTOR('',#16790,10.);
#4912=VECTOR('',#16791,10.);
#4913=VECTOR('',#16792,10.);
#4914=VECTOR('',#16795,10.);
#4915=VECTOR('',#16796,10.);
#4916=VECTOR('',#16799,10.);
#4917=VECTOR('',#16800,10.);
#4918=VECTOR('',#16803,10.);
#4919=VECTOR('',#16804,10.);
#4920=VECTOR('',#16805,10.);
#4921=VECTOR('',#16806,10.);
#4922=VECTOR('',#16809,10.);
#4923=VECTOR('',#16810,10.);
#4924=VECTOR('',#16811,10.);
#4925=VECTOR('',#16822,10.);
#4926=VECTOR('',#16823,10.);
#4927=VECTOR('',#16826,2.2);
#4928=VECTOR('',#16831,2.2);
#4929=VECTOR('',#16836,2.2);
#4930=VECTOR('',#16841,2.2);
#4931=VECTOR('',#16846,10.);
#4932=VECTOR('',#16847,10.);
#4933=VECTOR('',#16850,10.);
#4934=VECTOR('',#16851,10.);
#4935=VECTOR('',#16852,10.);
#4936=VECTOR('',#16855,10.);
#4937=VECTOR('',#16856,10.);
#4938=VECTOR('',#16857,10.);
#4939=VECTOR('',#16860,10.);
#4940=VECTOR('',#16867,10.);
#4941=VECTOR('',#16870,10.);
#4942=VECTOR('',#16873,10.);
#4943=VECTOR('',#16874,10.);
#4944=VECTOR('',#16875,10.);
#4945=VECTOR('',#16876,10.);
#4946=VECTOR('',#16877,10.);
#4947=VECTOR('',#16878,10.);
#4948=VECTOR('',#16879,10.);
#4949=VECTOR('',#16880,10.);
#4950=VECTOR('',#16881,10.);
#4951=VECTOR('',#16882,10.);
#4952=VECTOR('',#16883,10.);
#4953=VECTOR('',#16884,10.);
#4954=VECTOR('',#16885,10.);
#4955=VECTOR('',#16886,10.);
#4956=VECTOR('',#16887,10.);
#4957=VECTOR('',#16888,10.);
#4958=VECTOR('',#16889,10.);
#4959=VECTOR('',#16890,10.);
#4960=VECTOR('',#16891,10.);
#4961=VECTOR('',#16892,10.);
#4962=VECTOR('',#16893,10.);
#4963=VECTOR('',#16894,10.);
#4964=VECTOR('',#16895,10.);
#4965=VECTOR('',#16896,10.);
#4966=VECTOR('',#16897,10.);
#4967=VECTOR('',#16898,10.);
#4968=VECTOR('',#16899,10.);
#4969=VECTOR('',#16900,10.);
#4970=VECTOR('',#16901,10.);
#4971=VECTOR('',#16902,10.);
#4972=VECTOR('',#16903,10.);
#4973=VECTOR('',#16904,10.);
#4974=VECTOR('',#16905,10.);
#4975=VECTOR('',#16906,10.);
#4976=VECTOR('',#16907,10.);
#4977=VECTOR('',#16910,10.);
#4978=VECTOR('',#16911,10.);
#4979=VECTOR('',#16912,10.);
#4980=VECTOR('',#16913,10.);
#4981=VECTOR('',#16914,10.);
#4982=VECTOR('',#16915,10.);
#4983=VECTOR('',#16916,10.);
#4984=VECTOR('',#16917,10.);
#4985=VECTOR('',#16918,10.);
#4986=VECTOR('',#16919,10.);
#4987=VECTOR('',#16920,10.);
#4988=VECTOR('',#16921,10.);
#4989=VECTOR('',#16922,10.);
#4990=VECTOR('',#16941,1.64999999999999);
#4991=VECTOR('',#16948,1.65);
#4992=VECTOR('',#16955,1.45);
#4993=VECTOR('',#16960,10.);
#4994=VECTOR('',#16961,10.);
#4995=VECTOR('',#16962,10.);
#4996=VECTOR('',#16963,10.);
#4997=VECTOR('',#16966,10.);
#4998=VECTOR('',#16967,10.);
#4999=VECTOR('',#16968,10.);
#5000=VECTOR('',#16971,10.);
#5001=VECTOR('',#16972,10.);
#5002=VECTOR('',#16975,10.);
#5003=VECTOR('',#16976,10.);
#5004=VECTOR('',#16979,10.);
#5005=VECTOR('',#16980,10.);
#5006=VECTOR('',#16981,10.);
#5007=VECTOR('',#16982,10.);
#5008=VECTOR('',#16983,10.);
#5009=VECTOR('',#16984,10.);
#5010=VECTOR('',#16985,10.);
#5011=VECTOR('',#16986,10.);
#5012=VECTOR('',#16987,10.);
#5013=VECTOR('',#16988,10.);
#5014=VECTOR('',#16989,10.);
#5015=VECTOR('',#16990,10.);
#5016=VECTOR('',#16991,10.);
#5017=VECTOR('',#16992,10.);
#5018=VECTOR('',#16993,10.);
#5019=VECTOR('',#16994,10.);
#5020=VECTOR('',#16995,10.);
#5021=VECTOR('',#16996,10.);
#5022=VECTOR('',#16997,10.);
#5023=VECTOR('',#16998,10.);
#5024=VECTOR('',#16999,10.);
#5025=VECTOR('',#17000,10.);
#5026=VECTOR('',#17001,10.);
#5027=VECTOR('',#17002,10.);
#5028=VECTOR('',#17003,10.);
#5029=VECTOR('',#17004,10.);
#5030=VECTOR('',#17005,10.);
#5031=VECTOR('',#17006,10.);
#5032=VECTOR('',#17007,10.);
#5033=VECTOR('',#17008,10.);
#5034=VECTOR('',#17009,10.);
#5035=VECTOR('',#17010,10.);
#5036=VECTOR('',#17011,10.);
#5037=VECTOR('',#17012,10.);
#5038=VECTOR('',#17013,10.);
#5039=VECTOR('',#17014,10.);
#5040=VECTOR('',#17015,10.);
#5041=VECTOR('',#17016,10.);
#5042=VECTOR('',#17017,10.);
#5043=VECTOR('',#17018,10.);
#5044=VECTOR('',#17019,10.);
#5045=VECTOR('',#17020,10.);
#5046=VECTOR('',#17021,10.);
#5047=VECTOR('',#17022,10.);
#5048=VECTOR('',#17023,10.);
#5049=VECTOR('',#17024,10.);
#5050=VECTOR('',#17025,10.);
#5051=VECTOR('',#17026,10.);
#5052=VECTOR('',#17027,10.);
#5053=VECTOR('',#17032,1.45);
#5054=VECTOR('',#17037,10.);
#5055=VECTOR('',#17038,10.);
#5056=VECTOR('',#17039,10.);
#5057=VECTOR('',#17042,10.);
#5058=VECTOR('',#17043,10.);
#5059=VECTOR('',#17044,10.);
#5060=VECTOR('',#17047,10.);
#5061=VECTOR('',#17048,10.);
#5062=VECTOR('',#17055,10.);
#5063=VECTOR('',#17056,10.);
#5064=VECTOR('',#17059,10.);
#5065=VECTOR('',#17060,10.);
#5066=VECTOR('',#17063,10.);
#5067=VECTOR('',#17064,10.);
#5068=VECTOR('',#17067,10.);
#5069=VECTOR('',#17068,10.);
#5070=VECTOR('',#17071,10.);
#5071=VECTOR('',#17072,10.);
#5072=VECTOR('',#17073,10.);
#5073=VECTOR('',#17076,10.);
#5074=VECTOR('',#17077,10.);
#5075=VECTOR('',#17082,2.2);
#5076=VECTOR('',#17087,2.2);
#5077=VECTOR('',#17092,2.2);
#5078=VECTOR('',#17097,2.20000000000001);
#5079=VECTOR('',#17100,10.);
#5080=VECTOR('',#17101,10.);
#5081=VECTOR('',#17104,10.);
#5082=VECTOR('',#17105,10.);
#5083=VECTOR('',#17108,10.);
#5084=VECTOR('',#17115,2.20000000000001);
#5085=VECTOR('',#17120,2.20000000000001);
#5086=VECTOR('',#17125,2.20000000000001);
#5087=VECTOR('',#17130,10.);
#5088=VECTOR('',#17131,10.);
#5089=VECTOR('',#17134,10.);
#5090=VECTOR('',#17137,10.);
#5091=VECTOR('',#17142,10.);
#5092=VECTOR('',#17143,10.);
#5093=VECTOR('',#17146,10.);
#5094=VECTOR('',#17149,10.);
#5095=VECTOR('',#17154,10.);
#5096=VECTOR('',#17155,10.);
#5097=VECTOR('',#17158,10.);
#5098=VECTOR('',#17161,10.);
#5099=VECTOR('',#17166,10.);
#5100=VECTOR('',#17167,10.);
#5101=VECTOR('',#17170,10.);
#5102=VECTOR('',#17173,10.);
#5103=VECTOR('',#17178,10.);
#5104=VECTOR('',#17179,10.);
#5105=VECTOR('',#17182,10.);
#5106=VECTOR('',#17185,10.);
#5107=VECTOR('',#17190,10.);
#5108=VECTOR('',#17191,10.);
#5109=VECTOR('',#17194,10.);
#5110=VECTOR('',#17197,10.);
#5111=VECTOR('',#17202,10.);
#5112=VECTOR('',#17203,10.);
#5113=VECTOR('',#17206,10.);
#5114=VECTOR('',#17209,10.);
#5115=VECTOR('',#17214,10.);
#5116=VECTOR('',#17215,10.);
#5117=VECTOR('',#17218,10.);
#5118=VECTOR('',#17221,10.);
#5119=VECTOR('',#17226,10.);
#5120=VECTOR('',#17229,10.);
#5121=VECTOR('',#17232,10.);
#5122=VECTOR('',#17233,10.);
#5123=VECTOR('',#17234,10.);
#5124=VECTOR('',#17235,10.);
#5125=VECTOR('',#17238,10.);
#5126=VECTOR('',#17239,10.);
#5127=VECTOR('',#17242,10.);
#5128=VECTOR('',#17253,10.);
#5129=VECTOR('',#17256,2.2);
#5130=VECTOR('',#17261,2.20000000000001);
#5131=VECTOR('',#17266,2.2);
#5132=VECTOR('',#17271,2.2);
#5133=VECTOR('',#17280,10.);
#5134=VECTOR('',#17283,10.);
#5135=VECTOR('',#17286,10.);
#5136=VECTOR('',#17287,10.);
#5137=VECTOR('',#17288,10.);
#5138=VECTOR('',#17289,10.);
#5139=VECTOR('',#17290,10.);
#5140=VECTOR('',#17291,10.);
#5141=VECTOR('',#17294,10.);
#5142=VECTOR('',#17295,10.);
#5143=VECTOR('',#17296,10.);
#5144=VECTOR('',#17297,10.);
#5145=VECTOR('',#17298,10.);
#5146=VECTOR('',#17299,10.);
#5147=VECTOR('',#17300,10.);
#5148=VECTOR('',#17301,10.);
#5149=VECTOR('',#17302,10.);
#5150=VECTOR('',#17303,10.);
#5151=VECTOR('',#17304,10.);
#5152=VECTOR('',#17305,10.);
#5153=VECTOR('',#17306,10.);
#5154=VECTOR('',#17307,10.);
#5155=VECTOR('',#17308,10.);
#5156=VECTOR('',#17309,10.);
#5157=VECTOR('',#17310,10.);
#5158=VECTOR('',#17311,10.);
#5159=VECTOR('',#17312,10.);
#5160=VECTOR('',#17313,10.);
#5161=VECTOR('',#17314,10.);
#5162=VECTOR('',#17315,10.);
#5163=VECTOR('',#17316,10.);
#5164=VECTOR('',#17317,10.);
#5165=VECTOR('',#17318,10.);
#5166=VECTOR('',#17319,10.);
#5167=VECTOR('',#17320,10.);
#5168=VECTOR('',#17321,10.);
#5169=VECTOR('',#17322,10.);
#5170=VECTOR('',#17323,10.);
#5171=VECTOR('',#17324,10.);
#5172=VECTOR('',#17325,10.);
#5173=VECTOR('',#17326,10.);
#5174=VECTOR('',#17327,10.);
#5175=VECTOR('',#17336,10.);
#5176=VECTOR('',#17341,10.);
#5177=VECTOR('',#17342,10.);
#5178=VECTOR('',#17343,10.);
#5179=VECTOR('',#17344,10.);
#5180=VECTOR('',#17345,10.);
#5181=VECTOR('',#17348,10.);
#5182=VECTOR('',#17349,10.);
#5183=VECTOR('',#17350,10.);
#5184=VECTOR('',#17351,10.);
#5185=VECTOR('',#17352,10.);
#5186=VECTOR('',#17353,10.);
#5187=VECTOR('',#17354,10.);
#5188=VECTOR('',#17355,10.);
#5189=VECTOR('',#17356,10.);
#5190=VECTOR('',#17357,10.);
#5191=VECTOR('',#17358,10.);
#5192=VECTOR('',#17359,10.);
#5193=VECTOR('',#17360,10.);
#5194=VECTOR('',#17361,10.);
#5195=VECTOR('',#17362,10.);
#5196=VECTOR('',#17363,10.);
#5197=VECTOR('',#17364,10.);
#5198=VECTOR('',#17365,10.);
#5199=VECTOR('',#17366,10.);
#5200=VECTOR('',#17367,10.);
#5201=VECTOR('',#17368,10.);
#5202=VECTOR('',#17369,10.);
#5203=VECTOR('',#17370,10.);
#5204=VECTOR('',#17371,10.);
#5205=VECTOR('',#17372,10.);
#5206=VECTOR('',#17373,10.);
#5207=VECTOR('',#17374,10.);
#5208=VECTOR('',#17375,10.);
#5209=VECTOR('',#17376,10.);
#5210=VECTOR('',#17377,10.);
#5211=VECTOR('',#17378,10.);
#5212=VECTOR('',#17379,10.);
#5213=VECTOR('',#17388,10.);
#5214=VECTOR('',#17389,10.);
#5215=VECTOR('',#17390,10.);
#5216=VECTOR('',#17391,10.);
#5217=VECTOR('',#17400,10.);
#5218=VECTOR('',#17401,10.);
#5219=VECTOR('',#17402,10.);
#5220=VECTOR('',#17403,10.);
#5221=VECTOR('',#17412,10.);
#5222=VECTOR('',#17413,10.);
#5223=VECTOR('',#17414,10.);
#5224=VECTOR('',#17415,10.);
#5225=VECTOR('',#17424,10.);
#5226=VECTOR('',#17425,10.);
#5227=VECTOR('',#17426,10.);
#5228=VECTOR('',#17427,10.);
#5229=VECTOR('',#17436,10.);
#5230=VECTOR('',#17437,10.);
#5231=VECTOR('',#17438,10.);
#5232=VECTOR('',#17439,10.);
#5233=VECTOR('',#17448,10.);
#5234=VECTOR('',#17449,10.);
#5235=VECTOR('',#17450,10.);
#5236=VECTOR('',#17451,10.);
#5237=VECTOR('',#17460,10.);
#5238=VECTOR('',#17461,10.);
#5239=VECTOR('',#17462,10.);
#5240=VECTOR('',#17463,10.);
#5241=VECTOR('',#17464,10.);
#5242=VECTOR('',#17465,10.);
#5243=VECTOR('',#17466,10.);
#5244=VECTOR('',#17467,10.);
#5245=VECTOR('',#17474,1.64999999999999);
#5246=VECTOR('',#17479,1.65);
#5247=VECTOR('',#17484,1.45);
#5248=VECTOR('',#17489,10.);
#5249=VECTOR('',#17490,10.);
#5250=VECTOR('',#17491,10.);
#5251=VECTOR('',#17492,10.);
#5252=VECTOR('',#17495,10.);
#5253=VECTOR('',#17496,10.);
#5254=VECTOR('',#17497,10.);
#5255=VECTOR('',#17498,10.);
#5256=VECTOR('',#17501,10.);
#5257=VECTOR('',#17502,10.);
#5258=VECTOR('',#17505,10.);
#5259=VECTOR('',#17508,10.);
#5260=VECTOR('',#17513,1.45);
#5261=VECTOR('',#17518,10.);
#5262=VECTOR('',#17519,10.);
#5263=VECTOR('',#17520,10.);
#5264=VECTOR('',#17521,10.);
#5265=VECTOR('',#17524,10.);
#5266=VECTOR('',#17525,10.);
#5267=VECTOR('',#17526,10.);
#5268=VECTOR('',#17529,10.);
#5269=VECTOR('',#17530,10.);
#5270=VECTOR('',#17533,10.);
#5271=VECTOR('',#17534,10.);
#5272=VECTOR('',#17537,10.);
#5273=VECTOR('',#17538,10.);
#5274=VECTOR('',#17539,10.);
#5275=VECTOR('',#17540,10.);
#5276=VECTOR('',#17541,10.);
#5277=VECTOR('',#17542,10.);
#5278=VECTOR('',#17543,10.);
#5279=VECTOR('',#17544,10.);
#5280=VECTOR('',#17545,10.);
#5281=VECTOR('',#17546,10.);
#5282=VECTOR('',#17547,10.);
#5283=VECTOR('',#17548,10.);
#5284=VECTOR('',#17549,10.);
#5285=VECTOR('',#17550,10.);
#5286=VECTOR('',#17551,10.);
#5287=VECTOR('',#17552,10.);
#5288=VECTOR('',#17553,10.);
#5289=VECTOR('',#17554,10.);
#5290=VECTOR('',#17555,10.);
#5291=VECTOR('',#17556,10.);
#5292=VECTOR('',#17557,10.);
#5293=VECTOR('',#17558,10.);
#5294=VECTOR('',#17559,10.);
#5295=VECTOR('',#17560,10.);
#5296=VECTOR('',#17561,10.);
#5297=VECTOR('',#17562,10.);
#5298=VECTOR('',#17563,10.);
#5299=VECTOR('',#17564,10.);
#5300=VECTOR('',#17565,10.);
#5301=VECTOR('',#17566,10.);
#5302=VECTOR('',#17567,10.);
#5303=VECTOR('',#17568,10.);
#5304=VECTOR('',#17569,10.);
#5305=VECTOR('',#17570,10.);
#5306=VECTOR('',#17573,10.);
#5307=VECTOR('',#17574,10.);
#5308=VECTOR('',#17575,10.);
#5309=VECTOR('',#17578,10.);
#5310=VECTOR('',#17579,10.);
#5311=VECTOR('',#17582,10.);
#5312=VECTOR('',#17585,10.);
#5313=VECTOR('',#17586,10.);
#5314=VECTOR('',#17587,10.);
#5315=VECTOR('',#17600,2.19999999999999);
#5316=VECTOR('',#17603,10.);
#5317=VECTOR('',#17604,10.);
#5318=VECTOR('',#17607,10.);
#5319=VECTOR('',#17610,10.);
#5320=VECTOR('',#17611,10.);
#5321=VECTOR('',#17612,10.);
#5322=VECTOR('',#17615,10.);
#5323=VECTOR('',#17616,10.);
#5324=VECTOR('',#17617,10.);
#5325=VECTOR('',#17622,10.);
#5326=VECTOR('',#17625,10.);
#5327=VECTOR('',#17626,10.);
#5328=VECTOR('',#17627,10.);
#5329=VECTOR('',#17628,10.);
#5330=VECTOR('',#17629,10.);
#5331=VECTOR('',#17630,10.);
#5332=VECTOR('',#17631,10.);
#5333=VECTOR('',#17632,10.);
#5334=VECTOR('',#17633,10.);
#5335=VECTOR('',#17634,10.);
#5336=VECTOR('',#17635,10.);
#5337=VECTOR('',#17636,10.);
#5338=VECTOR('',#17637,10.);
#5339=VECTOR('',#17638,10.);
#5340=VECTOR('',#17639,10.);
#5341=VECTOR('',#17646,10.);
#5342=VECTOR('',#17647,10.);
#5343=VECTOR('',#17650,10.);
#5344=VECTOR('',#17651,10.);
#5345=VECTOR('',#17658,10.);
#5346=VECTOR('',#17659,10.);
#5347=VECTOR('',#17666,10.);
#5348=VECTOR('',#17667,10.);
#5349=VECTOR('',#17678,10.);
#5350=VECTOR('',#17679,10.);
#5351=VECTOR('',#17686,10.);
#5352=VECTOR('',#17687,10.);
#5353=VECTOR('',#17690,10.);
#5354=VECTOR('',#17691,10.);
#5355=VECTOR('',#17698,10.);
#5356=VECTOR('',#17699,10.);
#5357=VECTOR('',#17702,10.);
#5358=VECTOR('',#17703,10.);
#5359=VECTOR('',#17706,10.);
#5360=VECTOR('',#17709,2.2);
#5361=VECTOR('',#17714,2.2);
#5362=VECTOR('',#17719,2.20000000000001);
#5363=VECTOR('',#17724,2.2);
#5364=VECTOR('',#17733,10.);
#5365=VECTOR('',#17736,10.);
#5366=VECTOR('',#17741,10.);
#5367=VECTOR('',#17742,10.);
#5368=VECTOR('',#17743,10.);
#5369=VECTOR('',#17744,10.);
#5370=VECTOR('',#17745,10.);
#5371=VECTOR('',#17748,10.);
#5372=VECTOR('',#17749,10.);
#5373=VECTOR('',#17752,10.);
#5374=VECTOR('',#17753,10.);
#5375=VECTOR('',#17756,10.);
#5376=VECTOR('',#17757,10.);
#5377=VECTOR('',#17758,10.);
#5378=VECTOR('',#17761,10.);
#5379=VECTOR('',#17762,10.);
#5380=VERTEX_POINT('',#17772);
#5381=VERTEX_POINT('',#17773);
#5382=VERTEX_POINT('',#17775);
#5383=VERTEX_POINT('',#17777);
#5384=VERTEX_POINT('',#17786);
#5385=VERTEX_POINT('',#17787);
#5386=VERTEX_POINT('',#17789);
#5387=VERTEX_POINT('',#17791);
#5388=VERTEX_POINT('',#17795);
#5389=VERTEX_POINT('',#17797);
#5390=VERTEX_POINT('',#17801);
#5391=VERTEX_POINT('',#17803);
#5392=VERTEX_POINT('',#17811);
#5393=VERTEX_POINT('',#17812);
#5394=VERTEX_POINT('',#17814);
#5395=VERTEX_POINT('',#17816);
#5396=VERTEX_POINT('',#17819);
#5397=VERTEX_POINT('',#17821);
#5398=VERTEX_POINT('',#17823);
#5399=VERTEX_POINT('',#17826);
#5400=VERTEX_POINT('',#17827);
#5401=VERTEX_POINT('',#17829);
#5402=VERTEX_POINT('',#17831);
#5403=VERTEX_POINT('',#17833);
#5404=VERTEX_POINT('',#17835);
#5405=VERTEX_POINT('',#17838);
#5406=VERTEX_POINT('',#17840);
#5407=VERTEX_POINT('',#17842);
#5408=VERTEX_POINT('',#17845);
#5409=VERTEX_POINT('',#17846);
#5410=VERTEX_POINT('',#17848);
#5411=VERTEX_POINT('',#17850);
#5412=VERTEX_POINT('',#17854);
#5413=VERTEX_POINT('',#17856);
#5414=VERTEX_POINT('',#17860);
#5415=VERTEX_POINT('',#17862);
#5416=VERTEX_POINT('',#17866);
#5417=VERTEX_POINT('',#17867);
#5418=VERTEX_POINT('',#17869);
#5419=VERTEX_POINT('',#17871);
#5420=VERTEX_POINT('',#17875);
#5421=VERTEX_POINT('',#17877);
#5422=VERTEX_POINT('',#17883);
#5423=VERTEX_POINT('',#17885);
#5424=VERTEX_POINT('',#17889);
#5425=VERTEX_POINT('',#17891);
#5426=VERTEX_POINT('',#17895);
#5427=VERTEX_POINT('',#17897);
#5428=VERTEX_POINT('',#17901);
#5429=VERTEX_POINT('',#17905);
#5430=VERTEX_POINT('',#17910);
#5431=VERTEX_POINT('',#17912);
#5432=VERTEX_POINT('',#17914);
#5433=VERTEX_POINT('',#17916);
#5434=VERTEX_POINT('',#17918);
#5435=VERTEX_POINT('',#17920);
#5436=VERTEX_POINT('',#17922);
#5437=VERTEX_POINT('',#17924);
#5438=VERTEX_POINT('',#17927);
#5439=VERTEX_POINT('',#17929);
#5440=VERTEX_POINT('',#17931);
#5441=VERTEX_POINT('',#17933);
#5442=VERTEX_POINT('',#17936);
#5443=VERTEX_POINT('',#17942);
#5444=VERTEX_POINT('',#17946);
#5445=VERTEX_POINT('',#17950);
#5446=VERTEX_POINT('',#17954);
#5447=VERTEX_POINT('',#17958);
#5448=VERTEX_POINT('',#17959);
#5449=VERTEX_POINT('',#17961);
#5450=VERTEX_POINT('',#17963);
#5451=VERTEX_POINT('',#17965);
#5452=VERTEX_POINT('',#17967);
#5453=VERTEX_POINT('',#17971);
#5454=VERTEX_POINT('',#17973);
#5455=VERTEX_POINT('',#17977);
#5456=VERTEX_POINT('',#17979);
#5457=VERTEX_POINT('',#17983);
#5458=VERTEX_POINT('',#17984);
#5459=VERTEX_POINT('',#17991);
#5460=VERTEX_POINT('',#17995);
#5461=VERTEX_POINT('',#17996);
#5462=VERTEX_POINT('',#17998);
#5463=VERTEX_POINT('',#18000);
#5464=VERTEX_POINT('',#18004);
#5465=VERTEX_POINT('',#18006);
#5466=VERTEX_POINT('',#18010);
#5467=VERTEX_POINT('',#18011);
#5468=VERTEX_POINT('',#18013);
#5469=VERTEX_POINT('',#18016);
#5470=VERTEX_POINT('',#18020);
#5471=VERTEX_POINT('',#18022);
#5472=VERTEX_POINT('',#18031);
#5473=VERTEX_POINT('',#18043);
#5474=VERTEX_POINT('',#18063);
#5475=VERTEX_POINT('',#18064);
#5476=VERTEX_POINT('',#18066);
#5477=VERTEX_POINT('',#18068);
#5478=VERTEX_POINT('',#18072);
#5479=VERTEX_POINT('',#18074);
#5480=VERTEX_POINT('',#18076);
#5481=VERTEX_POINT('',#18078);
#5482=VERTEX_POINT('',#18080);
#5483=VERTEX_POINT('',#18084);
#5484=VERTEX_POINT('',#18086);
#5485=VERTEX_POINT('',#18088);
#5486=VERTEX_POINT('',#18090);
#5487=VERTEX_POINT('',#18092);
#5488=VERTEX_POINT('',#18094);
#5489=VERTEX_POINT('',#18096);
#5490=VERTEX_POINT('',#18098);
#5491=VERTEX_POINT('',#18100);
#5492=VERTEX_POINT('',#18102);
#5493=VERTEX_POINT('',#18104);
#5494=VERTEX_POINT('',#18106);
#5495=VERTEX_POINT('',#18108);
#5496=VERTEX_POINT('',#18110);
#5497=VERTEX_POINT('',#18112);
#5498=VERTEX_POINT('',#18114);
#5499=VERTEX_POINT('',#18116);
#5500=VERTEX_POINT('',#18118);
#5501=VERTEX_POINT('',#18120);
#5502=VERTEX_POINT('',#18122);
#5503=VERTEX_POINT('',#18124);
#5504=VERTEX_POINT('',#18126);
#5505=VERTEX_POINT('',#18128);
#5506=VERTEX_POINT('',#18130);
#5507=VERTEX_POINT('',#18132);
#5508=VERTEX_POINT('',#18134);
#5509=VERTEX_POINT('',#18136);
#5510=VERTEX_POINT('',#18138);
#5511=VERTEX_POINT('',#18140);
#5512=VERTEX_POINT('',#18142);
#5513=VERTEX_POINT('',#18144);
#5514=VERTEX_POINT('',#18146);
#5515=VERTEX_POINT('',#18148);
#5516=VERTEX_POINT('',#18150);
#5517=VERTEX_POINT('',#18152);
#5518=VERTEX_POINT('',#18154);
#5519=VERTEX_POINT('',#18156);
#5520=VERTEX_POINT('',#18158);
#5521=VERTEX_POINT('',#18160);
#5522=VERTEX_POINT('',#18162);
#5523=VERTEX_POINT('',#18164);
#5524=VERTEX_POINT('',#18166);
#5525=VERTEX_POINT('',#18168);
#5526=VERTEX_POINT('',#18170);
#5527=VERTEX_POINT('',#18172);
#5528=VERTEX_POINT('',#18175);
#5529=VERTEX_POINT('',#18176);
#5530=VERTEX_POINT('',#18178);
#5531=VERTEX_POINT('',#18180);
#5532=VERTEX_POINT('',#18183);
#5533=VERTEX_POINT('',#18184);
#5534=VERTEX_POINT('',#18186);
#5535=VERTEX_POINT('',#18188);
#5536=VERTEX_POINT('',#18191);
#5537=VERTEX_POINT('',#18192);
#5538=VERTEX_POINT('',#18194);
#5539=VERTEX_POINT('',#18196);
#5540=VERTEX_POINT('',#18199);
#5541=VERTEX_POINT('',#18200);
#5542=VERTEX_POINT('',#18202);
#5543=VERTEX_POINT('',#18204);
#5544=VERTEX_POINT('',#18207);
#5545=VERTEX_POINT('',#18208);
#5546=VERTEX_POINT('',#18210);
#5547=VERTEX_POINT('',#18212);
#5548=VERTEX_POINT('',#18215);
#5549=VERTEX_POINT('',#18216);
#5550=VERTEX_POINT('',#18218);
#5551=VERTEX_POINT('',#18220);
#5552=VERTEX_POINT('',#18223);
#5553=VERTEX_POINT('',#18224);
#5554=VERTEX_POINT('',#18226);
#5555=VERTEX_POINT('',#18228);
#5556=VERTEX_POINT('',#18231);
#5557=VERTEX_POINT('',#18232);
#5558=VERTEX_POINT('',#18234);
#5559=VERTEX_POINT('',#18236);
#5560=VERTEX_POINT('',#18239);
#5561=VERTEX_POINT('',#18240);
#5562=VERTEX_POINT('',#18242);
#5563=VERTEX_POINT('',#18244);
#5564=VERTEX_POINT('',#18247);
#5565=VERTEX_POINT('',#18248);
#5566=VERTEX_POINT('',#18250);
#5567=VERTEX_POINT('',#18252);
#5568=VERTEX_POINT('',#18255);
#5569=VERTEX_POINT('',#18256);
#5570=VERTEX_POINT('',#18258);
#5571=VERTEX_POINT('',#18260);
#5572=VERTEX_POINT('',#18263);
#5573=VERTEX_POINT('',#18264);
#5574=VERTEX_POINT('',#18266);
#5575=VERTEX_POINT('',#18268);
#5576=VERTEX_POINT('',#18271);
#5577=VERTEX_POINT('',#18272);
#5578=VERTEX_POINT('',#18274);
#5579=VERTEX_POINT('',#18276);
#5580=VERTEX_POINT('',#18279);
#5581=VERTEX_POINT('',#18280);
#5582=VERTEX_POINT('',#18282);
#5583=VERTEX_POINT('',#18284);
#5584=VERTEX_POINT('',#18287);
#5585=VERTEX_POINT('',#18288);
#5586=VERTEX_POINT('',#18290);
#5587=VERTEX_POINT('',#18292);
#5588=VERTEX_POINT('',#18295);
#5589=VERTEX_POINT('',#18296);
#5590=VERTEX_POINT('',#18298);
#5591=VERTEX_POINT('',#18300);
#5592=VERTEX_POINT('',#18304);
#5593=VERTEX_POINT('',#18306);
#5594=VERTEX_POINT('',#18310);
#5595=VERTEX_POINT('',#18312);
#5596=VERTEX_POINT('',#18314);
#5597=VERTEX_POINT('',#18316);
#5598=VERTEX_POINT('',#18320);
#5599=VERTEX_POINT('',#18322);
#5600=VERTEX_POINT('',#18326);
#5601=VERTEX_POINT('',#18328);
#5602=VERTEX_POINT('',#18330);
#5603=VERTEX_POINT('',#18332);
#5604=VERTEX_POINT('',#18336);
#5605=VERTEX_POINT('',#18338);
#5606=VERTEX_POINT('',#18342);
#5607=VERTEX_POINT('',#18344);
#5608=VERTEX_POINT('',#18346);
#5609=VERTEX_POINT('',#18348);
#5610=VERTEX_POINT('',#18352);
#5611=VERTEX_POINT('',#18354);
#5612=VERTEX_POINT('',#18358);
#5613=VERTEX_POINT('',#18360);
#5614=VERTEX_POINT('',#18362);
#5615=VERTEX_POINT('',#18364);
#5616=VERTEX_POINT('',#18368);
#5617=VERTEX_POINT('',#18370);
#5618=VERTEX_POINT('',#18374);
#5619=VERTEX_POINT('',#18376);
#5620=VERTEX_POINT('',#18378);
#5621=VERTEX_POINT('',#18380);
#5622=VERTEX_POINT('',#18384);
#5623=VERTEX_POINT('',#18386);
#5624=VERTEX_POINT('',#18390);
#5625=VERTEX_POINT('',#18392);
#5626=VERTEX_POINT('',#18394);
#5627=VERTEX_POINT('',#18396);
#5628=VERTEX_POINT('',#18400);
#5629=VERTEX_POINT('',#18402);
#5630=VERTEX_POINT('',#18406);
#5631=VERTEX_POINT('',#18408);
#5632=VERTEX_POINT('',#18410);
#5633=VERTEX_POINT('',#18412);
#5634=VERTEX_POINT('',#18416);
#5635=VERTEX_POINT('',#18418);
#5636=VERTEX_POINT('',#18422);
#5637=VERTEX_POINT('',#18424);
#5638=VERTEX_POINT('',#18426);
#5639=VERTEX_POINT('',#18428);
#5640=VERTEX_POINT('',#18432);
#5641=VERTEX_POINT('',#18434);
#5642=VERTEX_POINT('',#18438);
#5643=VERTEX_POINT('',#18440);
#5644=VERTEX_POINT('',#18442);
#5645=VERTEX_POINT('',#18444);
#5646=VERTEX_POINT('',#18448);
#5647=VERTEX_POINT('',#18450);
#5648=VERTEX_POINT('',#18454);
#5649=VERTEX_POINT('',#18456);
#5650=VERTEX_POINT('',#18458);
#5651=VERTEX_POINT('',#18460);
#5652=VERTEX_POINT('',#18464);
#5653=VERTEX_POINT('',#18466);
#5654=VERTEX_POINT('',#18470);
#5655=VERTEX_POINT('',#18472);
#5656=VERTEX_POINT('',#18474);
#5657=VERTEX_POINT('',#18476);
#5658=VERTEX_POINT('',#18480);
#5659=VERTEX_POINT('',#18482);
#5660=VERTEX_POINT('',#18486);
#5661=VERTEX_POINT('',#18488);
#5662=VERTEX_POINT('',#18492);
#5663=VERTEX_POINT('',#18493);
#5664=VERTEX_POINT('',#18495);
#5665=VERTEX_POINT('',#18497);
#5666=VERTEX_POINT('',#18501);
#5667=VERTEX_POINT('',#18503);
#5668=VERTEX_POINT('',#18507);
#5669=VERTEX_POINT('',#18509);
#5670=VERTEX_POINT('',#18513);
#5671=VERTEX_POINT('',#18514);
#5672=VERTEX_POINT('',#18516);
#5673=VERTEX_POINT('',#18518);
#5674=VERTEX_POINT('',#18520);
#5675=VERTEX_POINT('',#18522);
#5676=VERTEX_POINT('',#18526);
#5677=VERTEX_POINT('',#18528);
#5678=VERTEX_POINT('',#18531);
#5679=VERTEX_POINT('',#18533);
#5680=VERTEX_POINT('',#18536);
#5681=VERTEX_POINT('',#18538);
#5682=VERTEX_POINT('',#18541);
#5683=VERTEX_POINT('',#18543);
#5684=VERTEX_POINT('',#18546);
#5685=VERTEX_POINT('',#18548);
#5686=VERTEX_POINT('',#18551);
#5687=VERTEX_POINT('',#18553);
#5688=VERTEX_POINT('',#18556);
#5689=VERTEX_POINT('',#18558);
#5690=VERTEX_POINT('',#18561);
#5691=VERTEX_POINT('',#18563);
#5692=VERTEX_POINT('',#18566);
#5693=VERTEX_POINT('',#18568);
#5694=VERTEX_POINT('',#18571);
#5695=VERTEX_POINT('',#18573);
#5696=VERTEX_POINT('',#18576);
#5697=VERTEX_POINT('',#18578);
#5698=VERTEX_POINT('',#18582);
#5699=VERTEX_POINT('',#18584);
#5700=VERTEX_POINT('',#18587);
#5701=VERTEX_POINT('',#18588);
#5702=VERTEX_POINT('',#18590);
#5703=VERTEX_POINT('',#18592);
#5704=VERTEX_POINT('',#18595);
#5705=VERTEX_POINT('',#18596);
#5706=VERTEX_POINT('',#18598);
#5707=VERTEX_POINT('',#18600);
#5708=VERTEX_POINT('',#18603);
#5709=VERTEX_POINT('',#18604);
#5710=VERTEX_POINT('',#18606);
#5711=VERTEX_POINT('',#18608);
#5712=VERTEX_POINT('',#18611);
#5713=VERTEX_POINT('',#18612);
#5714=VERTEX_POINT('',#18614);
#5715=VERTEX_POINT('',#18616);
#5716=VERTEX_POINT('',#18619);
#5717=VERTEX_POINT('',#18620);
#5718=VERTEX_POINT('',#18622);
#5719=VERTEX_POINT('',#18624);
#5720=VERTEX_POINT('',#18627);
#5721=VERTEX_POINT('',#18628);
#5722=VERTEX_POINT('',#18630);
#5723=VERTEX_POINT('',#18632);
#5724=VERTEX_POINT('',#18635);
#5725=VERTEX_POINT('',#18636);
#5726=VERTEX_POINT('',#18638);
#5727=VERTEX_POINT('',#18640);
#5728=VERTEX_POINT('',#18643);
#5729=VERTEX_POINT('',#18644);
#5730=VERTEX_POINT('',#18646);
#5731=VERTEX_POINT('',#18648);
#5732=VERTEX_POINT('',#18651);
#5733=VERTEX_POINT('',#18652);
#5734=VERTEX_POINT('',#18654);
#5735=VERTEX_POINT('',#18656);
#5736=VERTEX_POINT('',#18659);
#5737=VERTEX_POINT('',#18660);
#5738=VERTEX_POINT('',#18662);
#5739=VERTEX_POINT('',#18664);
#5740=VERTEX_POINT('',#18667);
#5741=VERTEX_POINT('',#18668);
#5742=VERTEX_POINT('',#18670);
#5743=VERTEX_POINT('',#18672);
#5744=VERTEX_POINT('',#18675);
#5745=VERTEX_POINT('',#18676);
#5746=VERTEX_POINT('',#18678);
#5747=VERTEX_POINT('',#18680);
#5748=VERTEX_POINT('',#18683);
#5749=VERTEX_POINT('',#18684);
#5750=VERTEX_POINT('',#18686);
#5751=VERTEX_POINT('',#18688);
#5752=VERTEX_POINT('',#18691);
#5753=VERTEX_POINT('',#18692);
#5754=VERTEX_POINT('',#18694);
#5755=VERTEX_POINT('',#18696);
#5756=VERTEX_POINT('',#18699);
#5757=VERTEX_POINT('',#18700);
#5758=VERTEX_POINT('',#18702);
#5759=VERTEX_POINT('',#18704);
#5760=VERTEX_POINT('',#18707);
#5761=VERTEX_POINT('',#18708);
#5762=VERTEX_POINT('',#18710);
#5763=VERTEX_POINT('',#18712);
#5764=VERTEX_POINT('',#18716);
#5765=VERTEX_POINT('',#18718);
#5766=VERTEX_POINT('',#18722);
#5767=VERTEX_POINT('',#18724);
#5768=VERTEX_POINT('',#18728);
#5769=VERTEX_POINT('',#18730);
#5770=VERTEX_POINT('',#18734);
#5771=VERTEX_POINT('',#18736);
#5772=VERTEX_POINT('',#18741);
#5773=VERTEX_POINT('',#18742);
#5774=VERTEX_POINT('',#18744);
#5775=VERTEX_POINT('',#18746);
#5776=VERTEX_POINT('',#18752);
#5777=VERTEX_POINT('',#18754);
#5778=VERTEX_POINT('',#18771);
#5779=VERTEX_POINT('',#18773);
#5780=VERTEX_POINT('',#18790);
#5781=VERTEX_POINT('',#18792);
#5782=VERTEX_POINT('',#18809);
#5783=VERTEX_POINT('',#18811);
#5784=VERTEX_POINT('',#18828);
#5785=VERTEX_POINT('',#18830);
#5786=VERTEX_POINT('',#18847);
#5787=VERTEX_POINT('',#18849);
#5788=VERTEX_POINT('',#18866);
#5789=VERTEX_POINT('',#18868);
#5790=VERTEX_POINT('',#18885);
#5791=VERTEX_POINT('',#18887);
#5792=VERTEX_POINT('',#18904);
#5793=VERTEX_POINT('',#18906);
#5794=VERTEX_POINT('',#18923);
#5795=VERTEX_POINT('',#18925);
#5796=VERTEX_POINT('',#18996);
#5797=VERTEX_POINT('',#18998);
#5798=VERTEX_POINT('',#19002);
#5799=VERTEX_POINT('',#19004);
#5800=VERTEX_POINT('',#19008);
#5801=VERTEX_POINT('',#19010);
#5802=VERTEX_POINT('',#19014);
#5803=VERTEX_POINT('',#19016);
#5804=VERTEX_POINT('',#19023);
#5805=VERTEX_POINT('',#19025);
#5806=VERTEX_POINT('',#19027);
#5807=VERTEX_POINT('',#19030);
#5808=VERTEX_POINT('',#19031);
#5809=VERTEX_POINT('',#19035);
#5810=VERTEX_POINT('',#19037);
#5811=VERTEX_POINT('',#19039);
#5812=VERTEX_POINT('',#19041);
#5813=VERTEX_POINT('',#19044);
#5814=VERTEX_POINT('',#19048);
#5815=VERTEX_POINT('',#19052);
#5816=VERTEX_POINT('',#19056);
#5817=VERTEX_POINT('',#19060);
#5818=VERTEX_POINT('',#19064);
#5819=VERTEX_POINT('',#19068);
#5820=VERTEX_POINT('',#19076);
#5821=VERTEX_POINT('',#19080);
#5822=VERTEX_POINT('',#19087);
#5823=VERTEX_POINT('',#19088);
#5824=VERTEX_POINT('',#19090);
#5825=VERTEX_POINT('',#19092);
#5826=VERTEX_POINT('',#19096);
#5827=VERTEX_POINT('',#19098);
#5828=VERTEX_POINT('',#19102);
#5829=VERTEX_POINT('',#19104);
#5830=VERTEX_POINT('',#19112);
#5831=VERTEX_POINT('',#19113);
#5832=VERTEX_POINT('',#19115);
#5833=VERTEX_POINT('',#19117);
#5834=VERTEX_POINT('',#19120);
#5835=VERTEX_POINT('',#19122);
#5836=VERTEX_POINT('',#19124);
#5837=VERTEX_POINT('',#19127);
#5838=VERTEX_POINT('',#19128);
#5839=VERTEX_POINT('',#19130);
#5840=VERTEX_POINT('',#19132);
#5841=VERTEX_POINT('',#19134);
#5842=VERTEX_POINT('',#19136);
#5843=VERTEX_POINT('',#19139);
#5844=VERTEX_POINT('',#19141);
#5845=VERTEX_POINT('',#19143);
#5846=VERTEX_POINT('',#19146);
#5847=VERTEX_POINT('',#19147);
#5848=VERTEX_POINT('',#19149);
#5849=VERTEX_POINT('',#19151);
#5850=VERTEX_POINT('',#19157);
#5851=VERTEX_POINT('',#19159);
#5852=VERTEX_POINT('',#19163);
#5853=VERTEX_POINT('',#19165);
#5854=VERTEX_POINT('',#19169);
#5855=VERTEX_POINT('',#19171);
#5856=VERTEX_POINT('',#19175);
#5857=VERTEX_POINT('',#19176);
#5858=VERTEX_POINT('',#19178);
#5859=VERTEX_POINT('',#19180);
#5860=VERTEX_POINT('',#19183);
#5861=VERTEX_POINT('',#19185);
#5862=VERTEX_POINT('',#19187);
#5863=VERTEX_POINT('',#19189);
#5864=VERTEX_POINT('',#19192);
#5865=VERTEX_POINT('',#19196);
#5866=VERTEX_POINT('',#19198);
#5867=VERTEX_POINT('',#19201);
#5868=VERTEX_POINT('',#19203);
#5869=VERTEX_POINT('',#19204);
#5870=VERTEX_POINT('',#19206);
#5871=VERTEX_POINT('',#19208);
#5872=VERTEX_POINT('',#19211);
#5873=VERTEX_POINT('',#19213);
#5874=VERTEX_POINT('',#19215);
#5875=VERTEX_POINT('',#19224);
#5876=VERTEX_POINT('',#19228);
#5877=VERTEX_POINT('',#19250);
#5878=VERTEX_POINT('',#19259);
#5879=VERTEX_POINT('',#19260);
#5880=VERTEX_POINT('',#19262);
#5881=VERTEX_POINT('',#19264);
#5882=VERTEX_POINT('',#19268);
#5883=VERTEX_POINT('',#19270);
#5884=VERTEX_POINT('',#19272);
#5885=VERTEX_POINT('',#19274);
#5886=VERTEX_POINT('',#19276);
#5887=VERTEX_POINT('',#19280);
#5888=VERTEX_POINT('',#19282);
#5889=VERTEX_POINT('',#19284);
#5890=VERTEX_POINT('',#19286);
#5891=VERTEX_POINT('',#19288);
#5892=VERTEX_POINT('',#19290);
#5893=VERTEX_POINT('',#19292);
#5894=VERTEX_POINT('',#19294);
#5895=VERTEX_POINT('',#19296);
#5896=VERTEX_POINT('',#19298);
#5897=VERTEX_POINT('',#19300);
#5898=VERTEX_POINT('',#19302);
#5899=VERTEX_POINT('',#19304);
#5900=VERTEX_POINT('',#19306);
#5901=VERTEX_POINT('',#19308);
#5902=VERTEX_POINT('',#19310);
#5903=VERTEX_POINT('',#19312);
#5904=VERTEX_POINT('',#19314);
#5905=VERTEX_POINT('',#19316);
#5906=VERTEX_POINT('',#19318);
#5907=VERTEX_POINT('',#19320);
#5908=VERTEX_POINT('',#19322);
#5909=VERTEX_POINT('',#19324);
#5910=VERTEX_POINT('',#19326);
#5911=VERTEX_POINT('',#19328);
#5912=VERTEX_POINT('',#19330);
#5913=VERTEX_POINT('',#19332);
#5914=VERTEX_POINT('',#19334);
#5915=VERTEX_POINT('',#19336);
#5916=VERTEX_POINT('',#19338);
#5917=VERTEX_POINT('',#19340);
#5918=VERTEX_POINT('',#19342);
#5919=VERTEX_POINT('',#19344);
#5920=VERTEX_POINT('',#19346);
#5921=VERTEX_POINT('',#19348);
#5922=VERTEX_POINT('',#19350);
#5923=VERTEX_POINT('',#19352);
#5924=VERTEX_POINT('',#19354);
#5925=VERTEX_POINT('',#19356);
#5926=VERTEX_POINT('',#19358);
#5927=VERTEX_POINT('',#19360);
#5928=VERTEX_POINT('',#19362);
#5929=VERTEX_POINT('',#19364);
#5930=VERTEX_POINT('',#19366);
#5931=VERTEX_POINT('',#19368);
#5932=VERTEX_POINT('',#19370);
#5933=VERTEX_POINT('',#19372);
#5934=VERTEX_POINT('',#19374);
#5935=VERTEX_POINT('',#19376);
#5936=VERTEX_POINT('',#19378);
#5937=VERTEX_POINT('',#19380);
#5938=VERTEX_POINT('',#19382);
#5939=VERTEX_POINT('',#19384);
#5940=VERTEX_POINT('',#19386);
#5941=VERTEX_POINT('',#19388);
#5942=VERTEX_POINT('',#19390);
#5943=VERTEX_POINT('',#19392);
#5944=VERTEX_POINT('',#19394);
#5945=VERTEX_POINT('',#19396);
#5946=VERTEX_POINT('',#19398);
#5947=VERTEX_POINT('',#19400);
#5948=VERTEX_POINT('',#19402);
#5949=VERTEX_POINT('',#19404);
#5950=VERTEX_POINT('',#19406);
#5951=VERTEX_POINT('',#19408);
#5952=VERTEX_POINT('',#19412);
#5953=VERTEX_POINT('',#19414);
#5954=VERTEX_POINT('',#19418);
#5955=VERTEX_POINT('',#19420);
#5956=VERTEX_POINT('',#19422);
#5957=VERTEX_POINT('',#19424);
#5958=VERTEX_POINT('',#19428);
#5959=VERTEX_POINT('',#19430);
#5960=VERTEX_POINT('',#19434);
#5961=VERTEX_POINT('',#19436);
#5962=VERTEX_POINT('',#19438);
#5963=VERTEX_POINT('',#19440);
#5964=VERTEX_POINT('',#19444);
#5965=VERTEX_POINT('',#19446);
#5966=VERTEX_POINT('',#19450);
#5967=VERTEX_POINT('',#19452);
#5968=VERTEX_POINT('',#19454);
#5969=VERTEX_POINT('',#19456);
#5970=VERTEX_POINT('',#19460);
#5971=VERTEX_POINT('',#19462);
#5972=VERTEX_POINT('',#19466);
#5973=VERTEX_POINT('',#19468);
#5974=VERTEX_POINT('',#19470);
#5975=VERTEX_POINT('',#19472);
#5976=VERTEX_POINT('',#19476);
#5977=VERTEX_POINT('',#19478);
#5978=VERTEX_POINT('',#19482);
#5979=VERTEX_POINT('',#19484);
#5980=VERTEX_POINT('',#19486);
#5981=VERTEX_POINT('',#19488);
#5982=VERTEX_POINT('',#19492);
#5983=VERTEX_POINT('',#19494);
#5984=VERTEX_POINT('',#19498);
#5985=VERTEX_POINT('',#19500);
#5986=VERTEX_POINT('',#19502);
#5987=VERTEX_POINT('',#19504);
#5988=VERTEX_POINT('',#19508);
#5989=VERTEX_POINT('',#19510);
#5990=VERTEX_POINT('',#19514);
#5991=VERTEX_POINT('',#19516);
#5992=VERTEX_POINT('',#19518);
#5993=VERTEX_POINT('',#19520);
#5994=VERTEX_POINT('',#19524);
#5995=VERTEX_POINT('',#19526);
#5996=VERTEX_POINT('',#19530);
#5997=VERTEX_POINT('',#19532);
#5998=VERTEX_POINT('',#19534);
#5999=VERTEX_POINT('',#19536);
#6000=VERTEX_POINT('',#19540);
#6001=VERTEX_POINT('',#19542);
#6002=VERTEX_POINT('',#19546);
#6003=VERTEX_POINT('',#19548);
#6004=VERTEX_POINT('',#19550);
#6005=VERTEX_POINT('',#19552);
#6006=VERTEX_POINT('',#19556);
#6007=VERTEX_POINT('',#19558);
#6008=VERTEX_POINT('',#19562);
#6009=VERTEX_POINT('',#19564);
#6010=VERTEX_POINT('',#19566);
#6011=VERTEX_POINT('',#19568);
#6012=VERTEX_POINT('',#19572);
#6013=VERTEX_POINT('',#19574);
#6014=VERTEX_POINT('',#19578);
#6015=VERTEX_POINT('',#19580);
#6016=VERTEX_POINT('',#19582);
#6017=VERTEX_POINT('',#19584);
#6018=VERTEX_POINT('',#19588);
#6019=VERTEX_POINT('',#19590);
#6020=VERTEX_POINT('',#19594);
#6021=VERTEX_POINT('',#19596);
#6022=VERTEX_POINT('',#19598);
#6023=VERTEX_POINT('',#19600);
#6024=VERTEX_POINT('',#19604);
#6025=VERTEX_POINT('',#19606);
#6026=VERTEX_POINT('',#19610);
#6027=VERTEX_POINT('',#19612);
#6028=VERTEX_POINT('',#19614);
#6029=VERTEX_POINT('',#19616);
#6030=VERTEX_POINT('',#19620);
#6031=VERTEX_POINT('',#19622);
#6032=VERTEX_POINT('',#19626);
#6033=VERTEX_POINT('',#19628);
#6034=VERTEX_POINT('',#19630);
#6035=VERTEX_POINT('',#19632);
#6036=VERTEX_POINT('',#19636);
#6037=VERTEX_POINT('',#19638);
#6038=VERTEX_POINT('',#19642);
#6039=VERTEX_POINT('',#19644);
#6040=VERTEX_POINT('',#19646);
#6041=VERTEX_POINT('',#19648);
#6042=VERTEX_POINT('',#19652);
#6043=VERTEX_POINT('',#19654);
#6044=VERTEX_POINT('',#19658);
#6045=VERTEX_POINT('',#19660);
#6046=VERTEX_POINT('',#19662);
#6047=VERTEX_POINT('',#19664);
#6048=VERTEX_POINT('',#19668);
#6049=VERTEX_POINT('',#19670);
#6050=VERTEX_POINT('',#19674);
#6051=VERTEX_POINT('',#19676);
#6052=VERTEX_POINT('',#19680);
#6053=VERTEX_POINT('',#19681);
#6054=VERTEX_POINT('',#19683);
#6055=VERTEX_POINT('',#19685);
#6056=VERTEX_POINT('',#19689);
#6057=VERTEX_POINT('',#19690);
#6058=VERTEX_POINT('',#19694);
#6059=VERTEX_POINT('',#19696);
#6060=VERTEX_POINT('',#19698);
#6061=VERTEX_POINT('',#19700);
#6062=VERTEX_POINT('',#19703);
#6063=VERTEX_POINT('',#19707);
#6064=VERTEX_POINT('',#19711);
#6065=VERTEX_POINT('',#19715);
#6066=VERTEX_POINT('',#19719);
#6067=VERTEX_POINT('',#19723);
#6068=VERTEX_POINT('',#19727);
#6069=VERTEX_POINT('',#19732);
#6070=VERTEX_POINT('',#19736);
#6071=VERTEX_POINT('',#19738);
#6072=VERTEX_POINT('',#19740);
#6073=VERTEX_POINT('',#19747);
#6074=VERTEX_POINT('',#19749);
#6075=VERTEX_POINT('',#19754);
#6076=VERTEX_POINT('',#19756);
#6077=VERTEX_POINT('',#19762);
#6078=VERTEX_POINT('',#19766);
#6079=VERTEX_POINT('',#19768);
#6080=VERTEX_POINT('',#19773);
#6081=VERTEX_POINT('',#19777);
#6082=VERTEX_POINT('',#19779);
#6083=VERTEX_POINT('',#19784);
#6084=VERTEX_POINT('',#19786);
#6085=VERTEX_POINT('',#19792);
#6086=VERTEX_POINT('',#19796);
#6087=VERTEX_POINT('',#19798);
#6088=VERTEX_POINT('',#19803);
#6089=VERTEX_POINT('',#19807);
#6090=VERTEX_POINT('',#19809);
#6091=VERTEX_POINT('',#19814);
#6092=VERTEX_POINT('',#19816);
#6093=VERTEX_POINT('',#19822);
#6094=VERTEX_POINT('',#19826);
#6095=VERTEX_POINT('',#19828);
#6096=VERTEX_POINT('',#19833);
#6097=VERTEX_POINT('',#19837);
#6098=VERTEX_POINT('',#19839);
#6099=VERTEX_POINT('',#19844);
#6100=VERTEX_POINT('',#19846);
#6101=VERTEX_POINT('',#19852);
#6102=VERTEX_POINT('',#19856);
#6103=VERTEX_POINT('',#19858);
#6104=VERTEX_POINT('',#19863);
#6105=VERTEX_POINT('',#19867);
#6106=VERTEX_POINT('',#19869);
#6107=VERTEX_POINT('',#19874);
#6108=VERTEX_POINT('',#19876);
#6109=VERTEX_POINT('',#19882);
#6110=VERTEX_POINT('',#19886);
#6111=VERTEX_POINT('',#19888);
#6112=VERTEX_POINT('',#19893);
#6113=VERTEX_POINT('',#19897);
#6114=VERTEX_POINT('',#19899);
#6115=VERTEX_POINT('',#19903);
#6116=VERTEX_POINT('',#19908);
#6117=VERTEX_POINT('',#19912);
#6118=VERTEX_POINT('',#19914);
#6119=VERTEX_POINT('',#19918);
#6120=VERTEX_POINT('',#19923);
#6121=VERTEX_POINT('',#19927);
#6122=VERTEX_POINT('',#19929);
#6123=VERTEX_POINT('',#19933);
#6124=VERTEX_POINT('',#19938);
#6125=VERTEX_POINT('',#19942);
#6126=VERTEX_POINT('',#19943);
#6127=VERTEX_POINT('',#19945);
#6128=VERTEX_POINT('',#19947);
#6129=VERTEX_POINT('',#19951);
#6130=VERTEX_POINT('',#19952);
#6131=VERTEX_POINT('',#19957);
#6132=VERTEX_POINT('',#19963);
#6133=VERTEX_POINT('',#19972);
#6134=VERTEX_POINT('',#19974);
#6135=VERTEX_POINT('',#19976);
#6136=VERTEX_POINT('',#19996);
#6137=VERTEX_POINT('',#19997);
#6138=VERTEX_POINT('',#19999);
#6139=VERTEX_POINT('',#20001);
#6140=VERTEX_POINT('',#20008);
#6141=VERTEX_POINT('',#20010);
#6142=VERTEX_POINT('',#20014);
#6143=VERTEX_POINT('',#20017);
#6144=VERTEX_POINT('',#20020);
#6145=VERTEX_POINT('',#20024);
#6146=VERTEX_POINT('',#20028);
#6147=VERTEX_POINT('',#20032);
#6148=VERTEX_POINT('',#20039);
#6149=VERTEX_POINT('',#20040);
#6150=VERTEX_POINT('',#20042);
#6151=VERTEX_POINT('',#20044);
#6152=VERTEX_POINT('',#20048);
#6153=VERTEX_POINT('',#20050);
#6154=VERTEX_POINT('',#20054);
#6155=VERTEX_POINT('',#20056);
#6156=VERTEX_POINT('',#20064);
#6157=VERTEX_POINT('',#20066);
#6158=VERTEX_POINT('',#20070);
#6159=VERTEX_POINT('',#20072);
#6160=VERTEX_POINT('',#20076);
#6161=VERTEX_POINT('',#20080);
#6162=VERTEX_POINT('',#20083);
#6163=VERTEX_POINT('',#20085);
#6164=VERTEX_POINT('',#20089);
#6165=VERTEX_POINT('',#20093);
#6166=VERTEX_POINT('',#20096);
#6167=VERTEX_POINT('',#20100);
#6168=VERTEX_POINT('',#20101);
#6169=VERTEX_POINT('',#20103);
#6170=VERTEX_POINT('',#20105);
#6171=VERTEX_POINT('',#20109);
#6172=VERTEX_POINT('',#20111);
#6173=VERTEX_POINT('',#20115);
#6174=VERTEX_POINT('',#20117);
#6175=VERTEX_POINT('',#20123);
#6176=VERTEX_POINT('',#20127);
#6177=VERTEX_POINT('',#20128);
#6178=VERTEX_POINT('',#20130);
#6179=VERTEX_POINT('',#20132);
#6180=VERTEX_POINT('',#20136);
#6181=VERTEX_POINT('',#20138);
#6182=VERTEX_POINT('',#20142);
#6183=VERTEX_POINT('',#20146);
#6184=VERTEX_POINT('',#20148);
#6185=VERTEX_POINT('',#20150);
#6186=VERTEX_POINT('',#20152);
#6187=VERTEX_POINT('',#20154);
#6188=VERTEX_POINT('',#20156);
#6189=VERTEX_POINT('',#20158);
#6190=VERTEX_POINT('',#20162);
#6191=VERTEX_POINT('',#20164);
#6192=VERTEX_POINT('',#20165);
#6193=VERTEX_POINT('',#20167);
#6194=VERTEX_POINT('',#20169);
#6195=VERTEX_POINT('',#20171);
#6196=VERTEX_POINT('',#20173);
#6197=VERTEX_POINT('',#20175);
#6198=VERTEX_POINT('',#20177);
#6199=VERTEX_POINT('',#20180);
#6200=VERTEX_POINT('',#20182);
#6201=VERTEX_POINT('',#20184);
#6202=VERTEX_POINT('',#20187);
#6203=VERTEX_POINT('',#20188);
#6204=VERTEX_POINT('',#20193);
#6205=VERTEX_POINT('',#20197);
#6206=VERTEX_POINT('',#20201);
#6207=VERTEX_POINT('',#20205);
#6208=VERTEX_POINT('',#20209);
#6209=VERTEX_POINT('',#20213);
#6210=VERTEX_POINT('',#20219);
#6211=VERTEX_POINT('',#20223);
#6212=VERTEX_POINT('',#20227);
#6213=VERTEX_POINT('',#20231);
#6214=VERTEX_POINT('',#20235);
#6215=VERTEX_POINT('',#20236);
#6216=VERTEX_POINT('',#20239);
#6217=VERTEX_POINT('',#20241);
#6218=VERTEX_POINT('',#20245);
#6219=VERTEX_POINT('',#20247);
#6220=VERTEX_POINT('',#20249);
#6221=VERTEX_POINT('',#20251);
#6222=VERTEX_POINT('',#20254);
#6223=VERTEX_POINT('',#20256);
#6224=VERTEX_POINT('',#20262);
#6225=VERTEX_POINT('',#20264);
#6226=VERTEX_POINT('',#20266);
#6227=VERTEX_POINT('',#20270);
#6228=VERTEX_POINT('',#20274);
#6229=VERTEX_POINT('',#20278);
#6230=VERTEX_POINT('',#20282);
#6231=VERTEX_POINT('',#20289);
#6232=VERTEX_POINT('',#20291);
#6233=VERTEX_POINT('',#20297);
#6234=VERTEX_POINT('',#20304);
#6235=VERTEX_POINT('',#20305);
#6236=VERTEX_POINT('',#20307);
#6237=VERTEX_POINT('',#20309);
#6238=VERTEX_POINT('',#20313);
#6239=VERTEX_POINT('',#20315);
#6240=VERTEX_POINT('',#20319);
#6241=VERTEX_POINT('',#20321);
#6242=VERTEX_POINT('',#20329);
#6243=VERTEX_POINT('',#20331);
#6244=VERTEX_POINT('',#20335);
#6245=VERTEX_POINT('',#20337);
#6246=VERTEX_POINT('',#20341);
#6247=VERTEX_POINT('',#20343);
#6248=VERTEX_POINT('',#20347);
#6249=VERTEX_POINT('',#20351);
#6250=VERTEX_POINT('',#20354);
#6251=VERTEX_POINT('',#20356);
#6252=VERTEX_POINT('',#20360);
#6253=VERTEX_POINT('',#20364);
#6254=VERTEX_POINT('',#20367);
#6255=VERTEX_POINT('',#20369);
#6256=VERTEX_POINT('',#20373);
#6257=VERTEX_POINT('',#20377);
#6258=VERTEX_POINT('',#20380);
#6259=VERTEX_POINT('',#20384);
#6260=VERTEX_POINT('',#20385);
#6261=VERTEX_POINT('',#20387);
#6262=VERTEX_POINT('',#20389);
#6263=VERTEX_POINT('',#20393);
#6264=VERTEX_POINT('',#20395);
#6265=VERTEX_POINT('',#20399);
#6266=VERTEX_POINT('',#20403);
#6267=VERTEX_POINT('',#20407);
#6268=VERTEX_POINT('',#20408);
#6269=VERTEX_POINT('',#20410);
#6270=VERTEX_POINT('',#20412);
#6271=VERTEX_POINT('',#20416);
#6272=VERTEX_POINT('',#20418);
#6273=VERTEX_POINT('',#20422);
#6274=VERTEX_POINT('',#20424);
#6275=VERTEX_POINT('',#20430);
#6276=VERTEX_POINT('',#20434);
#6277=VERTEX_POINT('',#20435);
#6278=VERTEX_POINT('',#20437);
#6279=VERTEX_POINT('',#20439);
#6280=VERTEX_POINT('',#20443);
#6281=VERTEX_POINT('',#20445);
#6282=VERTEX_POINT('',#20449);
#6283=VERTEX_POINT('',#20451);
#6284=VERTEX_POINT('',#20457);
#6285=VERTEX_POINT('',#20459);
#6286=VERTEX_POINT('',#20463);
#6287=VERTEX_POINT('',#20464);
#6288=VERTEX_POINT('',#20466);
#6289=VERTEX_POINT('',#20468);
#6290=VERTEX_POINT('',#20470);
#6291=VERTEX_POINT('',#20472);
#6292=VERTEX_POINT('',#20478);
#6293=VERTEX_POINT('',#20482);
#6294=VERTEX_POINT('',#20486);
#6295=VERTEX_POINT('',#20490);
#6296=VERTEX_POINT('',#20491);
#6297=VERTEX_POINT('',#20493);
#6298=VERTEX_POINT('',#20495);
#6299=VERTEX_POINT('',#20499);
#6300=VERTEX_POINT('',#20500);
#6301=VERTEX_POINT('',#20504);
#6302=VERTEX_POINT('',#20506);
#6303=VERTEX_POINT('',#20508);
#6304=VERTEX_POINT('',#20510);
#6305=VERTEX_POINT('',#20513);
#6306=VERTEX_POINT('',#20517);
#6307=VERTEX_POINT('',#20521);
#6308=VERTEX_POINT('',#20525);
#6309=VERTEX_POINT('',#20529);
#6310=VERTEX_POINT('',#20533);
#6311=VERTEX_POINT('',#20537);
#6312=VERTEX_POINT('',#20542);
#6313=VERTEX_POINT('',#20550);
#6314=VERTEX_POINT('',#20551);
#6315=VERTEX_POINT('',#20553);
#6316=VERTEX_POINT('',#20555);
#6317=VERTEX_POINT('',#20559);
#6318=VERTEX_POINT('',#20561);
#6319=VERTEX_POINT('',#20564);
#6320=VERTEX_POINT('',#20565);
#6321=VERTEX_POINT('',#20567);
#6322=VERTEX_POINT('',#20569);
#6323=VERTEX_POINT('',#20572);
#6324=VERTEX_POINT('',#20573);
#6325=VERTEX_POINT('',#20575);
#6326=VERTEX_POINT('',#20577);
#6327=VERTEX_POINT('',#20580);
#6328=VERTEX_POINT('',#20581);
#6329=VERTEX_POINT('',#20583);
#6330=VERTEX_POINT('',#20585);
#6331=VERTEX_POINT('',#20588);
#6332=VERTEX_POINT('',#20589);
#6333=VERTEX_POINT('',#20591);
#6334=VERTEX_POINT('',#20593);
#6335=VERTEX_POINT('',#20596);
#6336=VERTEX_POINT('',#20597);
#6337=VERTEX_POINT('',#20599);
#6338=VERTEX_POINT('',#20601);
#6339=VERTEX_POINT('',#20604);
#6340=VERTEX_POINT('',#20605);
#6341=VERTEX_POINT('',#20607);
#6342=VERTEX_POINT('',#20609);
#6343=VERTEX_POINT('',#20612);
#6344=VERTEX_POINT('',#20613);
#6345=VERTEX_POINT('',#20615);
#6346=VERTEX_POINT('',#20617);
#6347=VERTEX_POINT('',#20620);
#6348=VERTEX_POINT('',#20621);
#6349=VERTEX_POINT('',#20623);
#6350=VERTEX_POINT('',#20625);
#6351=VERTEX_POINT('',#20629);
#6352=VERTEX_POINT('',#20631);
#6353=VERTEX_POINT('',#20633);
#6354=VERTEX_POINT('',#20635);
#6355=VERTEX_POINT('',#20637);
#6356=VERTEX_POINT('',#20639);
#6357=VERTEX_POINT('',#20641);
#6358=VERTEX_POINT('',#20643);
#6359=VERTEX_POINT('',#20645);
#6360=VERTEX_POINT('',#20647);
#6361=VERTEX_POINT('',#20649);
#6362=VERTEX_POINT('',#20651);
#6363=VERTEX_POINT('',#20654);
#6364=VERTEX_POINT('',#20656);
#6365=VERTEX_POINT('',#20658);
#6366=VERTEX_POINT('',#20660);
#6367=VERTEX_POINT('',#20662);
#6368=VERTEX_POINT('',#20664);
#6369=VERTEX_POINT('',#20666);
#6370=VERTEX_POINT('',#20669);
#6371=VERTEX_POINT('',#20671);
#6372=VERTEX_POINT('',#20675);
#6373=VERTEX_POINT('',#20677);
#6374=VERTEX_POINT('',#20681);
#6375=VERTEX_POINT('',#20683);
#6376=VERTEX_POINT('',#20687);
#6377=VERTEX_POINT('',#20688);
#6378=VERTEX_POINT('',#20690);
#6379=VERTEX_POINT('',#20692);
#6380=VERTEX_POINT('',#20696);
#6381=VERTEX_POINT('',#20698);
#6382=VERTEX_POINT('',#20702);
#6383=VERTEX_POINT('',#20706);
#6384=VERTEX_POINT('',#20710);
#6385=VERTEX_POINT('',#20712);
#6386=VERTEX_POINT('',#20714);
#6387=VERTEX_POINT('',#20716);
#6388=VERTEX_POINT('',#20718);
#6389=VERTEX_POINT('',#20720);
#6390=VERTEX_POINT('',#20723);
#6391=VERTEX_POINT('',#20725);
#6392=VERTEX_POINT('',#20728);
#6393=VERTEX_POINT('',#20730);
#6394=VERTEX_POINT('',#20733);
#6395=VERTEX_POINT('',#20734);
#6396=VERTEX_POINT('',#20736);
#6397=VERTEX_POINT('',#20738);
#6398=VERTEX_POINT('',#20741);
#6399=VERTEX_POINT('',#20742);
#6400=VERTEX_POINT('',#20744);
#6401=VERTEX_POINT('',#20746);
#6402=VERTEX_POINT('',#20749);
#6403=VERTEX_POINT('',#20750);
#6404=VERTEX_POINT('',#20752);
#6405=VERTEX_POINT('',#20754);
#6406=VERTEX_POINT('',#20757);
#6407=VERTEX_POINT('',#20758);
#6408=VERTEX_POINT('',#20760);
#6409=VERTEX_POINT('',#20762);
#6410=VERTEX_POINT('',#20765);
#6411=VERTEX_POINT('',#20766);
#6412=VERTEX_POINT('',#20768);
#6413=VERTEX_POINT('',#20770);
#6414=VERTEX_POINT('',#20773);
#6415=VERTEX_POINT('',#20774);
#6416=VERTEX_POINT('',#20776);
#6417=VERTEX_POINT('',#20778);
#6418=VERTEX_POINT('',#20781);
#6419=VERTEX_POINT('',#20782);
#6420=VERTEX_POINT('',#20784);
#6421=VERTEX_POINT('',#20786);
#6422=VERTEX_POINT('',#20789);
#6423=VERTEX_POINT('',#20790);
#6424=VERTEX_POINT('',#20792);
#6425=VERTEX_POINT('',#20794);
#6426=VERTEX_POINT('',#20797);
#6427=VERTEX_POINT('',#20798);
#6428=VERTEX_POINT('',#20800);
#6429=VERTEX_POINT('',#20802);
#6430=VERTEX_POINT('',#20806);
#6431=VERTEX_POINT('',#20808);
#6432=VERTEX_POINT('',#20812);
#6433=VERTEX_POINT('',#20814);
#6434=VERTEX_POINT('',#20818);
#6435=VERTEX_POINT('',#20820);
#6436=VERTEX_POINT('',#20829);
#6437=VERTEX_POINT('',#20833);
#6438=VERTEX_POINT('',#20837);
#6439=VERTEX_POINT('',#20841);
#6440=VERTEX_POINT('',#20846);
#6441=VERTEX_POINT('',#20850);
#6442=VERTEX_POINT('',#20854);
#6443=VERTEX_POINT('',#20858);
#6444=VERTEX_POINT('',#20862);
#6445=VERTEX_POINT('',#20866);
#6446=VERTEX_POINT('',#20870);
#6447=VERTEX_POINT('',#20874);
#6448=VERTEX_POINT('',#20881);
#6449=VERTEX_POINT('',#20885);
#6450=VERTEX_POINT('',#20889);
#6451=VERTEX_POINT('',#20962);
#6452=VERTEX_POINT('',#20963);
#6453=VERTEX_POINT('',#20965);
#6454=VERTEX_POINT('',#20967);
#6455=VERTEX_POINT('',#20975);
#6456=VERTEX_POINT('',#20977);
#6457=VERTEX_POINT('',#20979);
#6458=VERTEX_POINT('',#20981);
#6459=VERTEX_POINT('',#20986);
#6460=VERTEX_POINT('',#20990);
#6461=VERTEX_POINT('',#20994);
#6462=VERTEX_POINT('',#20998);
#6463=VERTEX_POINT('',#21003);
#6464=VERTEX_POINT('',#21004);
#6465=VERTEX_POINT('',#21006);
#6466=VERTEX_POINT('',#21008);
#6467=VERTEX_POINT('',#21012);
#6468=VERTEX_POINT('',#21014);
#6469=VERTEX_POINT('',#21016);
#6470=VERTEX_POINT('',#21018);
#6471=VERTEX_POINT('',#21020);
#6472=VERTEX_POINT('',#21024);
#6473=VERTEX_POINT('',#21026);
#6474=VERTEX_POINT('',#21028);
#6475=VERTEX_POINT('',#21030);
#6476=VERTEX_POINT('',#21032);
#6477=VERTEX_POINT('',#21034);
#6478=VERTEX_POINT('',#21036);
#6479=VERTEX_POINT('',#21038);
#6480=VERTEX_POINT('',#21040);
#6481=VERTEX_POINT('',#21042);
#6482=VERTEX_POINT('',#21044);
#6483=VERTEX_POINT('',#21046);
#6484=VERTEX_POINT('',#21048);
#6485=VERTEX_POINT('',#21050);
#6486=VERTEX_POINT('',#21052);
#6487=VERTEX_POINT('',#21054);
#6488=VERTEX_POINT('',#21056);
#6489=VERTEX_POINT('',#21058);
#6490=VERTEX_POINT('',#21060);
#6491=VERTEX_POINT('',#21062);
#6492=VERTEX_POINT('',#21064);
#6493=VERTEX_POINT('',#21066);
#6494=VERTEX_POINT('',#21068);
#6495=VERTEX_POINT('',#21070);
#6496=VERTEX_POINT('',#21072);
#6497=VERTEX_POINT('',#21074);
#6498=VERTEX_POINT('',#21076);
#6499=VERTEX_POINT('',#21078);
#6500=VERTEX_POINT('',#21080);
#6501=VERTEX_POINT('',#21082);
#6502=VERTEX_POINT('',#21084);
#6503=VERTEX_POINT('',#21086);
#6504=VERTEX_POINT('',#21088);
#6505=VERTEX_POINT('',#21091);
#6506=VERTEX_POINT('',#21093);
#6507=VERTEX_POINT('',#21096);
#6508=VERTEX_POINT('',#21098);
#6509=VERTEX_POINT('',#21102);
#6510=VERTEX_POINT('',#21104);
#6511=VERTEX_POINT('',#21106);
#6512=VERTEX_POINT('',#21108);
#6513=VERTEX_POINT('',#21112);
#6514=VERTEX_POINT('',#21114);
#6515=VERTEX_POINT('',#21116);
#6516=VERTEX_POINT('',#21118);
#6517=VERTEX_POINT('',#21120);
#6518=VERTEX_POINT('',#21122);
#6519=VERTEX_POINT('',#21124);
#6520=VERTEX_POINT('',#21126);
#6521=VERTEX_POINT('',#21128);
#6522=VERTEX_POINT('',#21130);
#6523=VERTEX_POINT('',#21132);
#6524=VERTEX_POINT('',#21134);
#6525=VERTEX_POINT('',#21136);
#6526=VERTEX_POINT('',#21138);
#6527=VERTEX_POINT('',#21140);
#6528=VERTEX_POINT('',#21142);
#6529=VERTEX_POINT('',#21144);
#6530=VERTEX_POINT('',#21146);
#6531=VERTEX_POINT('',#21148);
#6532=VERTEX_POINT('',#21150);
#6533=VERTEX_POINT('',#21152);
#6534=VERTEX_POINT('',#21154);
#6535=VERTEX_POINT('',#21156);
#6536=VERTEX_POINT('',#21158);
#6537=VERTEX_POINT('',#21160);
#6538=VERTEX_POINT('',#21162);
#6539=VERTEX_POINT('',#21164);
#6540=VERTEX_POINT('',#21166);
#6541=VERTEX_POINT('',#21169);
#6542=VERTEX_POINT('',#21171);
#6543=VERTEX_POINT('',#21178);
#6544=VERTEX_POINT('',#21180);
#6545=VERTEX_POINT('',#21182);
#6546=VERTEX_POINT('',#21189);
#6547=VERTEX_POINT('',#21191);
#6548=VERTEX_POINT('',#21193);
#6549=VERTEX_POINT('',#21200);
#6550=VERTEX_POINT('',#21202);
#6551=VERTEX_POINT('',#21204);
#6552=VERTEX_POINT('',#21211);
#6553=VERTEX_POINT('',#21213);
#6554=VERTEX_POINT('',#21215);
#6555=VERTEX_POINT('',#21222);
#6556=VERTEX_POINT('',#21224);
#6557=VERTEX_POINT('',#21226);
#6558=VERTEX_POINT('',#21233);
#6559=VERTEX_POINT('',#21235);
#6560=VERTEX_POINT('',#21237);
#6561=VERTEX_POINT('',#21244);
#6562=VERTEX_POINT('',#21246);
#6563=VERTEX_POINT('',#21248);
#6564=VERTEX_POINT('',#21250);
#6565=VERTEX_POINT('',#21252);
#6566=VERTEX_POINT('',#21254);
#6567=VERTEX_POINT('',#21256);
#6568=VERTEX_POINT('',#21259);
#6569=VERTEX_POINT('',#21262);
#6570=VERTEX_POINT('',#21266);
#6571=VERTEX_POINT('',#21270);
#6572=VERTEX_POINT('',#21272);
#6573=VERTEX_POINT('',#21276);
#6574=VERTEX_POINT('',#21277);
#6575=VERTEX_POINT('',#21279);
#6576=VERTEX_POINT('',#21281);
#6577=VERTEX_POINT('',#21285);
#6578=VERTEX_POINT('',#21286);
#6579=VERTEX_POINT('',#21288);
#6580=VERTEX_POINT('',#21290);
#6581=VERTEX_POINT('',#21301);
#6582=VERTEX_POINT('',#21303);
#6583=VERTEX_POINT('',#21307);
#6584=VERTEX_POINT('',#21308);
#6585=VERTEX_POINT('',#21310);
#6586=VERTEX_POINT('',#21312);
#6587=VERTEX_POINT('',#21316);
#6588=VERTEX_POINT('',#21318);
#6589=VERTEX_POINT('',#21322);
#6590=VERTEX_POINT('',#21326);
#6591=VERTEX_POINT('',#21330);
#6592=VERTEX_POINT('',#21332);
#6593=VERTEX_POINT('',#21334);
#6594=VERTEX_POINT('',#21336);
#6595=VERTEX_POINT('',#21340);
#6596=VERTEX_POINT('',#21342);
#6597=VERTEX_POINT('',#21344);
#6598=VERTEX_POINT('',#21346);
#6599=VERTEX_POINT('',#21349);
#6600=VERTEX_POINT('',#21351);
#6601=VERTEX_POINT('',#21354);
#6602=VERTEX_POINT('',#21356);
#6603=VERTEX_POINT('',#21360);
#6604=VERTEX_POINT('',#21362);
#6605=VERTEX_POINT('',#21365);
#6606=VERTEX_POINT('',#21367);
#6607=VERTEX_POINT('',#21369);
#6608=VERTEX_POINT('',#21371);
#6609=VERTEX_POINT('',#21373);
#6610=VERTEX_POINT('',#21375);
#6611=VERTEX_POINT('',#21378);
#6612=VERTEX_POINT('',#21380);
#6613=VERTEX_POINT('',#21382);
#6614=VERTEX_POINT('',#21384);
#6615=VERTEX_POINT('',#21389);
#6616=VERTEX_POINT('',#21391);
#6617=VERTEX_POINT('',#21395);
#6618=VERTEX_POINT('',#21401);
#6619=VERTEX_POINT('',#21403);
#6620=VERTEX_POINT('',#21406);
#6621=VERTEX_POINT('',#21408);
#6622=VERTEX_POINT('',#21410);
#6623=VERTEX_POINT('',#21412);
#6624=VERTEX_POINT('',#21415);
#6625=VERTEX_POINT('',#21419);
#6626=VERTEX_POINT('',#21425);
#6627=VERTEX_POINT('',#21431);
#6628=VERTEX_POINT('',#21439);
#6629=VERTEX_POINT('',#21441);
#6630=VERTEX_POINT('',#21444);
#6631=VERTEX_POINT('',#21448);
#6632=VERTEX_POINT('',#21451);
#6633=VERTEX_POINT('',#21454);
#6634=VERTEX_POINT('',#21456);
#6635=VERTEX_POINT('',#21496);
#6636=VERTEX_POINT('',#21500);
#6637=VERTEX_POINT('',#21506);
#6638=VERTEX_POINT('',#21510);
#6639=VERTEX_POINT('',#21514);
#6640=VERTEX_POINT('',#21518);
#6641=VERTEX_POINT('',#21524);
#6642=VERTEX_POINT('',#21525);
#6643=VERTEX_POINT('',#21527);
#6644=VERTEX_POINT('',#21529);
#6645=VERTEX_POINT('',#21533);
#6646=VERTEX_POINT('',#21535);
#6647=VERTEX_POINT('',#21537);
#6648=VERTEX_POINT('',#21539);
#6649=VERTEX_POINT('',#21543);
#6650=VERTEX_POINT('',#21547);
#6651=VERTEX_POINT('',#21551);
#6652=VERTEX_POINT('',#21553);
#6653=EDGE_CURVE('',#5380,#5381,#2106,.T.);
#6654=EDGE_CURVE('',#5380,#5382,#2107,.T.);
#6655=EDGE_CURVE('',#5383,#5382,#2108,.T.);
#6656=EDGE_CURVE('',#5381,#5383,#2109,.T.);
#6657=EDGE_CURVE('',#5380,#5381,#270,.T.);
#6658=EDGE_CURVE('',#5382,#5383,#271,.T.);
#6659=EDGE_CURVE('',#5384,#5385,#2110,.T.);
#6660=EDGE_CURVE('',#5384,#5386,#2111,.T.);
#6661=EDGE_CURVE('',#5387,#5386,#2112,.T.);
#6662=EDGE_CURVE('',#5385,#5387,#2113,.T.);
#6663=EDGE_CURVE('',#5385,#5388,#2114,.T.);
#6664=EDGE_CURVE('',#5389,#5387,#2115,.T.);
#6665=EDGE_CURVE('',#5388,#5389,#2116,.T.);
#6666=EDGE_CURVE('',#5388,#5390,#2117,.T.);
#6667=EDGE_CURVE('',#5391,#5389,#2118,.T.);
#6668=EDGE_CURVE('',#5390,#5391,#2119,.T.);
#6669=EDGE_CURVE('',#5390,#5384,#2120,.T.);
#6670=EDGE_CURVE('',#5386,#5391,#2121,.T.);
#6671=EDGE_CURVE('',#5392,#5393,#2122,.T.);
#6672=EDGE_CURVE('',#5394,#5393,#2123,.T.);
#6673=EDGE_CURVE('',#5395,#5394,#2124,.T.);
#6674=EDGE_CURVE('',#5392,#5395,#2125,.T.);
#6675=EDGE_CURVE('',#5396,#5396,#272,.T.);
#6676=EDGE_CURVE('',#5397,#5397,#273,.T.);
#6677=EDGE_CURVE('',#5398,#5398,#274,.T.);
#6678=EDGE_CURVE('',#5399,#5400,#2126,.T.);
#6679=EDGE_CURVE('',#5400,#5401,#2127,.T.);
#6680=EDGE_CURVE('',#5401,#5402,#2128,.F.);
#6681=EDGE_CURVE('',#5402,#5403,#2129,.T.);
#6682=EDGE_CURVE('',#5403,#5404,#2130,.T.);
#6683=EDGE_CURVE('',#5404,#5399,#2131,.T.);
#6684=EDGE_CURVE('',#5405,#5405,#275,.T.);
#6685=EDGE_CURVE('',#5406,#5406,#276,.T.);
#6686=EDGE_CURVE('',#5407,#5407,#277,.T.);
#6687=EDGE_CURVE('',#5408,#5409,#278,.T.);
#6688=EDGE_CURVE('',#5409,#5410,#2132,.T.);
#6689=EDGE_CURVE('',#5410,#5411,#279,.T.);
#6690=EDGE_CURVE('',#5411,#5408,#2133,.T.);
#6691=EDGE_CURVE('',#5412,#5409,#2134,.T.);
#6692=EDGE_CURVE('',#5413,#5412,#2135,.T.);
#6693=EDGE_CURVE('',#5410,#5413,#2136,.T.);
#6694=EDGE_CURVE('',#5414,#5413,#280,.T.);
#6695=EDGE_CURVE('',#5412,#5415,#281,.T.);
#6696=EDGE_CURVE('',#5415,#5414,#2137,.T.);
#6697=EDGE_CURVE('',#5416,#5417,#282,.T.);
#6698=EDGE_CURVE('',#5417,#5418,#2138,.T.);
#6699=EDGE_CURVE('',#5418,#5419,#283,.T.);
#6700=EDGE_CURVE('',#5419,#5416,#2139,.T.);
#6701=EDGE_CURVE('',#5420,#5419,#2140,.T.);
#6702=EDGE_CURVE('',#5421,#5420,#2141,.T.);
#6703=EDGE_CURVE('',#5416,#5421,#2142,.T.);
#6704=EDGE_CURVE('',#5393,#5399,#2143,.T.);
#6705=EDGE_CURVE('',#5418,#5392,#2144,.T.);
#6706=EDGE_CURVE('',#5422,#5417,#2145,.T.);
#6707=EDGE_CURVE('',#5423,#5422,#2146,.T.);
#6708=EDGE_CURVE('',#5400,#5423,#2147,.T.);
#6709=EDGE_CURVE('',#5424,#5415,#2148,.T.);
#6710=EDGE_CURVE('',#5425,#5424,#2149,.T.);
#6711=EDGE_CURVE('',#5414,#5425,#2150,.T.);
#6712=EDGE_CURVE('',#5426,#5411,#2151,.T.);
#6713=EDGE_CURVE('',#5427,#5426,#2152,.T.);
#6714=EDGE_CURVE('',#5408,#5427,#2153,.T.);
#6715=EDGE_CURVE('',#5428,#5423,#2154,.T.);
#6716=EDGE_CURVE('',#5401,#5428,#2155,.F.);
#6717=EDGE_CURVE('',#5429,#5422,#2156,.T.);
#6718=EDGE_CURVE('',#5428,#5429,#2157,.F.);
#6719=EDGE_CURVE('',#5421,#5426,#2158,.T.);
#6720=EDGE_CURVE('',#5425,#5430,#2159,.T.);
#6721=EDGE_CURVE('',#5430,#5431,#2160,.F.);
#6722=EDGE_CURVE('',#5431,#5432,#2161,.F.);
#6723=EDGE_CURVE('',#5432,#5433,#2162,.T.);
#6724=EDGE_CURVE('',#5433,#5434,#2163,.T.);
#6725=EDGE_CURVE('',#5434,#5435,#284,.T.);
#6726=EDGE_CURVE('',#5435,#5436,#2164,.T.);
#6727=EDGE_CURVE('',#5436,#5437,#2165,.T.);
#6728=EDGE_CURVE('',#5437,#5429,#2166,.F.);
#6729=EDGE_CURVE('',#5438,#5438,#285,.T.);
#6730=EDGE_CURVE('',#5439,#5439,#286,.T.);
#6731=EDGE_CURVE('',#5440,#5440,#287,.T.);
#6732=EDGE_CURVE('',#5441,#5441,#288,.T.);
#6733=EDGE_CURVE('',#5424,#5442,#2167,.T.);
#6734=EDGE_CURVE('',#5442,#5430,#2168,.F.);
#6735=EDGE_CURVE('',#5420,#5427,#2169,.T.);
#6736=EDGE_CURVE('',#5441,#5443,#2170,.T.);
#6737=EDGE_CURVE('',#5443,#5443,#289,.T.);
#6738=EDGE_CURVE('',#5440,#5444,#2171,.T.);
#6739=EDGE_CURVE('',#5444,#5444,#290,.T.);
#6740=EDGE_CURVE('',#5439,#5445,#2172,.T.);
#6741=EDGE_CURVE('',#5445,#5445,#291,.T.);
#6742=EDGE_CURVE('',#5438,#5446,#2173,.T.);
#6743=EDGE_CURVE('',#5446,#5446,#292,.T.);
#6744=EDGE_CURVE('',#5447,#5448,#2174,.T.);
#6745=EDGE_CURVE('',#5447,#5449,#2175,.T.);
#6746=EDGE_CURVE('',#5449,#5450,#2176,.F.);
#6747=EDGE_CURVE('',#5450,#5451,#2177,.F.);
#6748=EDGE_CURVE('',#5452,#5451,#2178,.T.);
#6749=EDGE_CURVE('',#5448,#5452,#2179,.T.);
#6750=EDGE_CURVE('',#5448,#5453,#2180,.T.);
#6751=EDGE_CURVE('',#5454,#5452,#2181,.T.);
#6752=EDGE_CURVE('',#5453,#5454,#2182,.T.);
#6753=EDGE_CURVE('',#5453,#5455,#2183,.T.);
#6754=EDGE_CURVE('',#5456,#5454,#2184,.T.);
#6755=EDGE_CURVE('',#5455,#5456,#2185,.T.);
#6756=EDGE_CURVE('',#5457,#5458,#2186,.T.);
#6757=EDGE_CURVE('',#5450,#5458,#2187,.T.);
#6758=EDGE_CURVE('',#5449,#5457,#2188,.T.);
#6759=EDGE_CURVE('',#5451,#5456,#2189,.F.);
#6760=EDGE_CURVE('',#5448,#5459,#293,.T.);
#6761=EDGE_CURVE('',#5459,#5447,#2190,.T.);
#6762=EDGE_CURVE('',#5460,#5461,#2191,.T.);
#6763=EDGE_CURVE('',#5460,#5462,#2192,.F.);
#6764=EDGE_CURVE('',#5463,#5462,#2193,.T.);
#6765=EDGE_CURVE('',#5461,#5463,#2194,.T.);
#6766=EDGE_CURVE('',#5461,#5464,#2195,.T.);
#6767=EDGE_CURVE('',#5465,#5463,#2196,.T.);
#6768=EDGE_CURVE('',#5464,#5465,#2197,.T.);
#6769=EDGE_CURVE('',#5466,#5467,#2198,.F.);
#6770=EDGE_CURVE('',#5468,#5467,#2199,.T.);
#6771=EDGE_CURVE('',#5464,#5468,#2200,.T.);
#6772=EDGE_CURVE('',#5469,#5465,#2201,.T.);
#6773=EDGE_CURVE('',#5466,#5469,#2202,.T.);
#6774=EDGE_CURVE('',#5470,#5467,#2203,.T.);
#6775=EDGE_CURVE('',#5471,#5466,#2204,.T.);
#6776=EDGE_CURVE('',#5471,#5470,#2205,.T.);
#6777=EDGE_CURVE('',#5462,#5469,#2206,.F.);
#6778=EDGE_CURVE('',#5395,#5403,#2207,.T.);
#6779=EDGE_CURVE('',#5460,#5402,#2208,.F.);
#6780=EDGE_CURVE('',#5464,#5448,#294,.T.);
#6781=EDGE_CURVE('',#5472,#5455,#2209,.F.);
#6782=EDGE_CURVE('',#5472,#5442,#2210,.T.);
#6783=EDGE_CURVE('',#5434,#5459,#2211,.T.);
#6784=EDGE_CURVE('',#5457,#5433,#2212,.T.);
#6785=EDGE_CURVE('',#5458,#5432,#2213,.F.);
#6786=EDGE_CURVE('',#5437,#5471,#2214,.F.);
#6787=EDGE_CURVE('',#5436,#5470,#2215,.T.);
#6788=EDGE_CURVE('',#5473,#5435,#2216,.T.);
#6789=EDGE_CURVE('',#5468,#5473,#2217,.T.);
#6790=EDGE_CURVE('',#5472,#5431,#2218,.F.);
#6791=EDGE_CURVE('',#5473,#5464,#295,.T.);
#6792=EDGE_CURVE('',#5404,#5394,#2219,.T.);
#6793=EDGE_CURVE('',#5396,#5405,#2220,.T.);
#6794=EDGE_CURVE('',#5397,#5406,#2221,.T.);
#6795=EDGE_CURVE('',#5398,#5407,#2222,.T.);
#6796=EDGE_CURVE('',#5474,#5475,#296,.T.);
#6797=EDGE_CURVE('',#5475,#5476,#2223,.T.);
#6798=EDGE_CURVE('',#5476,#5477,#297,.T.);
#6799=EDGE_CURVE('',#5477,#5474,#2224,.T.);
#6800=EDGE_CURVE('',#5478,#5476,#2225,.T.);
#6801=EDGE_CURVE('',#5478,#5479,#2226,.T.);
#6802=EDGE_CURVE('',#5480,#5479,#2227,.T.);
#6803=EDGE_CURVE('',#5481,#5480,#2228,.T.);
#6804=EDGE_CURVE('',#5481,#5482,#2229,.T.);
#6805=EDGE_CURVE('',#5477,#5482,#2230,.T.);
#6806=EDGE_CURVE('',#5483,#5475,#2231,.T.);
#6807=EDGE_CURVE('',#5484,#5483,#2232,.T.);
#6808=EDGE_CURVE('',#5485,#5484,#2233,.T.);
#6809=EDGE_CURVE('',#5486,#5485,#2234,.T.);
#6810=EDGE_CURVE('',#5486,#5487,#2235,.T.);
#6811=EDGE_CURVE('',#5487,#5488,#2236,.T.);
#6812=EDGE_CURVE('',#5488,#5489,#2237,.T.);
#6813=EDGE_CURVE('',#5490,#5489,#2238,.T.);
#6814=EDGE_CURVE('',#5490,#5491,#2239,.T.);
#6815=EDGE_CURVE('',#5491,#5492,#2240,.T.);
#6816=EDGE_CURVE('',#5492,#5493,#2241,.T.);
#6817=EDGE_CURVE('',#5494,#5493,#2242,.T.);
#6818=EDGE_CURVE('',#5494,#5495,#2243,.T.);
#6819=EDGE_CURVE('',#5495,#5496,#2244,.T.);
#6820=EDGE_CURVE('',#5496,#5497,#2245,.T.);
#6821=EDGE_CURVE('',#5498,#5497,#2246,.T.);
#6822=EDGE_CURVE('',#5498,#5499,#2247,.T.);
#6823=EDGE_CURVE('',#5499,#5500,#2248,.T.);
#6824=EDGE_CURVE('',#5500,#5501,#2249,.T.);
#6825=EDGE_CURVE('',#5502,#5501,#2250,.T.);
#6826=EDGE_CURVE('',#5502,#5503,#2251,.T.);
#6827=EDGE_CURVE('',#5503,#5504,#2252,.T.);
#6828=EDGE_CURVE('',#5504,#5505,#2253,.T.);
#6829=EDGE_CURVE('',#5506,#5505,#2254,.T.);
#6830=EDGE_CURVE('',#5506,#5507,#2255,.T.);
#6831=EDGE_CURVE('',#5507,#5508,#2256,.T.);
#6832=EDGE_CURVE('',#5508,#5509,#2257,.T.);
#6833=EDGE_CURVE('',#5510,#5509,#2258,.T.);
#6834=EDGE_CURVE('',#5510,#5511,#2259,.T.);
#6835=EDGE_CURVE('',#5511,#5512,#2260,.T.);
#6836=EDGE_CURVE('',#5512,#5513,#2261,.T.);
#6837=EDGE_CURVE('',#5514,#5513,#2262,.T.);
#6838=EDGE_CURVE('',#5514,#5515,#2263,.T.);
#6839=EDGE_CURVE('',#5515,#5516,#2264,.T.);
#6840=EDGE_CURVE('',#5516,#5517,#2265,.T.);
#6841=EDGE_CURVE('',#5518,#5517,#2266,.T.);
#6842=EDGE_CURVE('',#5518,#5519,#2267,.T.);
#6843=EDGE_CURVE('',#5519,#5520,#2268,.T.);
#6844=EDGE_CURVE('',#5520,#5521,#2269,.T.);
#6845=EDGE_CURVE('',#5522,#5521,#2270,.T.);
#6846=EDGE_CURVE('',#5522,#5523,#2271,.T.);
#6847=EDGE_CURVE('',#5523,#5524,#2272,.T.);
#6848=EDGE_CURVE('',#5524,#5525,#2273,.T.);
#6849=EDGE_CURVE('',#5526,#5525,#2274,.T.);
#6850=EDGE_CURVE('',#5526,#5527,#2275,.T.);
#6851=EDGE_CURVE('',#5527,#5478,#2276,.T.);
#6852=EDGE_CURVE('',#5528,#5529,#2277,.T.);
#6853=EDGE_CURVE('',#5529,#5530,#2278,.T.);
#6854=EDGE_CURVE('',#5530,#5531,#2279,.T.);
#6855=EDGE_CURVE('',#5531,#5528,#2280,.T.);
#6856=EDGE_CURVE('',#5532,#5533,#2281,.T.);
#6857=EDGE_CURVE('',#5533,#5534,#2282,.T.);
#6858=EDGE_CURVE('',#5534,#5535,#2283,.T.);
#6859=EDGE_CURVE('',#5535,#5532,#2284,.T.);
#6860=EDGE_CURVE('',#5536,#5537,#2285,.T.);
#6861=EDGE_CURVE('',#5537,#5538,#2286,.T.);
#6862=EDGE_CURVE('',#5538,#5539,#2287,.T.);
#6863=EDGE_CURVE('',#5539,#5536,#2288,.T.);
#6864=EDGE_CURVE('',#5540,#5541,#2289,.T.);
#6865=EDGE_CURVE('',#5541,#5542,#2290,.T.);
#6866=EDGE_CURVE('',#5542,#5543,#2291,.T.);
#6867=EDGE_CURVE('',#5543,#5540,#2292,.T.);
#6868=EDGE_CURVE('',#5544,#5545,#2293,.T.);
#6869=EDGE_CURVE('',#5545,#5546,#2294,.T.);
#6870=EDGE_CURVE('',#5546,#5547,#2295,.T.);
#6871=EDGE_CURVE('',#5547,#5544,#2296,.T.);
#6872=EDGE_CURVE('',#5548,#5549,#2297,.T.);
#6873=EDGE_CURVE('',#5549,#5550,#2298,.T.);
#6874=EDGE_CURVE('',#5550,#5551,#2299,.T.);
#6875=EDGE_CURVE('',#5551,#5548,#2300,.T.);
#6876=EDGE_CURVE('',#5552,#5553,#2301,.T.);
#6877=EDGE_CURVE('',#5553,#5554,#2302,.T.);
#6878=EDGE_CURVE('',#5554,#5555,#2303,.T.);
#6879=EDGE_CURVE('',#5555,#5552,#2304,.T.);
#6880=EDGE_CURVE('',#5556,#5557,#2305,.T.);
#6881=EDGE_CURVE('',#5557,#5558,#2306,.T.);
#6882=EDGE_CURVE('',#5558,#5559,#2307,.T.);
#6883=EDGE_CURVE('',#5559,#5556,#2308,.T.);
#6884=EDGE_CURVE('',#5560,#5561,#2309,.T.);
#6885=EDGE_CURVE('',#5561,#5562,#2310,.T.);
#6886=EDGE_CURVE('',#5562,#5563,#2311,.T.);
#6887=EDGE_CURVE('',#5563,#5560,#2312,.T.);
#6888=EDGE_CURVE('',#5564,#5565,#2313,.T.);
#6889=EDGE_CURVE('',#5565,#5566,#2314,.T.);
#6890=EDGE_CURVE('',#5566,#5567,#2315,.T.);
#6891=EDGE_CURVE('',#5567,#5564,#2316,.T.);
#6892=EDGE_CURVE('',#5568,#5569,#2317,.T.);
#6893=EDGE_CURVE('',#5569,#5570,#2318,.T.);
#6894=EDGE_CURVE('',#5570,#5571,#2319,.T.);
#6895=EDGE_CURVE('',#5571,#5568,#2320,.T.);
#6896=EDGE_CURVE('',#5572,#5573,#2321,.T.);
#6897=EDGE_CURVE('',#5573,#5574,#2322,.T.);
#6898=EDGE_CURVE('',#5574,#5575,#2323,.T.);
#6899=EDGE_CURVE('',#5575,#5572,#2324,.T.);
#6900=EDGE_CURVE('',#5576,#5577,#2325,.T.);
#6901=EDGE_CURVE('',#5577,#5578,#2326,.T.);
#6902=EDGE_CURVE('',#5578,#5579,#2327,.T.);
#6903=EDGE_CURVE('',#5579,#5576,#2328,.T.);
#6904=EDGE_CURVE('',#5580,#5581,#2329,.T.);
#6905=EDGE_CURVE('',#5581,#5582,#2330,.T.);
#6906=EDGE_CURVE('',#5582,#5583,#2331,.T.);
#6907=EDGE_CURVE('',#5583,#5580,#2332,.T.);
#6908=EDGE_CURVE('',#5584,#5585,#2333,.T.);
#6909=EDGE_CURVE('',#5585,#5586,#2334,.T.);
#6910=EDGE_CURVE('',#5586,#5587,#2335,.T.);
#6911=EDGE_CURVE('',#5587,#5584,#2336,.T.);
#6912=EDGE_CURVE('',#5588,#5589,#2337,.T.);
#6913=EDGE_CURVE('',#5589,#5590,#2338,.T.);
#6914=EDGE_CURVE('',#5590,#5591,#2339,.T.);
#6915=EDGE_CURVE('',#5591,#5588,#2340,.T.);
#6916=EDGE_CURVE('',#5525,#5592,#298,.T.);
#6917=EDGE_CURVE('',#5592,#5593,#2341,.T.);
#6918=EDGE_CURVE('',#5593,#5526,#299,.T.);
#6919=EDGE_CURVE('',#5524,#5594,#2342,.T.);
#6920=EDGE_CURVE('',#5595,#5594,#2343,.T.);
#6921=EDGE_CURVE('',#5596,#5595,#2344,.T.);
#6922=EDGE_CURVE('',#5596,#5597,#2345,.T.);
#6923=EDGE_CURVE('',#5592,#5597,#2346,.T.);
#6924=EDGE_CURVE('',#5521,#5598,#300,.T.);
#6925=EDGE_CURVE('',#5598,#5599,#2347,.T.);
#6926=EDGE_CURVE('',#5599,#5522,#301,.T.);
#6927=EDGE_CURVE('',#5520,#5600,#2348,.T.);
#6928=EDGE_CURVE('',#5601,#5600,#2349,.T.);
#6929=EDGE_CURVE('',#5602,#5601,#2350,.T.);
#6930=EDGE_CURVE('',#5602,#5603,#2351,.T.);
#6931=EDGE_CURVE('',#5598,#5603,#2352,.T.);
#6932=EDGE_CURVE('',#5517,#5604,#302,.T.);
#6933=EDGE_CURVE('',#5604,#5605,#2353,.T.);
#6934=EDGE_CURVE('',#5605,#5518,#303,.T.);
#6935=EDGE_CURVE('',#5516,#5606,#2354,.T.);
#6936=EDGE_CURVE('',#5607,#5606,#2355,.T.);
#6937=EDGE_CURVE('',#5608,#5607,#2356,.T.);
#6938=EDGE_CURVE('',#5608,#5609,#2357,.T.);
#6939=EDGE_CURVE('',#5604,#5609,#2358,.T.);
#6940=EDGE_CURVE('',#5513,#5610,#304,.T.);
#6941=EDGE_CURVE('',#5610,#5611,#2359,.T.);
#6942=EDGE_CURVE('',#5611,#5514,#305,.T.);
#6943=EDGE_CURVE('',#5512,#5612,#2360,.T.);
#6944=EDGE_CURVE('',#5613,#5612,#2361,.T.);
#6945=EDGE_CURVE('',#5614,#5613,#2362,.T.);
#6946=EDGE_CURVE('',#5614,#5615,#2363,.T.);
#6947=EDGE_CURVE('',#5610,#5615,#2364,.T.);
#6948=EDGE_CURVE('',#5509,#5616,#306,.T.);
#6949=EDGE_CURVE('',#5616,#5617,#2365,.T.);
#6950=EDGE_CURVE('',#5617,#5510,#307,.T.);
#6951=EDGE_CURVE('',#5508,#5618,#2366,.T.);
#6952=EDGE_CURVE('',#5619,#5618,#2367,.T.);
#6953=EDGE_CURVE('',#5620,#5619,#2368,.T.);
#6954=EDGE_CURVE('',#5620,#5621,#2369,.T.);
#6955=EDGE_CURVE('',#5616,#5621,#2370,.T.);
#6956=EDGE_CURVE('',#5505,#5622,#308,.T.);
#6957=EDGE_CURVE('',#5622,#5623,#2371,.T.);
#6958=EDGE_CURVE('',#5623,#5506,#309,.T.);
#6959=EDGE_CURVE('',#5504,#5624,#2372,.T.);
#6960=EDGE_CURVE('',#5625,#5624,#2373,.T.);
#6961=EDGE_CURVE('',#5626,#5625,#2374,.T.);
#6962=EDGE_CURVE('',#5626,#5627,#2375,.T.);
#6963=EDGE_CURVE('',#5622,#5627,#2376,.T.);
#6964=EDGE_CURVE('',#5501,#5628,#310,.T.);
#6965=EDGE_CURVE('',#5628,#5629,#2377,.T.);
#6966=EDGE_CURVE('',#5629,#5502,#311,.T.);
#6967=EDGE_CURVE('',#5500,#5630,#2378,.T.);
#6968=EDGE_CURVE('',#5631,#5630,#2379,.T.);
#6969=EDGE_CURVE('',#5632,#5631,#2380,.T.);
#6970=EDGE_CURVE('',#5632,#5633,#2381,.T.);
#6971=EDGE_CURVE('',#5628,#5633,#2382,.T.);
#6972=EDGE_CURVE('',#5497,#5634,#312,.T.);
#6973=EDGE_CURVE('',#5634,#5635,#2383,.T.);
#6974=EDGE_CURVE('',#5635,#5498,#313,.T.);
#6975=EDGE_CURVE('',#5496,#5636,#2384,.T.);
#6976=EDGE_CURVE('',#5637,#5636,#2385,.T.);
#6977=EDGE_CURVE('',#5638,#5637,#2386,.T.);
#6978=EDGE_CURVE('',#5638,#5639,#2387,.T.);
#6979=EDGE_CURVE('',#5634,#5639,#2388,.T.);
#6980=EDGE_CURVE('',#5493,#5640,#314,.T.);
#6981=EDGE_CURVE('',#5640,#5641,#2389,.T.);
#6982=EDGE_CURVE('',#5641,#5494,#315,.T.);
#6983=EDGE_CURVE('',#5492,#5642,#2390,.T.);
#6984=EDGE_CURVE('',#5643,#5642,#2391,.T.);
#6985=EDGE_CURVE('',#5644,#5643,#2392,.T.);
#6986=EDGE_CURVE('',#5644,#5645,#2393,.T.);
#6987=EDGE_CURVE('',#5640,#5645,#2394,.T.);
#6988=EDGE_CURVE('',#5489,#5646,#316,.T.);
#6989=EDGE_CURVE('',#5646,#5647,#2395,.T.);
#6990=EDGE_CURVE('',#5647,#5490,#317,.T.);
#6991=EDGE_CURVE('',#5488,#5648,#2396,.T.);
#6992=EDGE_CURVE('',#5649,#5648,#2397,.T.);
#6993=EDGE_CURVE('',#5650,#5649,#2398,.T.);
#6994=EDGE_CURVE('',#5650,#5651,#2399,.T.);
#6995=EDGE_CURVE('',#5646,#5651,#2400,.T.);
#6996=EDGE_CURVE('',#5485,#5652,#318,.T.);
#6997=EDGE_CURVE('',#5652,#5653,#2401,.T.);
#6998=EDGE_CURVE('',#5653,#5486,#319,.T.);
#6999=EDGE_CURVE('',#5654,#5653,#2402,.T.);
#7000=EDGE_CURVE('',#5654,#5655,#2403,.T.);
#7001=EDGE_CURVE('',#5656,#5655,#2404,.T.);
#7002=EDGE_CURVE('',#5657,#5656,#2405,.T.);
#7003=EDGE_CURVE('',#5487,#5657,#2406,.T.);
#7004=EDGE_CURVE('',#5658,#5658,#320,.T.);
#7005=EDGE_CURVE('',#5658,#5659,#2407,.T.);
#7006=EDGE_CURVE('',#5659,#5659,#321,.T.);
#7007=EDGE_CURVE('',#5660,#5660,#322,.T.);
#7008=EDGE_CURVE('',#5660,#5661,#2408,.T.);
#7009=EDGE_CURVE('',#5661,#5661,#323,.T.);
#7010=EDGE_CURVE('',#5662,#5663,#2409,.T.);
#7011=EDGE_CURVE('',#5664,#5662,#2410,.T.);
#7012=EDGE_CURVE('',#5665,#5664,#2411,.T.);
#7013=EDGE_CURVE('',#5663,#5665,#2412,.T.);
#7014=EDGE_CURVE('',#5666,#5662,#2413,.T.);
#7015=EDGE_CURVE('',#5666,#5667,#2414,.T.);
#7016=EDGE_CURVE('',#5667,#5664,#2415,.T.);
#7017=EDGE_CURVE('',#5668,#5666,#2416,.T.);
#7018=EDGE_CURVE('',#5669,#5668,#2417,.T.);
#7019=EDGE_CURVE('',#5669,#5667,#2418,.T.);
#7020=EDGE_CURVE('',#5670,#5671,#2419,.T.);
#7021=EDGE_CURVE('',#5670,#5672,#2420,.T.);
#7022=EDGE_CURVE('',#5672,#5673,#2421,.T.);
#7023=EDGE_CURVE('',#5673,#5674,#2422,.T.);
#7024=EDGE_CURVE('',#5675,#5674,#2423,.T.);
#7025=EDGE_CURVE('',#5663,#5675,#2424,.T.);
#7026=EDGE_CURVE('',#5665,#5669,#2425,.T.);
#7027=EDGE_CURVE('',#5676,#5668,#2426,.T.);
#7028=EDGE_CURVE('',#5677,#5676,#2427,.T.);
#7029=EDGE_CURVE('',#5677,#5480,#2428,.T.);
#7030=EDGE_CURVE('',#5479,#5678,#2429,.T.);
#7031=EDGE_CURVE('',#5678,#5679,#2430,.T.);
#7032=EDGE_CURVE('',#5679,#5595,#2431,.T.);
#7033=EDGE_CURVE('',#5594,#5680,#2432,.T.);
#7034=EDGE_CURVE('',#5680,#5681,#2433,.T.);
#7035=EDGE_CURVE('',#5681,#5601,#2434,.T.);
#7036=EDGE_CURVE('',#5600,#5682,#2435,.T.);
#7037=EDGE_CURVE('',#5682,#5683,#2436,.T.);
#7038=EDGE_CURVE('',#5683,#5607,#2437,.T.);
#7039=EDGE_CURVE('',#5606,#5684,#2438,.T.);
#7040=EDGE_CURVE('',#5684,#5685,#2439,.T.);
#7041=EDGE_CURVE('',#5685,#5613,#2440,.T.);
#7042=EDGE_CURVE('',#5612,#5686,#2441,.T.);
#7043=EDGE_CURVE('',#5686,#5687,#2442,.T.);
#7044=EDGE_CURVE('',#5687,#5619,#2443,.T.);
#7045=EDGE_CURVE('',#5618,#5688,#2444,.T.);
#7046=EDGE_CURVE('',#5688,#5689,#2445,.T.);
#7047=EDGE_CURVE('',#5689,#5625,#2446,.T.);
#7048=EDGE_CURVE('',#5624,#5690,#2447,.T.);
#7049=EDGE_CURVE('',#5690,#5691,#2448,.T.);
#7050=EDGE_CURVE('',#5691,#5631,#2449,.T.);
#7051=EDGE_CURVE('',#5630,#5692,#2450,.T.);
#7052=EDGE_CURVE('',#5692,#5693,#2451,.T.);
#7053=EDGE_CURVE('',#5693,#5637,#2452,.T.);
#7054=EDGE_CURVE('',#5636,#5694,#2453,.T.);
#7055=EDGE_CURVE('',#5694,#5695,#2454,.T.);
#7056=EDGE_CURVE('',#5695,#5643,#2455,.T.);
#7057=EDGE_CURVE('',#5642,#5696,#2456,.T.);
#7058=EDGE_CURVE('',#5696,#5697,#2457,.T.);
#7059=EDGE_CURVE('',#5697,#5649,#2458,.T.);
#7060=EDGE_CURVE('',#5648,#5657,#2459,.T.);
#7061=EDGE_CURVE('',#5656,#5698,#2460,.T.);
#7062=EDGE_CURVE('',#5698,#5699,#2461,.T.);
#7063=EDGE_CURVE('',#5699,#5671,#2462,.T.);
#7064=EDGE_CURVE('',#5700,#5701,#2463,.T.);
#7065=EDGE_CURVE('',#5701,#5702,#2464,.T.);
#7066=EDGE_CURVE('',#5702,#5703,#2465,.T.);
#7067=EDGE_CURVE('',#5703,#5700,#2466,.T.);
#7068=EDGE_CURVE('',#5704,#5705,#2467,.T.);
#7069=EDGE_CURVE('',#5705,#5706,#2468,.T.);
#7070=EDGE_CURVE('',#5706,#5707,#2469,.T.);
#7071=EDGE_CURVE('',#5707,#5704,#2470,.T.);
#7072=EDGE_CURVE('',#5708,#5709,#2471,.T.);
#7073=EDGE_CURVE('',#5709,#5710,#2472,.T.);
#7074=EDGE_CURVE('',#5710,#5711,#2473,.T.);
#7075=EDGE_CURVE('',#5711,#5708,#2474,.T.);
#7076=EDGE_CURVE('',#5712,#5713,#2475,.T.);
#7077=EDGE_CURVE('',#5713,#5714,#2476,.T.);
#7078=EDGE_CURVE('',#5714,#5715,#2477,.T.);
#7079=EDGE_CURVE('',#5715,#5712,#2478,.T.);
#7080=EDGE_CURVE('',#5716,#5717,#2479,.T.);
#7081=EDGE_CURVE('',#5717,#5718,#2480,.T.);
#7082=EDGE_CURVE('',#5718,#5719,#2481,.T.);
#7083=EDGE_CURVE('',#5719,#5716,#2482,.T.);
#7084=EDGE_CURVE('',#5720,#5721,#2483,.T.);
#7085=EDGE_CURVE('',#5721,#5722,#2484,.T.);
#7086=EDGE_CURVE('',#5722,#5723,#2485,.T.);
#7087=EDGE_CURVE('',#5723,#5720,#2486,.T.);
#7088=EDGE_CURVE('',#5724,#5725,#2487,.T.);
#7089=EDGE_CURVE('',#5725,#5726,#2488,.T.);
#7090=EDGE_CURVE('',#5726,#5727,#2489,.T.);
#7091=EDGE_CURVE('',#5727,#5724,#2490,.T.);
#7092=EDGE_CURVE('',#5728,#5729,#2491,.T.);
#7093=EDGE_CURVE('',#5729,#5730,#2492,.T.);
#7094=EDGE_CURVE('',#5730,#5731,#2493,.T.);
#7095=EDGE_CURVE('',#5731,#5728,#2494,.T.);
#7096=EDGE_CURVE('',#5732,#5733,#2495,.T.);
#7097=EDGE_CURVE('',#5733,#5734,#2496,.T.);
#7098=EDGE_CURVE('',#5734,#5735,#2497,.T.);
#7099=EDGE_CURVE('',#5735,#5732,#2498,.T.);
#7100=EDGE_CURVE('',#5736,#5737,#2499,.T.);
#7101=EDGE_CURVE('',#5737,#5738,#2500,.T.);
#7102=EDGE_CURVE('',#5738,#5739,#2501,.T.);
#7103=EDGE_CURVE('',#5739,#5736,#2502,.T.);
#7104=EDGE_CURVE('',#5740,#5741,#2503,.T.);
#7105=EDGE_CURVE('',#5741,#5742,#2504,.T.);
#7106=EDGE_CURVE('',#5742,#5743,#2505,.T.);
#7107=EDGE_CURVE('',#5743,#5740,#2506,.T.);
#7108=EDGE_CURVE('',#5744,#5745,#2507,.T.);
#7109=EDGE_CURVE('',#5745,#5746,#2508,.T.);
#7110=EDGE_CURVE('',#5746,#5747,#2509,.T.);
#7111=EDGE_CURVE('',#5747,#5744,#2510,.T.);
#7112=EDGE_CURVE('',#5748,#5749,#2511,.T.);
#7113=EDGE_CURVE('',#5749,#5750,#2512,.T.);
#7114=EDGE_CURVE('',#5750,#5751,#2513,.T.);
#7115=EDGE_CURVE('',#5751,#5748,#2514,.T.);
#7116=EDGE_CURVE('',#5752,#5753,#2515,.T.);
#7117=EDGE_CURVE('',#5753,#5754,#2516,.T.);
#7118=EDGE_CURVE('',#5754,#5755,#2517,.T.);
#7119=EDGE_CURVE('',#5755,#5752,#2518,.T.);
#7120=EDGE_CURVE('',#5756,#5757,#2519,.T.);
#7121=EDGE_CURVE('',#5757,#5758,#2520,.T.);
#7122=EDGE_CURVE('',#5758,#5759,#2521,.T.);
#7123=EDGE_CURVE('',#5759,#5756,#2522,.T.);
#7124=EDGE_CURVE('',#5760,#5761,#2523,.T.);
#7125=EDGE_CURVE('',#5761,#5762,#2524,.T.);
#7126=EDGE_CURVE('',#5762,#5763,#2525,.T.);
#7127=EDGE_CURVE('',#5763,#5760,#2526,.T.);
#7128=EDGE_CURVE('',#5764,#5764,#324,.T.);
#7129=EDGE_CURVE('',#5764,#5765,#2527,.T.);
#7130=EDGE_CURVE('',#5765,#5765,#325,.T.);
#7131=EDGE_CURVE('',#5766,#5766,#326,.T.);
#7132=EDGE_CURVE('',#5766,#5767,#2528,.T.);
#7133=EDGE_CURVE('',#5767,#5767,#327,.T.);
#7134=EDGE_CURVE('',#5768,#5768,#328,.T.);
#7135=EDGE_CURVE('',#5768,#5769,#2529,.T.);
#7136=EDGE_CURVE('',#5769,#5769,#329,.T.);
#7137=EDGE_CURVE('',#5770,#5770,#330,.T.);
#7138=EDGE_CURVE('',#5770,#5771,#2530,.T.);
#7139=EDGE_CURVE('',#5771,#5771,#331,.T.);
#7140=EDGE_CURVE('',#5772,#5773,#2531,.T.);
#7141=EDGE_CURVE('',#5774,#5772,#2532,.T.);
#7142=EDGE_CURVE('',#5775,#5774,#2533,.T.);
#7143=EDGE_CURVE('',#5775,#5773,#2534,.T.);
#7144=EDGE_CURVE('',#5527,#5678,#2535,.T.);
#7145=EDGE_CURVE('',#5776,#5481,#2536,.T.);
#7146=EDGE_CURVE('',#5777,#5776,#2537,.T.);
#7147=EDGE_CURVE('',#5482,#5777,#2538,.T.);
#7148=EDGE_CURVE('',#5777,#5593,#2539,.T.);
#7149=EDGE_CURVE('',#5679,#5776,#2540,.T.);
#7150=EDGE_CURVE('',#5528,#5761,#2541,.T.);
#7151=EDGE_CURVE('',#5531,#5762,#2542,.T.);
#7152=EDGE_CURVE('',#5529,#5760,#2543,.T.);
#7153=EDGE_CURVE('',#5530,#5763,#2544,.T.);
#7154=EDGE_CURVE('',#5523,#5680,#2545,.T.);
#7155=EDGE_CURVE('',#5778,#5596,#2546,.T.);
#7156=EDGE_CURVE('',#5779,#5778,#2547,.T.);
#7157=EDGE_CURVE('',#5597,#5779,#2548,.T.);
#7158=EDGE_CURVE('',#5779,#5599,#2549,.T.);
#7159=EDGE_CURVE('',#5681,#5778,#2550,.T.);
#7160=EDGE_CURVE('',#5532,#5757,#2551,.T.);
#7161=EDGE_CURVE('',#5535,#5758,#2552,.T.);
#7162=EDGE_CURVE('',#5533,#5756,#2553,.T.);
#7163=EDGE_CURVE('',#5534,#5759,#2554,.T.);
#7164=EDGE_CURVE('',#5519,#5682,#2555,.T.);
#7165=EDGE_CURVE('',#5780,#5602,#2556,.T.);
#7166=EDGE_CURVE('',#5781,#5780,#2557,.T.);
#7167=EDGE_CURVE('',#5603,#5781,#2558,.T.);
#7168=EDGE_CURVE('',#5781,#5605,#2559,.T.);
#7169=EDGE_CURVE('',#5683,#5780,#2560,.T.);
#7170=EDGE_CURVE('',#5536,#5753,#2561,.T.);
#7171=EDGE_CURVE('',#5539,#5754,#2562,.T.);
#7172=EDGE_CURVE('',#5537,#5752,#2563,.T.);
#7173=EDGE_CURVE('',#5538,#5755,#2564,.T.);
#7174=EDGE_CURVE('',#5515,#5684,#2565,.T.);
#7175=EDGE_CURVE('',#5782,#5608,#2566,.T.);
#7176=EDGE_CURVE('',#5783,#5782,#2567,.T.);
#7177=EDGE_CURVE('',#5609,#5783,#2568,.T.);
#7178=EDGE_CURVE('',#5783,#5611,#2569,.T.);
#7179=EDGE_CURVE('',#5685,#5782,#2570,.T.);
#7180=EDGE_CURVE('',#5540,#5749,#2571,.T.);
#7181=EDGE_CURVE('',#5543,#5750,#2572,.T.);
#7182=EDGE_CURVE('',#5541,#5748,#2573,.T.);
#7183=EDGE_CURVE('',#5542,#5751,#2574,.T.);
#7184=EDGE_CURVE('',#5511,#5686,#2575,.T.);
#7185=EDGE_CURVE('',#5784,#5614,#2576,.T.);
#7186=EDGE_CURVE('',#5785,#5784,#2577,.T.);
#7187=EDGE_CURVE('',#5615,#5785,#2578,.T.);
#7188=EDGE_CURVE('',#5785,#5617,#2579,.T.);
#7189=EDGE_CURVE('',#5687,#5784,#2580,.T.);
#7190=EDGE_CURVE('',#5544,#5745,#2581,.T.);
#7191=EDGE_CURVE('',#5547,#5746,#2582,.T.);
#7192=EDGE_CURVE('',#5545,#5744,#2583,.T.);
#7193=EDGE_CURVE('',#5546,#5747,#2584,.T.);
#7194=EDGE_CURVE('',#5507,#5688,#2585,.T.);
#7195=EDGE_CURVE('',#5786,#5620,#2586,.T.);
#7196=EDGE_CURVE('',#5787,#5786,#2587,.T.);
#7197=EDGE_CURVE('',#5621,#5787,#2588,.T.);
#7198=EDGE_CURVE('',#5787,#5623,#2589,.T.);
#7199=EDGE_CURVE('',#5689,#5786,#2590,.T.);
#7200=EDGE_CURVE('',#5548,#5741,#2591,.T.);
#7201=EDGE_CURVE('',#5551,#5742,#2592,.T.);
#7202=EDGE_CURVE('',#5549,#5740,#2593,.T.);
#7203=EDGE_CURVE('',#5550,#5743,#2594,.T.);
#7204=EDGE_CURVE('',#5503,#5690,#2595,.T.);
#7205=EDGE_CURVE('',#5788,#5626,#2596,.T.);
#7206=EDGE_CURVE('',#5789,#5788,#2597,.T.);
#7207=EDGE_CURVE('',#5627,#5789,#2598,.T.);
#7208=EDGE_CURVE('',#5789,#5629,#2599,.T.);
#7209=EDGE_CURVE('',#5691,#5788,#2600,.T.);
#7210=EDGE_CURVE('',#5552,#5737,#2601,.T.);
#7211=EDGE_CURVE('',#5555,#5738,#2602,.T.);
#7212=EDGE_CURVE('',#5553,#5736,#2603,.T.);
#7213=EDGE_CURVE('',#5554,#5739,#2604,.T.);
#7214=EDGE_CURVE('',#5499,#5692,#2605,.T.);
#7215=EDGE_CURVE('',#5790,#5632,#2606,.T.);
#7216=EDGE_CURVE('',#5791,#5790,#2607,.T.);
#7217=EDGE_CURVE('',#5633,#5791,#2608,.T.);
#7218=EDGE_CURVE('',#5791,#5635,#2609,.T.);
#7219=EDGE_CURVE('',#5693,#5790,#2610,.T.);
#7220=EDGE_CURVE('',#5556,#5733,#2611,.T.);
#7221=EDGE_CURVE('',#5559,#5734,#2612,.T.);
#7222=EDGE_CURVE('',#5557,#5732,#2613,.T.);
#7223=EDGE_CURVE('',#5558,#5735,#2614,.T.);
#7224=EDGE_CURVE('',#5495,#5694,#2615,.T.);
#7225=EDGE_CURVE('',#5792,#5638,#2616,.T.);
#7226=EDGE_CURVE('',#5793,#5792,#2617,.T.);
#7227=EDGE_CURVE('',#5639,#5793,#2618,.T.);
#7228=EDGE_CURVE('',#5793,#5641,#2619,.T.);
#7229=EDGE_CURVE('',#5695,#5792,#2620,.T.);
#7230=EDGE_CURVE('',#5560,#5729,#2621,.T.);
#7231=EDGE_CURVE('',#5563,#5730,#2622,.T.);
#7232=EDGE_CURVE('',#5561,#5728,#2623,.T.);
#7233=EDGE_CURVE('',#5562,#5731,#2624,.T.);
#7234=EDGE_CURVE('',#5491,#5696,#2625,.T.);
#7235=EDGE_CURVE('',#5794,#5644,#2626,.T.);
#7236=EDGE_CURVE('',#5795,#5794,#2627,.T.);
#7237=EDGE_CURVE('',#5645,#5795,#2628,.T.);
#7238=EDGE_CURVE('',#5795,#5647,#2629,.T.);
#7239=EDGE_CURVE('',#5697,#5794,#2630,.T.);
#7240=EDGE_CURVE('',#5564,#5725,#2631,.T.);
#7241=EDGE_CURVE('',#5567,#5726,#2632,.T.);
#7242=EDGE_CURVE('',#5565,#5724,#2633,.T.);
#7243=EDGE_CURVE('',#5566,#5727,#2634,.T.);
#7244=EDGE_CURVE('',#5655,#5650,#2635,.T.);
#7245=EDGE_CURVE('',#5651,#5654,#2636,.T.);
#7246=EDGE_CURVE('',#5568,#5721,#2637,.T.);
#7247=EDGE_CURVE('',#5571,#5722,#2638,.T.);
#7248=EDGE_CURVE('',#5569,#5720,#2639,.T.);
#7249=EDGE_CURVE('',#5570,#5723,#2640,.T.);
#7250=EDGE_CURVE('',#5572,#5717,#2641,.T.);
#7251=EDGE_CURVE('',#5575,#5718,#2642,.T.);
#7252=EDGE_CURVE('',#5573,#5716,#2643,.T.);
#7253=EDGE_CURVE('',#5574,#5719,#2644,.T.);
#7254=EDGE_CURVE('',#5576,#5713,#2645,.T.);
#7255=EDGE_CURVE('',#5579,#5714,#2646,.T.);
#7256=EDGE_CURVE('',#5577,#5712,#2647,.T.);
#7257=EDGE_CURVE('',#5578,#5715,#2648,.T.);
#7258=EDGE_CURVE('',#5580,#5709,#2649,.T.);
#7259=EDGE_CURVE('',#5583,#5710,#2650,.T.);
#7260=EDGE_CURVE('',#5581,#5708,#2651,.T.);
#7261=EDGE_CURVE('',#5582,#5711,#2652,.T.);
#7262=EDGE_CURVE('',#5584,#5705,#2653,.T.);
#7263=EDGE_CURVE('',#5587,#5706,#2654,.T.);
#7264=EDGE_CURVE('',#5585,#5704,#2655,.T.);
#7265=EDGE_CURVE('',#5586,#5707,#2656,.T.);
#7266=EDGE_CURVE('',#5588,#5701,#2657,.T.);
#7267=EDGE_CURVE('',#5591,#5702,#2658,.T.);
#7268=EDGE_CURVE('',#5589,#5700,#2659,.T.);
#7269=EDGE_CURVE('',#5590,#5703,#2660,.T.);
#7270=EDGE_CURVE('',#5474,#5775,#2661,.T.);
#7271=EDGE_CURVE('',#5774,#5677,#2662,.T.);
#7272=EDGE_CURVE('',#5483,#5676,#2663,.T.);
#7273=EDGE_CURVE('',#5796,#5772,#2664,.T.);
#7274=EDGE_CURVE('',#5796,#5797,#2665,.T.);
#7275=EDGE_CURVE('',#5797,#5698,#2666,.T.);
#7276=EDGE_CURVE('',#5671,#5798,#2667,.T.);
#7277=EDGE_CURVE('',#5799,#5699,#2668,.T.);
#7278=EDGE_CURVE('',#5799,#5798,#2669,.T.);
#7279=EDGE_CURVE('',#5798,#5800,#2670,.T.);
#7280=EDGE_CURVE('',#5801,#5799,#2671,.T.);
#7281=EDGE_CURVE('',#5801,#5800,#2672,.T.);
#7282=EDGE_CURVE('',#5800,#5802,#2673,.T.);
#7283=EDGE_CURVE('',#5803,#5801,#2674,.T.);
#7284=EDGE_CURVE('',#5803,#5802,#2675,.T.);
#7285=EDGE_CURVE('',#5802,#5796,#2676,.T.);
#7286=EDGE_CURVE('',#5797,#5803,#2677,.T.);
#7287=EDGE_CURVE('',#5804,#5804,#332,.T.);
#7288=EDGE_CURVE('',#5805,#5805,#333,.T.);
#7289=EDGE_CURVE('',#5806,#5806,#334,.T.);
#7290=EDGE_CURVE('',#5807,#5808,#2678,.T.);
#7291=EDGE_CURVE('',#5808,#5673,#2679,.T.);
#7292=EDGE_CURVE('',#5672,#5807,#2680,.T.);
#7293=EDGE_CURVE('',#5809,#5809,#335,.T.);
#7294=EDGE_CURVE('',#5810,#5810,#336,.T.);
#7295=EDGE_CURVE('',#5811,#5811,#337,.T.);
#7296=EDGE_CURVE('',#5812,#5812,#338,.T.);
#7297=EDGE_CURVE('',#5813,#5813,#339,.T.);
#7298=EDGE_CURVE('',#5813,#5804,#2681,.T.);
#7299=EDGE_CURVE('',#5814,#5814,#340,.T.);
#7300=EDGE_CURVE('',#5814,#5805,#2682,.T.);
#7301=EDGE_CURVE('',#5815,#5815,#341,.T.);
#7302=EDGE_CURVE('',#5815,#5806,#2683,.T.);
#7303=EDGE_CURVE('',#5816,#5816,#342,.T.);
#7304=EDGE_CURVE('',#5816,#5809,#2684,.T.);
#7305=EDGE_CURVE('',#5817,#5817,#343,.T.);
#7306=EDGE_CURVE('',#5817,#5810,#2685,.T.);
#7307=EDGE_CURVE('',#5818,#5818,#344,.T.);
#7308=EDGE_CURVE('',#5818,#5811,#2686,.T.);
#7309=EDGE_CURVE('',#5819,#5819,#345,.T.);
#7310=EDGE_CURVE('',#5819,#5812,#2687,.T.);
#7311=EDGE_CURVE('',#5773,#5652,#2688,.T.);
#7312=EDGE_CURVE('',#5484,#5675,#2689,.T.);
#7313=EDGE_CURVE('',#5674,#5820,#2690,.T.);
#7314=EDGE_CURVE('',#5820,#5808,#2691,.T.);
#7315=EDGE_CURVE('',#5820,#5821,#2692,.T.);
#7316=EDGE_CURVE('',#5807,#5821,#2693,.T.);
#7317=EDGE_CURVE('',#5821,#5670,#2694,.T.);
#7318=EDGE_CURVE('',#5822,#5823,#2695,.T.);
#7319=EDGE_CURVE('',#5822,#5824,#2696,.T.);
#7320=EDGE_CURVE('',#5825,#5824,#2697,.T.);
#7321=EDGE_CURVE('',#5823,#5825,#2698,.T.);
#7322=EDGE_CURVE('',#5823,#5826,#2699,.T.);
#7323=EDGE_CURVE('',#5827,#5825,#2700,.T.);
#7324=EDGE_CURVE('',#5826,#5827,#2701,.T.);
#7325=EDGE_CURVE('',#5826,#5828,#2702,.T.);
#7326=EDGE_CURVE('',#5829,#5827,#2703,.T.);
#7327=EDGE_CURVE('',#5828,#5829,#2704,.T.);
#7328=EDGE_CURVE('',#5828,#5822,#2705,.T.);
#7329=EDGE_CURVE('',#5824,#5829,#2706,.T.);
#7330=EDGE_CURVE('',#5830,#5831,#2707,.T.);
#7331=EDGE_CURVE('',#5832,#5831,#2708,.T.);
#7332=EDGE_CURVE('',#5832,#5833,#2709,.T.);
#7333=EDGE_CURVE('',#5830,#5833,#2710,.T.);
#7334=EDGE_CURVE('',#5834,#5834,#346,.T.);
#7335=EDGE_CURVE('',#5835,#5835,#347,.T.);
#7336=EDGE_CURVE('',#5836,#5836,#348,.T.);
#7337=EDGE_CURVE('',#5837,#5838,#2711,.T.);
#7338=EDGE_CURVE('',#5839,#5838,#2712,.T.);
#7339=EDGE_CURVE('',#5840,#5839,#2713,.T.);
#7340=EDGE_CURVE('',#5841,#5840,#2714,.T.);
#7341=EDGE_CURVE('',#5842,#5841,#2715,.F.);
#7342=EDGE_CURVE('',#5837,#5842,#2716,.T.);
#7343=EDGE_CURVE('',#5843,#5843,#349,.T.);
#7344=EDGE_CURVE('',#5844,#5844,#350,.T.);
#7345=EDGE_CURVE('',#5845,#5845,#351,.T.);
#7346=EDGE_CURVE('',#5846,#5847,#352,.T.);
#7347=EDGE_CURVE('',#5847,#5848,#2717,.T.);
#7348=EDGE_CURVE('',#5848,#5849,#353,.T.);
#7349=EDGE_CURVE('',#5849,#5846,#2718,.T.);
#7350=EDGE_CURVE('',#5831,#5847,#2719,.T.);
#7351=EDGE_CURVE('',#5838,#5830,#2720,.T.);
#7352=EDGE_CURVE('',#5850,#5837,#2721,.T.);
#7353=EDGE_CURVE('',#5851,#5850,#2722,.T.);
#7354=EDGE_CURVE('',#5848,#5851,#2723,.T.);
#7355=EDGE_CURVE('',#5852,#5849,#2724,.T.);
#7356=EDGE_CURVE('',#5853,#5852,#2725,.T.);
#7357=EDGE_CURVE('',#5846,#5853,#2726,.T.);
#7358=EDGE_CURVE('',#5854,#5853,#2727,.T.);
#7359=EDGE_CURVE('',#5855,#5854,#2728,.F.);
#7360=EDGE_CURVE('',#5841,#5855,#2729,.F.);
#7361=EDGE_CURVE('',#5840,#5832,#2730,.T.);
#7362=EDGE_CURVE('',#5856,#5857,#2731,.T.);
#7363=EDGE_CURVE('',#5857,#5858,#2732,.T.);
#7364=EDGE_CURVE('',#5858,#5859,#2733,.T.);
#7365=EDGE_CURVE('',#5859,#5856,#2734,.T.);
#7366=EDGE_CURVE('',#5860,#5860,#354,.T.);
#7367=EDGE_CURVE('',#5861,#5861,#355,.T.);
#7368=EDGE_CURVE('',#5862,#5862,#356,.T.);
#7369=EDGE_CURVE('',#5863,#5863,#357,.T.);
#7370=EDGE_CURVE('',#5864,#5852,#2735,.T.);
#7371=EDGE_CURVE('',#5854,#5864,#2736,.T.);
#7372=EDGE_CURVE('',#5851,#5865,#2737,.T.);
#7373=EDGE_CURVE('',#5865,#5866,#2738,.F.);
#7374=EDGE_CURVE('',#5866,#5864,#2739,.F.);
#7375=EDGE_CURVE('',#5867,#5867,#358,.T.);
#7376=EDGE_CURVE('',#5868,#5869,#2740,.T.);
#7377=EDGE_CURVE('',#5869,#5870,#2741,.T.);
#7378=EDGE_CURVE('',#5870,#5871,#2742,.T.);
#7379=EDGE_CURVE('',#5871,#5868,#2743,.T.);
#7380=EDGE_CURVE('',#5872,#5872,#359,.T.);
#7381=EDGE_CURVE('',#5873,#5873,#360,.T.);
#7382=EDGE_CURVE('',#5874,#5874,#361,.T.);
#7383=EDGE_CURVE('',#5874,#5863,#2744,.T.);
#7384=EDGE_CURVE('',#5873,#5862,#2745,.T.);
#7385=EDGE_CURVE('',#5872,#5861,#2746,.T.);
#7386=EDGE_CURVE('',#5875,#5875,#362,.T.);
#7387=EDGE_CURVE('',#5875,#5860,#2747,.T.);
#7388=EDGE_CURVE('',#5876,#5876,#363,.T.);
#7389=EDGE_CURVE('',#5857,#5868,#2748,.T.);
#7390=EDGE_CURVE('',#5856,#5869,#2749,.T.);
#7391=EDGE_CURVE('',#5859,#5870,#2750,.T.);
#7392=EDGE_CURVE('',#5858,#5871,#2751,.T.);
#7393=EDGE_CURVE('',#5876,#5867,#2752,.T.);
#7394=EDGE_CURVE('',#5833,#5839,#2753,.T.);
#7395=EDGE_CURVE('',#5843,#5834,#2754,.T.);
#7396=EDGE_CURVE('',#5844,#5835,#2755,.T.);
#7397=EDGE_CURVE('',#5845,#5836,#2756,.T.);
#7398=EDGE_CURVE('',#5850,#5877,#2757,.T.);
#7399=EDGE_CURVE('',#5865,#5877,#2758,.F.);
#7400=EDGE_CURVE('',#5877,#5842,#2759,.F.);
#7401=EDGE_CURVE('',#5855,#5866,#2760,.T.);
#7402=EDGE_CURVE('',#5878,#5879,#364,.T.);
#7403=EDGE_CURVE('',#5879,#5880,#2761,.T.);
#7404=EDGE_CURVE('',#5880,#5881,#365,.T.);
#7405=EDGE_CURVE('',#5881,#5878,#2762,.T.);
#7406=EDGE_CURVE('',#5882,#5880,#2763,.T.);
#7407=EDGE_CURVE('',#5882,#5883,#2764,.T.);
#7408=EDGE_CURVE('',#5884,#5883,#2765,.T.);
#7409=EDGE_CURVE('',#5885,#5884,#2766,.T.);
#7410=EDGE_CURVE('',#5885,#5886,#2767,.T.);
#7411=EDGE_CURVE('',#5881,#5886,#2768,.T.);
#7412=EDGE_CURVE('',#5879,#5887,#2769,.T.);
#7413=EDGE_CURVE('',#5887,#5888,#2770,.T.);
#7414=EDGE_CURVE('',#5888,#5889,#2771,.T.);
#7415=EDGE_CURVE('',#5890,#5889,#2772,.T.);
#7416=EDGE_CURVE('',#5890,#5891,#2773,.T.);
#7417=EDGE_CURVE('',#5891,#5892,#2774,.T.);
#7418=EDGE_CURVE('',#5892,#5893,#2775,.T.);
#7419=EDGE_CURVE('',#5894,#5893,#2776,.T.);
#7420=EDGE_CURVE('',#5894,#5895,#2777,.T.);
#7421=EDGE_CURVE('',#5895,#5896,#2778,.T.);
#7422=EDGE_CURVE('',#5896,#5897,#2779,.T.);
#7423=EDGE_CURVE('',#5898,#5897,#2780,.T.);
#7424=EDGE_CURVE('',#5898,#5899,#2781,.T.);
#7425=EDGE_CURVE('',#5899,#5900,#2782,.T.);
#7426=EDGE_CURVE('',#5900,#5901,#2783,.T.);
#7427=EDGE_CURVE('',#5902,#5901,#2784,.T.);
#7428=EDGE_CURVE('',#5903,#5902,#2785,.T.);
#7429=EDGE_CURVE('',#5903,#5904,#2786,.T.);
#7430=EDGE_CURVE('',#5905,#5904,#2787,.T.);
#7431=EDGE_CURVE('',#5906,#5905,#2788,.T.);
#7432=EDGE_CURVE('',#5906,#5907,#2789,.T.);
#7433=EDGE_CURVE('',#5907,#5908,#2790,.T.);
#7434=EDGE_CURVE('',#5908,#5909,#2791,.T.);
#7435=EDGE_CURVE('',#5910,#5909,#2792,.T.);
#7436=EDGE_CURVE('',#5910,#5911,#2793,.T.);
#7437=EDGE_CURVE('',#5911,#5912,#2794,.T.);
#7438=EDGE_CURVE('',#5912,#5913,#2795,.T.);
#7439=EDGE_CURVE('',#5914,#5913,#2796,.T.);
#7440=EDGE_CURVE('',#5914,#5915,#2797,.T.);
#7441=EDGE_CURVE('',#5915,#5916,#2798,.T.);
#7442=EDGE_CURVE('',#5916,#5917,#2799,.T.);
#7443=EDGE_CURVE('',#5918,#5917,#2800,.T.);
#7444=EDGE_CURVE('',#5918,#5919,#2801,.T.);
#7445=EDGE_CURVE('',#5919,#5920,#2802,.T.);
#7446=EDGE_CURVE('',#5920,#5921,#2803,.T.);
#7447=EDGE_CURVE('',#5922,#5921,#2804,.T.);
#7448=EDGE_CURVE('',#5922,#5923,#2805,.T.);
#7449=EDGE_CURVE('',#5923,#5924,#2806,.T.);
#7450=EDGE_CURVE('',#5924,#5925,#2807,.T.);
#7451=EDGE_CURVE('',#5926,#5925,#2808,.T.);
#7452=EDGE_CURVE('',#5926,#5927,#2809,.T.);
#7453=EDGE_CURVE('',#5927,#5928,#2810,.T.);
#7454=EDGE_CURVE('',#5928,#5929,#2811,.T.);
#7455=EDGE_CURVE('',#5930,#5929,#2812,.T.);
#7456=EDGE_CURVE('',#5930,#5931,#2813,.T.);
#7457=EDGE_CURVE('',#5931,#5932,#2814,.T.);
#7458=EDGE_CURVE('',#5932,#5933,#2815,.T.);
#7459=EDGE_CURVE('',#5934,#5933,#2816,.T.);
#7460=EDGE_CURVE('',#5934,#5935,#2817,.T.);
#7461=EDGE_CURVE('',#5935,#5936,#2818,.T.);
#7462=EDGE_CURVE('',#5936,#5937,#2819,.T.);
#7463=EDGE_CURVE('',#5938,#5937,#2820,.T.);
#7464=EDGE_CURVE('',#5938,#5939,#2821,.T.);
#7465=EDGE_CURVE('',#5939,#5940,#2822,.T.);
#7466=EDGE_CURVE('',#5940,#5941,#2823,.T.);
#7467=EDGE_CURVE('',#5942,#5941,#2824,.T.);
#7468=EDGE_CURVE('',#5942,#5943,#2825,.T.);
#7469=EDGE_CURVE('',#5943,#5944,#2826,.T.);
#7470=EDGE_CURVE('',#5944,#5945,#2827,.T.);
#7471=EDGE_CURVE('',#5946,#5945,#2828,.T.);
#7472=EDGE_CURVE('',#5946,#5947,#2829,.T.);
#7473=EDGE_CURVE('',#5947,#5948,#2830,.T.);
#7474=EDGE_CURVE('',#5948,#5949,#2831,.T.);
#7475=EDGE_CURVE('',#5950,#5949,#2832,.T.);
#7476=EDGE_CURVE('',#5950,#5951,#2833,.T.);
#7477=EDGE_CURVE('',#5951,#5882,#2834,.T.);
#7478=EDGE_CURVE('',#5905,#5952,#366,.T.);
#7479=EDGE_CURVE('',#5952,#5953,#2835,.T.);
#7480=EDGE_CURVE('',#5953,#5906,#367,.T.);
#7481=EDGE_CURVE('',#5904,#5954,#2836,.T.);
#7482=EDGE_CURVE('',#5954,#5955,#2837,.T.);
#7483=EDGE_CURVE('',#5955,#5956,#2838,.T.);
#7484=EDGE_CURVE('',#5956,#5957,#2839,.T.);
#7485=EDGE_CURVE('',#5957,#5952,#2840,.T.);
#7486=EDGE_CURVE('',#5958,#5942,#368,.T.);
#7487=EDGE_CURVE('',#5941,#5959,#369,.T.);
#7488=EDGE_CURVE('',#5959,#5958,#2841,.T.);
#7489=EDGE_CURVE('',#5940,#5960,#2842,.T.);
#7490=EDGE_CURVE('',#5961,#5960,#2843,.T.);
#7491=EDGE_CURVE('',#5962,#5961,#2844,.T.);
#7492=EDGE_CURVE('',#5962,#5963,#2845,.T.);
#7493=EDGE_CURVE('',#5959,#5963,#2846,.T.);
#7494=EDGE_CURVE('',#5964,#5910,#370,.T.);
#7495=EDGE_CURVE('',#5909,#5965,#371,.T.);
#7496=EDGE_CURVE('',#5965,#5964,#2847,.T.);
#7497=EDGE_CURVE('',#5908,#5966,#2848,.T.);
#7498=EDGE_CURVE('',#5967,#5966,#2849,.T.);
#7499=EDGE_CURVE('',#5968,#5967,#2850,.T.);
#7500=EDGE_CURVE('',#5968,#5969,#2851,.T.);
#7501=EDGE_CURVE('',#5965,#5969,#2852,.T.);
#7502=EDGE_CURVE('',#5970,#5938,#372,.T.);
#7503=EDGE_CURVE('',#5937,#5971,#373,.T.);
#7504=EDGE_CURVE('',#5971,#5970,#2853,.T.);
#7505=EDGE_CURVE('',#5936,#5972,#2854,.T.);
#7506=EDGE_CURVE('',#5973,#5972,#2855,.T.);
#7507=EDGE_CURVE('',#5974,#5973,#2856,.T.);
#7508=EDGE_CURVE('',#5974,#5975,#2857,.T.);
#7509=EDGE_CURVE('',#5971,#5975,#2858,.T.);
#7510=EDGE_CURVE('',#5976,#5926,#374,.T.);
#7511=EDGE_CURVE('',#5925,#5977,#375,.T.);
#7512=EDGE_CURVE('',#5977,#5976,#2859,.T.);
#7513=EDGE_CURVE('',#5924,#5978,#2860,.T.);
#7514=EDGE_CURVE('',#5979,#5978,#2861,.T.);
#7515=EDGE_CURVE('',#5980,#5979,#2862,.T.);
#7516=EDGE_CURVE('',#5980,#5981,#2863,.T.);
#7517=EDGE_CURVE('',#5977,#5981,#2864,.T.);
#7518=EDGE_CURVE('',#5982,#5918,#376,.T.);
#7519=EDGE_CURVE('',#5917,#5983,#377,.T.);
#7520=EDGE_CURVE('',#5983,#5982,#2865,.T.);
#7521=EDGE_CURVE('',#5916,#5984,#2866,.T.);
#7522=EDGE_CURVE('',#5985,#5984,#2867,.T.);
#7523=EDGE_CURVE('',#5986,#5985,#2868,.T.);
#7524=EDGE_CURVE('',#5986,#5987,#2869,.T.);
#7525=EDGE_CURVE('',#5983,#5987,#2870,.T.);
#7526=EDGE_CURVE('',#5988,#5914,#378,.T.);
#7527=EDGE_CURVE('',#5913,#5989,#379,.T.);
#7528=EDGE_CURVE('',#5989,#5988,#2871,.T.);
#7529=EDGE_CURVE('',#5912,#5990,#2872,.T.);
#7530=EDGE_CURVE('',#5991,#5990,#2873,.T.);
#7531=EDGE_CURVE('',#5992,#5991,#2874,.T.);
#7532=EDGE_CURVE('',#5992,#5993,#2875,.T.);
#7533=EDGE_CURVE('',#5989,#5993,#2876,.T.);
#7534=EDGE_CURVE('',#5994,#5922,#380,.T.);
#7535=EDGE_CURVE('',#5921,#5995,#381,.T.);
#7536=EDGE_CURVE('',#5995,#5994,#2877,.T.);
#7537=EDGE_CURVE('',#5920,#5996,#2878,.T.);
#7538=EDGE_CURVE('',#5997,#5996,#2879,.T.);
#7539=EDGE_CURVE('',#5998,#5997,#2880,.T.);
#7540=EDGE_CURVE('',#5998,#5999,#2881,.T.);
#7541=EDGE_CURVE('',#5995,#5999,#2882,.T.);
#7542=EDGE_CURVE('',#6000,#5930,#382,.T.);
#7543=EDGE_CURVE('',#5929,#6001,#383,.T.);
#7544=EDGE_CURVE('',#6001,#6000,#2883,.T.);
#7545=EDGE_CURVE('',#5928,#6002,#2884,.T.);
#7546=EDGE_CURVE('',#6003,#6002,#2885,.T.);
#7547=EDGE_CURVE('',#6004,#6003,#2886,.T.);
#7548=EDGE_CURVE('',#6004,#6005,#2887,.T.);
#7549=EDGE_CURVE('',#6001,#6005,#2888,.T.);
#7550=EDGE_CURVE('',#6006,#5950,#384,.T.);
#7551=EDGE_CURVE('',#5949,#6007,#385,.T.);
#7552=EDGE_CURVE('',#6007,#6006,#2889,.T.);
#7553=EDGE_CURVE('',#5948,#6008,#2890,.T.);
#7554=EDGE_CURVE('',#6009,#6008,#2891,.T.);
#7555=EDGE_CURVE('',#6010,#6009,#2892,.T.);
#7556=EDGE_CURVE('',#6010,#6011,#2893,.T.);
#7557=EDGE_CURVE('',#6007,#6011,#2894,.T.);
#7558=EDGE_CURVE('',#6012,#5934,#386,.T.);
#7559=EDGE_CURVE('',#5933,#6013,#387,.T.);
#7560=EDGE_CURVE('',#6013,#6012,#2895,.T.);
#7561=EDGE_CURVE('',#5932,#6014,#2896,.T.);
#7562=EDGE_CURVE('',#6015,#6014,#2897,.T.);
#7563=EDGE_CURVE('',#6016,#6015,#2898,.T.);
#7564=EDGE_CURVE('',#6016,#6017,#2899,.T.);
#7565=EDGE_CURVE('',#6013,#6017,#2900,.T.);
#7566=EDGE_CURVE('',#6018,#5946,#388,.T.);
#7567=EDGE_CURVE('',#5945,#6019,#389,.T.);
#7568=EDGE_CURVE('',#6019,#6018,#2901,.T.);
#7569=EDGE_CURVE('',#5944,#6020,#2902,.T.);
#7570=EDGE_CURVE('',#6021,#6020,#2903,.T.);
#7571=EDGE_CURVE('',#6022,#6021,#2904,.T.);
#7572=EDGE_CURVE('',#6022,#6023,#2905,.T.);
#7573=EDGE_CURVE('',#6019,#6023,#2906,.T.);
#7574=EDGE_CURVE('',#6024,#5890,#390,.T.);
#7575=EDGE_CURVE('',#5889,#6025,#391,.T.);
#7576=EDGE_CURVE('',#6025,#6024,#2907,.T.);
#7577=EDGE_CURVE('',#5888,#6026,#2908,.T.);
#7578=EDGE_CURVE('',#6027,#6026,#2909,.T.);
#7579=EDGE_CURVE('',#6028,#6027,#2910,.T.);
#7580=EDGE_CURVE('',#6028,#6029,#2911,.T.);
#7581=EDGE_CURVE('',#6025,#6029,#2912,.T.);
#7582=EDGE_CURVE('',#6030,#5902,#392,.T.);
#7583=EDGE_CURVE('',#5901,#6031,#393,.T.);
#7584=EDGE_CURVE('',#6031,#6030,#2913,.T.);
#7585=EDGE_CURVE('',#5900,#6032,#2914,.T.);
#7586=EDGE_CURVE('',#6033,#6032,#2915,.T.);
#7587=EDGE_CURVE('',#6034,#6033,#2916,.T.);
#7588=EDGE_CURVE('',#6034,#6035,#2917,.T.);
#7589=EDGE_CURVE('',#6031,#6035,#2918,.T.);
#7590=EDGE_CURVE('',#6036,#5894,#394,.T.);
#7591=EDGE_CURVE('',#5893,#6037,#395,.T.);
#7592=EDGE_CURVE('',#6037,#6036,#2919,.T.);
#7593=EDGE_CURVE('',#5892,#6038,#2920,.T.);
#7594=EDGE_CURVE('',#6039,#6038,#2921,.T.);
#7595=EDGE_CURVE('',#6040,#6039,#2922,.T.);
#7596=EDGE_CURVE('',#6040,#6041,#2923,.T.);
#7597=EDGE_CURVE('',#6037,#6041,#2924,.T.);
#7598=EDGE_CURVE('',#6042,#5898,#396,.T.);
#7599=EDGE_CURVE('',#5897,#6043,#397,.T.);
#7600=EDGE_CURVE('',#6043,#6042,#2925,.T.);
#7601=EDGE_CURVE('',#6044,#6042,#2926,.T.);
#7602=EDGE_CURVE('',#6044,#6045,#2927,.T.);
#7603=EDGE_CURVE('',#6046,#6045,#2928,.T.);
#7604=EDGE_CURVE('',#6047,#6046,#2929,.T.);
#7605=EDGE_CURVE('',#5899,#6047,#2930,.T.);
#7606=EDGE_CURVE('',#6048,#6048,#398,.T.);
#7607=EDGE_CURVE('',#6048,#6049,#2931,.T.);
#7608=EDGE_CURVE('',#6049,#6049,#399,.T.);
#7609=EDGE_CURVE('',#6050,#6050,#400,.T.);
#7610=EDGE_CURVE('',#6050,#6051,#2932,.T.);
#7611=EDGE_CURVE('',#6051,#6051,#401,.T.);
#7612=EDGE_CURVE('',#6052,#6053,#2933,.T.);
#7613=EDGE_CURVE('',#6053,#6054,#2934,.T.);
#7614=EDGE_CURVE('',#6054,#6055,#2935,.T.);
#7615=EDGE_CURVE('',#6055,#6052,#2936,.T.);
#7616=EDGE_CURVE('',#6056,#6057,#2937,.T.);
#7617=EDGE_CURVE('',#6056,#6055,#2938,.T.);
#7618=EDGE_CURVE('',#6057,#6054,#2939,.T.);
#7619=EDGE_CURVE('',#6058,#6058,#402,.T.);
#7620=EDGE_CURVE('',#6059,#6059,#403,.T.);
#7621=EDGE_CURVE('',#6060,#6060,#404,.T.);
#7622=EDGE_CURVE('',#6061,#6061,#405,.T.);
#7623=EDGE_CURVE('',#6062,#6052,#2940,.T.);
#7624=EDGE_CURVE('',#6062,#6056,#2941,.T.);
#7625=EDGE_CURVE('',#6053,#6063,#2942,.T.);
#7626=EDGE_CURVE('',#6057,#6063,#2943,.T.);
#7627=EDGE_CURVE('',#6064,#6064,#406,.T.);
#7628=EDGE_CURVE('',#6064,#6061,#2944,.T.);
#7629=EDGE_CURVE('',#6065,#6065,#407,.T.);
#7630=EDGE_CURVE('',#6065,#6060,#2945,.T.);
#7631=EDGE_CURVE('',#6066,#6066,#408,.T.);
#7632=EDGE_CURVE('',#6066,#6059,#2946,.T.);
#7633=EDGE_CURVE('',#6067,#6067,#409,.T.);
#7634=EDGE_CURVE('',#6067,#6058,#2947,.T.);
#7635=EDGE_CURVE('',#6068,#5903,#2948,.T.);
#7636=EDGE_CURVE('',#6063,#6068,#2949,.T.);
#7637=EDGE_CURVE('',#5954,#6062,#2950,.T.);
#7638=EDGE_CURVE('',#5966,#6069,#2951,.T.);
#7639=EDGE_CURVE('',#5907,#6069,#2952,.T.);
#7640=EDGE_CURVE('',#6070,#5953,#2953,.T.);
#7641=EDGE_CURVE('',#6070,#6071,#2954,.T.);
#7642=EDGE_CURVE('',#6072,#6071,#2955,.T.);
#7643=EDGE_CURVE('',#6069,#6072,#2956,.T.);
#7644=EDGE_CURVE('',#5969,#6070,#2957,.T.);
#7645=EDGE_CURVE('',#6071,#5968,#2958,.T.);
#7646=EDGE_CURVE('',#5993,#6073,#2959,.T.);
#7647=EDGE_CURVE('',#6074,#5992,#2960,.T.);
#7648=EDGE_CURVE('',#6073,#6074,#2961,.T.);
#7649=EDGE_CURVE('',#6073,#5964,#2962,.T.);
#7650=EDGE_CURVE('',#6075,#6074,#2963,.T.);
#7651=EDGE_CURVE('',#6076,#6075,#2964,.T.);
#7652=EDGE_CURVE('',#5911,#6076,#2965,.T.);
#7653=EDGE_CURVE('',#5990,#6076,#2966,.T.);
#7654=EDGE_CURVE('',#5984,#6077,#2967,.T.);
#7655=EDGE_CURVE('',#5915,#6077,#2968,.T.);
#7656=EDGE_CURVE('',#5987,#6078,#2969,.T.);
#7657=EDGE_CURVE('',#6079,#5986,#2970,.T.);
#7658=EDGE_CURVE('',#6078,#6079,#2971,.T.);
#7659=EDGE_CURVE('',#6078,#5988,#2972,.T.);
#7660=EDGE_CURVE('',#6080,#6079,#2973,.T.);
#7661=EDGE_CURVE('',#6077,#6080,#2974,.T.);
#7662=EDGE_CURVE('',#5999,#6081,#2975,.T.);
#7663=EDGE_CURVE('',#6082,#5998,#2976,.T.);
#7664=EDGE_CURVE('',#6081,#6082,#2977,.T.);
#7665=EDGE_CURVE('',#6081,#5982,#2978,.T.);
#7666=EDGE_CURVE('',#6083,#6082,#2979,.T.);
#7667=EDGE_CURVE('',#6084,#6083,#2980,.T.);
#7668=EDGE_CURVE('',#5919,#6084,#2981,.T.);
#7669=EDGE_CURVE('',#5996,#6084,#2982,.T.);
#7670=EDGE_CURVE('',#5978,#6085,#2983,.T.);
#7671=EDGE_CURVE('',#5923,#6085,#2984,.T.);
#7672=EDGE_CURVE('',#5981,#6086,#2985,.T.);
#7673=EDGE_CURVE('',#6087,#5980,#2986,.T.);
#7674=EDGE_CURVE('',#6086,#6087,#2987,.T.);
#7675=EDGE_CURVE('',#6086,#5994,#2988,.T.);
#7676=EDGE_CURVE('',#6088,#6087,#2989,.T.);
#7677=EDGE_CURVE('',#6085,#6088,#2990,.T.);
#7678=EDGE_CURVE('',#6005,#6089,#2991,.T.);
#7679=EDGE_CURVE('',#6090,#6004,#2992,.T.);
#7680=EDGE_CURVE('',#6089,#6090,#2993,.T.);
#7681=EDGE_CURVE('',#6089,#5976,#2994,.T.);
#7682=EDGE_CURVE('',#6091,#6090,#2995,.T.);
#7683=EDGE_CURVE('',#6092,#6091,#2996,.T.);
#7684=EDGE_CURVE('',#5927,#6092,#2997,.T.);
#7685=EDGE_CURVE('',#6002,#6092,#2998,.T.);
#7686=EDGE_CURVE('',#6014,#6093,#2999,.T.);
#7687=EDGE_CURVE('',#5931,#6093,#3000,.T.);
#7688=EDGE_CURVE('',#6017,#6094,#3001,.T.);
#7689=EDGE_CURVE('',#6095,#6016,#3002,.T.);
#7690=EDGE_CURVE('',#6094,#6095,#3003,.T.);
#7691=EDGE_CURVE('',#6094,#6000,#3004,.T.);
#7692=EDGE_CURVE('',#6096,#6095,#3005,.T.);
#7693=EDGE_CURVE('',#6093,#6096,#3006,.T.);
#7694=EDGE_CURVE('',#5975,#6097,#3007,.T.);
#7695=EDGE_CURVE('',#6098,#5974,#3008,.T.);
#7696=EDGE_CURVE('',#6097,#6098,#3009,.T.);
#7697=EDGE_CURVE('',#6097,#6012,#3010,.T.);
#7698=EDGE_CURVE('',#6099,#6098,#3011,.T.);
#7699=EDGE_CURVE('',#6100,#6099,#3012,.T.);
#7700=EDGE_CURVE('',#5935,#6100,#3013,.T.);
#7701=EDGE_CURVE('',#5972,#6100,#3014,.T.);
#7702=EDGE_CURVE('',#5960,#6101,#3015,.T.);
#7703=EDGE_CURVE('',#5939,#6101,#3016,.T.);
#7704=EDGE_CURVE('',#5963,#6102,#3017,.T.);
#7705=EDGE_CURVE('',#6103,#5962,#3018,.T.);
#7706=EDGE_CURVE('',#6102,#6103,#3019,.T.);
#7707=EDGE_CURVE('',#6102,#5970,#3020,.T.);
#7708=EDGE_CURVE('',#6104,#6103,#3021,.T.);
#7709=EDGE_CURVE('',#6101,#6104,#3022,.T.);
#7710=EDGE_CURVE('',#6023,#6105,#3023,.T.);
#7711=EDGE_CURVE('',#6106,#6022,#3024,.T.);
#7712=EDGE_CURVE('',#6105,#6106,#3025,.T.);
#7713=EDGE_CURVE('',#6105,#5958,#3026,.T.);
#7714=EDGE_CURVE('',#6107,#6106,#3027,.T.);
#7715=EDGE_CURVE('',#6108,#6107,#3028,.T.);
#7716=EDGE_CURVE('',#5943,#6108,#3029,.T.);
#7717=EDGE_CURVE('',#6020,#6108,#3030,.T.);
#7718=EDGE_CURVE('',#6008,#6109,#3031,.T.);
#7719=EDGE_CURVE('',#5947,#6109,#3032,.T.);
#7720=EDGE_CURVE('',#6011,#6110,#3033,.T.);
#7721=EDGE_CURVE('',#6111,#6010,#3034,.T.);
#7722=EDGE_CURVE('',#6110,#6111,#3035,.T.);
#7723=EDGE_CURVE('',#6110,#6018,#3036,.T.);
#7724=EDGE_CURVE('',#6112,#6111,#3037,.T.);
#7725=EDGE_CURVE('',#6109,#6112,#3038,.T.);
#7726=EDGE_CURVE('',#5886,#6113,#3039,.T.);
#7727=EDGE_CURVE('',#6114,#5885,#3040,.T.);
#7728=EDGE_CURVE('',#6113,#6114,#3041,.T.);
#7729=EDGE_CURVE('',#5883,#6115,#3042,.T.);
#7730=EDGE_CURVE('',#5951,#6115,#3043,.T.);
#7731=EDGE_CURVE('',#6113,#6006,#3044,.T.);
#7732=EDGE_CURVE('',#6116,#6114,#3045,.T.);
#7733=EDGE_CURVE('',#6115,#6116,#3046,.T.);
#7734=EDGE_CURVE('',#6029,#6117,#3047,.T.);
#7735=EDGE_CURVE('',#6118,#6028,#3048,.T.);
#7736=EDGE_CURVE('',#6117,#6118,#3049,.T.);
#7737=EDGE_CURVE('',#6026,#6119,#3050,.T.);
#7738=EDGE_CURVE('',#5887,#6119,#3051,.T.);
#7739=EDGE_CURVE('',#6117,#5878,#3052,.T.);
#7740=EDGE_CURVE('',#6120,#6118,#3053,.T.);
#7741=EDGE_CURVE('',#6119,#6120,#3054,.T.);
#7742=EDGE_CURVE('',#6041,#6121,#3055,.T.);
#7743=EDGE_CURVE('',#6122,#6040,#3056,.T.);
#7744=EDGE_CURVE('',#6121,#6122,#3057,.T.);
#7745=EDGE_CURVE('',#6038,#6123,#3058,.T.);
#7746=EDGE_CURVE('',#5891,#6123,#3059,.T.);
#7747=EDGE_CURVE('',#6121,#6024,#3060,.T.);
#7748=EDGE_CURVE('',#6124,#6122,#3061,.T.);
#7749=EDGE_CURVE('',#6123,#6124,#3062,.T.);
#7750=EDGE_CURVE('',#6125,#6126,#3063,.T.);
#7751=EDGE_CURVE('',#6127,#6125,#3064,.T.);
#7752=EDGE_CURVE('',#6128,#6127,#3065,.T.);
#7753=EDGE_CURVE('',#6126,#6128,#3066,.T.);
#7754=EDGE_CURVE('',#6129,#6130,#3067,.T.);
#7755=EDGE_CURVE('',#5896,#6129,#3068,.T.);
#7756=EDGE_CURVE('',#5895,#6130,#3069,.T.);
#7757=EDGE_CURVE('',#6131,#6129,#3070,.T.);
#7758=EDGE_CURVE('',#6127,#6131,#3071,.T.);
#7759=EDGE_CURVE('',#6043,#6125,#3072,.T.);
#7760=EDGE_CURVE('',#6126,#6036,#3073,.T.);
#7761=EDGE_CURVE('',#6132,#6128,#3074,.T.);
#7762=EDGE_CURVE('',#6130,#6132,#3075,.T.);
#7763=EDGE_CURVE('',#6035,#6044,#3076,.T.);
#7764=EDGE_CURVE('',#6045,#6034,#3077,.T.);
#7765=EDGE_CURVE('',#6032,#6047,#3078,.T.);
#7766=EDGE_CURVE('',#6133,#6068,#3079,.T.);
#7767=EDGE_CURVE('',#6133,#6134,#3080,.T.);
#7768=EDGE_CURVE('',#6134,#6135,#3081,.T.);
#7769=EDGE_CURVE('',#6033,#6135,#3082,.T.);
#7770=EDGE_CURVE('',#6131,#6046,#3083,.T.);
#7771=EDGE_CURVE('',#6039,#6132,#3084,.T.);
#7772=EDGE_CURVE('',#6027,#6124,#3085,.T.);
#7773=EDGE_CURVE('',#5884,#6120,#3086,.T.);
#7774=EDGE_CURVE('',#6009,#6116,#3087,.T.);
#7775=EDGE_CURVE('',#6021,#6112,#3088,.T.);
#7776=EDGE_CURVE('',#5961,#6107,#3089,.T.);
#7777=EDGE_CURVE('',#5973,#6104,#3090,.T.);
#7778=EDGE_CURVE('',#6015,#6099,#3091,.T.);
#7779=EDGE_CURVE('',#6003,#6096,#3092,.T.);
#7780=EDGE_CURVE('',#5979,#6091,#3093,.T.);
#7781=EDGE_CURVE('',#5997,#6088,#3094,.T.);
#7782=EDGE_CURVE('',#5985,#6083,#3095,.T.);
#7783=EDGE_CURVE('',#5991,#6080,#3096,.T.);
#7784=EDGE_CURVE('',#5967,#6075,#3097,.T.);
#7785=EDGE_CURVE('',#5955,#6072,#3098,.T.);
#7786=EDGE_CURVE('',#6136,#6137,#3099,.T.);
#7787=EDGE_CURVE('',#6136,#6138,#3100,.T.);
#7788=EDGE_CURVE('',#6139,#6138,#3101,.T.);
#7789=EDGE_CURVE('',#6139,#6137,#3102,.T.);
#7790=EDGE_CURVE('',#6137,#6133,#3103,.T.);
#7791=EDGE_CURVE('',#6134,#6139,#3104,.T.);
#7792=EDGE_CURVE('',#6140,#6136,#3105,.T.);
#7793=EDGE_CURVE('',#6141,#6140,#3106,.T.);
#7794=EDGE_CURVE('',#6138,#6141,#3107,.T.);
#7795=EDGE_CURVE('',#6141,#6142,#3108,.T.);
#7796=EDGE_CURVE('',#6135,#6142,#3109,.T.);
#7797=EDGE_CURVE('',#6143,#6143,#410,.T.);
#7798=EDGE_CURVE('',#6144,#6144,#411,.T.);
#7799=EDGE_CURVE('',#6144,#6143,#3110,.T.);
#7800=EDGE_CURVE('',#5957,#6145,#3111,.T.);
#7801=EDGE_CURVE('',#6030,#6145,#3112,.T.);
#7802=EDGE_CURVE('',#6145,#6146,#3113,.T.);
#7803=EDGE_CURVE('',#5956,#6146,#3114,.T.);
#7804=EDGE_CURVE('',#6146,#6147,#3115,.T.);
#7805=EDGE_CURVE('',#6142,#6147,#3116,.T.);
#7806=EDGE_CURVE('',#6147,#6140,#3117,.T.);
#7807=EDGE_CURVE('',#6148,#6149,#3118,.T.);
#7808=EDGE_CURVE('',#6148,#6150,#3119,.T.);
#7809=EDGE_CURVE('',#6151,#6150,#3120,.T.);
#7810=EDGE_CURVE('',#6149,#6151,#3121,.T.);
#7811=EDGE_CURVE('',#6149,#6152,#3122,.T.);
#7812=EDGE_CURVE('',#6153,#6151,#3123,.T.);
#7813=EDGE_CURVE('',#6152,#6153,#3124,.T.);
#7814=EDGE_CURVE('',#6152,#6154,#3125,.T.);
#7815=EDGE_CURVE('',#6155,#6153,#3126,.T.);
#7816=EDGE_CURVE('',#6154,#6155,#3127,.T.);
#7817=EDGE_CURVE('',#6154,#6148,#3128,.T.);
#7818=EDGE_CURVE('',#6150,#6155,#3129,.T.);
#7819=EDGE_CURVE('',#6156,#6156,#412,.T.);
#7820=EDGE_CURVE('',#6156,#6157,#3130,.T.);
#7821=EDGE_CURVE('',#6157,#6157,#413,.T.);
#7822=EDGE_CURVE('',#6158,#6158,#414,.T.);
#7823=EDGE_CURVE('',#6158,#6159,#3131,.T.);
#7824=EDGE_CURVE('',#6159,#6159,#415,.T.);
#7825=EDGE_CURVE('',#6159,#6160,#3132,.T.);
#7826=EDGE_CURVE('',#6160,#6160,#416,.T.);
#7827=EDGE_CURVE('',#6161,#6161,#417,.T.);
#7828=EDGE_CURVE('',#6162,#6162,#418,.T.);
#7829=EDGE_CURVE('',#6162,#6163,#3133,.T.);
#7830=EDGE_CURVE('',#6163,#6163,#419,.T.);
#7831=EDGE_CURVE('',#6163,#6164,#3134,.T.);
#7832=EDGE_CURVE('',#6164,#6164,#420,.T.);
#7833=EDGE_CURVE('',#6165,#6165,#421,.T.);
#7834=EDGE_CURVE('',#6166,#6166,#422,.T.);
#7835=EDGE_CURVE('',#6166,#6165,#3135,.T.);
#7836=EDGE_CURVE('',#6167,#6168,#3136,.T.);
#7837=EDGE_CURVE('',#6167,#6169,#3137,.T.);
#7838=EDGE_CURVE('',#6170,#6169,#3138,.T.);
#7839=EDGE_CURVE('',#6168,#6170,#3139,.T.);
#7840=EDGE_CURVE('',#6168,#6171,#3140,.T.);
#7841=EDGE_CURVE('',#6172,#6170,#3141,.T.);
#7842=EDGE_CURVE('',#6171,#6172,#3142,.T.);
#7843=EDGE_CURVE('',#6173,#6167,#3143,.T.);
#7844=EDGE_CURVE('',#6173,#6174,#3144,.F.);
#7845=EDGE_CURVE('',#6169,#6174,#3145,.T.);
#7846=EDGE_CURVE('',#6174,#6172,#3146,.F.);
#7847=EDGE_CURVE('',#6175,#6175,#423,.T.);
#7848=EDGE_CURVE('',#6175,#6161,#3147,.T.);
#7849=EDGE_CURVE('',#6176,#6177,#3148,.T.);
#7850=EDGE_CURVE('',#6176,#6178,#3149,.T.);
#7851=EDGE_CURVE('',#6179,#6178,#3150,.T.);
#7852=EDGE_CURVE('',#6177,#6179,#3151,.T.);
#7853=EDGE_CURVE('',#6180,#6176,#3152,.T.);
#7854=EDGE_CURVE('',#6180,#6181,#3153,.F.);
#7855=EDGE_CURVE('',#6178,#6181,#3154,.T.);
#7856=EDGE_CURVE('',#6181,#6182,#3155,.F.);
#7857=EDGE_CURVE('',#6182,#6179,#3156,.F.);
#7858=EDGE_CURVE('',#6171,#6183,#3157,.T.);
#7859=EDGE_CURVE('',#6183,#6184,#3158,.T.);
#7860=EDGE_CURVE('',#6185,#6184,#3159,.T.);
#7861=EDGE_CURVE('',#6186,#6185,#3160,.T.);
#7862=EDGE_CURVE('',#6187,#6186,#3161,.T.);
#7863=EDGE_CURVE('',#6188,#6187,#3162,.T.);
#7864=EDGE_CURVE('',#6189,#6188,#3163,.T.);
#7865=EDGE_CURVE('',#6189,#6180,#3164,.T.);
#7866=EDGE_CURVE('',#6177,#6173,#3165,.T.);
#7867=EDGE_CURVE('',#6190,#6190,#424,.T.);
#7868=EDGE_CURVE('',#6191,#6192,#3166,.T.);
#7869=EDGE_CURVE('',#6193,#6192,#425,.T.);
#7870=EDGE_CURVE('',#6193,#6194,#3167,.T.);
#7871=EDGE_CURVE('',#6195,#6194,#426,.T.);
#7872=EDGE_CURVE('',#6195,#6196,#3168,.T.);
#7873=EDGE_CURVE('',#6197,#6196,#427,.T.);
#7874=EDGE_CURVE('',#6197,#6198,#3169,.T.);
#7875=EDGE_CURVE('',#6191,#6198,#428,.T.);
#7876=EDGE_CURVE('',#6199,#6199,#429,.T.);
#7877=EDGE_CURVE('',#6200,#6200,#430,.T.);
#7878=EDGE_CURVE('',#6201,#6201,#431,.T.);
#7879=EDGE_CURVE('',#6202,#6203,#432,.T.);
#7880=EDGE_CURVE('',#6203,#6191,#3170,.T.);
#7881=EDGE_CURVE('',#6198,#6202,#3171,.T.);
#7882=EDGE_CURVE('',#6204,#6203,#3172,.T.);
#7883=EDGE_CURVE('',#6192,#6204,#3173,.T.);
#7884=EDGE_CURVE('',#6204,#6205,#433,.T.);
#7885=EDGE_CURVE('',#6205,#6193,#3174,.T.);
#7886=EDGE_CURVE('',#6206,#6205,#3175,.T.);
#7887=EDGE_CURVE('',#6194,#6206,#3176,.T.);
#7888=EDGE_CURVE('',#6206,#6207,#434,.T.);
#7889=EDGE_CURVE('',#6207,#6195,#3177,.T.);
#7890=EDGE_CURVE('',#6208,#6207,#3178,.T.);
#7891=EDGE_CURVE('',#6196,#6208,#3179,.T.);
#7892=EDGE_CURVE('',#6208,#6209,#435,.T.);
#7893=EDGE_CURVE('',#6209,#6197,#3180,.T.);
#7894=EDGE_CURVE('',#6202,#6209,#3181,.T.);
#7895=EDGE_CURVE('',#6210,#6210,#436,.T.);
#7896=EDGE_CURVE('',#6210,#6201,#3182,.T.);
#7897=EDGE_CURVE('',#6211,#6211,#437,.T.);
#7898=EDGE_CURVE('',#6211,#6200,#3183,.T.);
#7899=EDGE_CURVE('',#6212,#6212,#438,.T.);
#7900=EDGE_CURVE('',#6212,#6199,#3184,.T.);
#7901=EDGE_CURVE('',#6213,#6213,#439,.T.);
#7902=EDGE_CURVE('',#6213,#6190,#3185,.T.);
#7903=EDGE_CURVE('',#6214,#6215,#3186,.T.);
#7904=EDGE_CURVE('',#6215,#6189,#3187,.T.);
#7905=EDGE_CURVE('',#6188,#6216,#3188,.T.);
#7906=EDGE_CURVE('',#6216,#6217,#3189,.T.);
#7907=EDGE_CURVE('',#6217,#6185,#3190,.T.);
#7908=EDGE_CURVE('',#6184,#6214,#3191,.T.);
#7909=EDGE_CURVE('',#6218,#6218,#440,.T.);
#7910=EDGE_CURVE('',#6219,#6219,#441,.T.);
#7911=EDGE_CURVE('',#6220,#6220,#442,.T.);
#7912=EDGE_CURVE('',#6221,#6221,#443,.T.);
#7913=EDGE_CURVE('',#6222,#6216,#3192,.T.);
#7914=EDGE_CURVE('',#6223,#6222,#3193,.T.);
#7915=EDGE_CURVE('',#6217,#6223,#3194,.T.);
#7916=EDGE_CURVE('',#6186,#6223,#3195,.F.);
#7917=EDGE_CURVE('',#6183,#6224,#3196,.F.);
#7918=EDGE_CURVE('',#6224,#6225,#3197,.T.);
#7919=EDGE_CURVE('',#6226,#6225,#3198,.T.);
#7920=EDGE_CURVE('',#6214,#6226,#3199,.T.);
#7921=EDGE_CURVE('',#6221,#6227,#3200,.T.);
#7922=EDGE_CURVE('',#6227,#6227,#444,.T.);
#7923=EDGE_CURVE('',#6220,#6228,#3201,.T.);
#7924=EDGE_CURVE('',#6228,#6228,#445,.T.);
#7925=EDGE_CURVE('',#6219,#6229,#3202,.T.);
#7926=EDGE_CURVE('',#6229,#6229,#446,.T.);
#7927=EDGE_CURVE('',#6218,#6230,#3203,.T.);
#7928=EDGE_CURVE('',#6230,#6230,#447,.T.);
#7929=EDGE_CURVE('',#6187,#6222,#3204,.T.);
#7930=EDGE_CURVE('',#6225,#6231,#3205,.T.);
#7931=EDGE_CURVE('',#6231,#6232,#3206,.T.);
#7932=EDGE_CURVE('',#6226,#6232,#3207,.T.);
#7933=EDGE_CURVE('',#6232,#6215,#3208,.T.);
#7934=EDGE_CURVE('',#6233,#6224,#3209,.T.);
#7935=EDGE_CURVE('',#6231,#6233,#3210,.T.);
#7936=EDGE_CURVE('',#6233,#6182,#3211,.T.);
#7937=EDGE_CURVE('',#6234,#6235,#3212,.T.);
#7938=EDGE_CURVE('',#6234,#6236,#3213,.T.);
#7939=EDGE_CURVE('',#6237,#6236,#3214,.T.);
#7940=EDGE_CURVE('',#6235,#6237,#3215,.T.);
#7941=EDGE_CURVE('',#6235,#6238,#3216,.T.);
#7942=EDGE_CURVE('',#6239,#6237,#3217,.T.);
#7943=EDGE_CURVE('',#6238,#6239,#3218,.T.);
#7944=EDGE_CURVE('',#6238,#6240,#3219,.T.);
#7945=EDGE_CURVE('',#6241,#6239,#3220,.T.);
#7946=EDGE_CURVE('',#6240,#6241,#3221,.T.);
#7947=EDGE_CURVE('',#6240,#6234,#3222,.T.);
#7948=EDGE_CURVE('',#6236,#6241,#3223,.T.);
#7949=EDGE_CURVE('',#6242,#6242,#448,.T.);
#7950=EDGE_CURVE('',#6242,#6243,#3224,.T.);
#7951=EDGE_CURVE('',#6243,#6243,#449,.T.);
#7952=EDGE_CURVE('',#6244,#6244,#450,.T.);
#7953=EDGE_CURVE('',#6244,#6245,#3225,.T.);
#7954=EDGE_CURVE('',#6245,#6245,#451,.T.);
#7955=EDGE_CURVE('',#6246,#6246,#452,.T.);
#7956=EDGE_CURVE('',#6246,#6247,#3226,.T.);
#7957=EDGE_CURVE('',#6247,#6247,#453,.T.);
#7958=EDGE_CURVE('',#6247,#6248,#3227,.T.);
#7959=EDGE_CURVE('',#6248,#6248,#454,.T.);
#7960=EDGE_CURVE('',#6249,#6249,#455,.T.);
#7961=EDGE_CURVE('',#6250,#6250,#456,.T.);
#7962=EDGE_CURVE('',#6250,#6251,#3228,.T.);
#7963=EDGE_CURVE('',#6251,#6251,#457,.T.);
#7964=EDGE_CURVE('',#6251,#6252,#3229,.T.);
#7965=EDGE_CURVE('',#6252,#6252,#458,.T.);
#7966=EDGE_CURVE('',#6253,#6253,#459,.T.);
#7967=EDGE_CURVE('',#6254,#6254,#460,.T.);
#7968=EDGE_CURVE('',#6254,#6255,#3230,.T.);
#7969=EDGE_CURVE('',#6255,#6255,#461,.T.);
#7970=EDGE_CURVE('',#6255,#6256,#3231,.T.);
#7971=EDGE_CURVE('',#6256,#6256,#462,.T.);
#7972=EDGE_CURVE('',#6257,#6257,#463,.T.);
#7973=EDGE_CURVE('',#6258,#6258,#464,.T.);
#7974=EDGE_CURVE('',#6258,#6249,#3232,.T.);
#7975=EDGE_CURVE('',#6259,#6260,#3233,.T.);
#7976=EDGE_CURVE('',#6259,#6261,#3234,.F.);
#7977=EDGE_CURVE('',#6262,#6261,#3235,.T.);
#7978=EDGE_CURVE('',#6260,#6262,#3236,.T.);
#7979=EDGE_CURVE('',#6260,#6263,#3237,.T.);
#7980=EDGE_CURVE('',#6264,#6262,#3238,.T.);
#7981=EDGE_CURVE('',#6263,#6264,#3239,.T.);
#7982=EDGE_CURVE('',#6265,#6264,#3240,.F.);
#7983=EDGE_CURVE('',#6261,#6265,#3241,.F.);
#7984=EDGE_CURVE('',#6266,#6266,#465,.T.);
#7985=EDGE_CURVE('',#6266,#6253,#3242,.T.);
#7986=EDGE_CURVE('',#6267,#6268,#3243,.T.);
#7987=EDGE_CURVE('',#6267,#6269,#3244,.F.);
#7988=EDGE_CURVE('',#6270,#6269,#3245,.T.);
#7989=EDGE_CURVE('',#6268,#6270,#3246,.T.);
#7990=EDGE_CURVE('',#6268,#6271,#3247,.T.);
#7991=EDGE_CURVE('',#6272,#6270,#3248,.T.);
#7992=EDGE_CURVE('',#6271,#6272,#3249,.T.);
#7993=EDGE_CURVE('',#6271,#6273,#3250,.T.);
#7994=EDGE_CURVE('',#6274,#6272,#3251,.T.);
#7995=EDGE_CURVE('',#6273,#6274,#3252,.T.);
#7996=EDGE_CURVE('',#6269,#6274,#3253,.F.);
#7997=EDGE_CURVE('',#6275,#6275,#466,.T.);
#7998=EDGE_CURVE('',#6275,#6257,#3254,.T.);
#7999=EDGE_CURVE('',#6276,#6277,#3255,.T.);
#8000=EDGE_CURVE('',#6276,#6278,#3256,.T.);
#8001=EDGE_CURVE('',#6279,#6278,#3257,.T.);
#8002=EDGE_CURVE('',#6277,#6279,#3258,.T.);
#8003=EDGE_CURVE('',#6277,#6280,#3259,.T.);
#8004=EDGE_CURVE('',#6281,#6279,#3260,.T.);
#8005=EDGE_CURVE('',#6280,#6281,#3261,.T.);
#8006=EDGE_CURVE('',#6282,#6276,#3262,.T.);
#8007=EDGE_CURVE('',#6282,#6283,#3263,.F.);
#8008=EDGE_CURVE('',#6278,#6283,#3264,.T.);
#8009=EDGE_CURVE('',#6283,#6281,#3265,.F.);
#8010=EDGE_CURVE('',#6284,#6284,#467,.T.);
#8011=EDGE_CURVE('',#6284,#6285,#3266,.T.);
#8012=EDGE_CURVE('',#6285,#6285,#468,.T.);
#8013=EDGE_CURVE('',#6286,#6287,#3267,.T.);
#8014=EDGE_CURVE('',#6288,#6287,#3268,.T.);
#8015=EDGE_CURVE('',#6289,#6288,#3269,.T.);
#8016=EDGE_CURVE('',#6289,#6290,#3270,.T.);
#8017=EDGE_CURVE('',#6291,#6290,#3271,.T.);
#8018=EDGE_CURVE('',#6286,#6291,#3272,.T.);
#8019=EDGE_CURVE('',#6259,#6273,#3273,.F.);
#8020=EDGE_CURVE('',#6267,#6291,#3274,.F.);
#8021=EDGE_CURVE('',#6290,#6292,#3275,.T.);
#8022=EDGE_CURVE('',#6292,#6265,#3276,.T.);
#8023=EDGE_CURVE('',#6293,#6289,#3277,.T.);
#8024=EDGE_CURVE('',#6292,#6293,#3278,.T.);
#8025=EDGE_CURVE('',#6294,#6288,#3279,.T.);
#8026=EDGE_CURVE('',#6294,#6293,#3280,.T.);
#8027=EDGE_CURVE('',#6295,#6296,#3281,.T.);
#8028=EDGE_CURVE('',#6297,#6296,#3282,.T.);
#8029=EDGE_CURVE('',#6298,#6297,#3283,.T.);
#8030=EDGE_CURVE('',#6295,#6298,#3284,.T.);
#8031=EDGE_CURVE('',#6299,#6300,#3285,.T.);
#8032=EDGE_CURVE('',#6300,#6298,#3286,.T.);
#8033=EDGE_CURVE('',#6299,#6297,#3287,.T.);
#8034=EDGE_CURVE('',#6301,#6301,#469,.T.);
#8035=EDGE_CURVE('',#6302,#6302,#470,.T.);
#8036=EDGE_CURVE('',#6303,#6303,#471,.T.);
#8037=EDGE_CURVE('',#6304,#6304,#472,.T.);
#8038=EDGE_CURVE('',#6296,#6305,#3288,.T.);
#8039=EDGE_CURVE('',#6305,#6299,#3289,.T.);
#8040=EDGE_CURVE('',#6304,#6306,#3290,.T.);
#8041=EDGE_CURVE('',#6306,#6306,#473,.T.);
#8042=EDGE_CURVE('',#6303,#6307,#3291,.T.);
#8043=EDGE_CURVE('',#6307,#6307,#474,.T.);
#8044=EDGE_CURVE('',#6302,#6308,#3292,.T.);
#8045=EDGE_CURVE('',#6308,#6308,#475,.T.);
#8046=EDGE_CURVE('',#6301,#6309,#3293,.T.);
#8047=EDGE_CURVE('',#6309,#6309,#476,.T.);
#8048=EDGE_CURVE('',#6287,#6310,#3294,.T.);
#8049=EDGE_CURVE('',#6310,#6294,#3295,.T.);
#8050=EDGE_CURVE('',#6310,#6311,#3296,.T.);
#8051=EDGE_CURVE('',#6280,#6311,#3297,.T.);
#8052=EDGE_CURVE('',#6263,#6282,#3298,.T.);
#8053=EDGE_CURVE('',#6311,#6312,#3299,.T.);
#8054=EDGE_CURVE('',#6300,#6312,#3300,.T.);
#8055=EDGE_CURVE('',#6305,#6286,#3301,.T.);
#8056=EDGE_CURVE('',#6312,#6295,#3302,.T.);
#8057=EDGE_CURVE('',#6313,#6314,#477,.T.);
#8058=EDGE_CURVE('',#6314,#6315,#3303,.T.);
#8059=EDGE_CURVE('',#6315,#6316,#478,.T.);
#8060=EDGE_CURVE('',#6316,#6313,#3304,.T.);
#8061=EDGE_CURVE('',#6316,#6317,#3305,.T.);
#8062=EDGE_CURVE('',#6318,#6317,#3306,.T.);
#8063=EDGE_CURVE('',#6313,#6318,#3307,.T.);
#8064=EDGE_CURVE('',#6319,#6320,#3308,.T.);
#8065=EDGE_CURVE('',#6320,#6321,#3309,.T.);
#8066=EDGE_CURVE('',#6321,#6322,#3310,.T.);
#8067=EDGE_CURVE('',#6322,#6319,#3311,.T.);
#8068=EDGE_CURVE('',#6323,#6324,#3312,.T.);
#8069=EDGE_CURVE('',#6324,#6325,#3313,.T.);
#8070=EDGE_CURVE('',#6325,#6326,#3314,.T.);
#8071=EDGE_CURVE('',#6326,#6323,#3315,.T.);
#8072=EDGE_CURVE('',#6327,#6328,#3316,.T.);
#8073=EDGE_CURVE('',#6328,#6329,#3317,.T.);
#8074=EDGE_CURVE('',#6329,#6330,#3318,.T.);
#8075=EDGE_CURVE('',#6330,#6327,#3319,.T.);
#8076=EDGE_CURVE('',#6331,#6332,#3320,.T.);
#8077=EDGE_CURVE('',#6332,#6333,#3321,.T.);
#8078=EDGE_CURVE('',#6333,#6334,#3322,.T.);
#8079=EDGE_CURVE('',#6334,#6331,#3323,.T.);
#8080=EDGE_CURVE('',#6335,#6336,#3324,.T.);
#8081=EDGE_CURVE('',#6336,#6337,#3325,.T.);
#8082=EDGE_CURVE('',#6337,#6338,#3326,.T.);
#8083=EDGE_CURVE('',#6338,#6335,#3327,.T.);
#8084=EDGE_CURVE('',#6339,#6340,#3328,.T.);
#8085=EDGE_CURVE('',#6340,#6341,#3329,.T.);
#8086=EDGE_CURVE('',#6341,#6342,#3330,.T.);
#8087=EDGE_CURVE('',#6342,#6339,#3331,.T.);
#8088=EDGE_CURVE('',#6343,#6344,#3332,.T.);
#8089=EDGE_CURVE('',#6344,#6345,#3333,.T.);
#8090=EDGE_CURVE('',#6345,#6346,#3334,.T.);
#8091=EDGE_CURVE('',#6346,#6343,#3335,.T.);
#8092=EDGE_CURVE('',#6347,#6348,#3336,.T.);
#8093=EDGE_CURVE('',#6348,#6349,#3337,.T.);
#8094=EDGE_CURVE('',#6349,#6350,#3338,.T.);
#8095=EDGE_CURVE('',#6350,#6347,#3339,.T.);
#8096=EDGE_CURVE('',#6351,#6315,#3340,.T.);
#8097=EDGE_CURVE('',#6352,#6351,#3341,.T.);
#8098=EDGE_CURVE('',#6353,#6352,#3342,.T.);
#8099=EDGE_CURVE('',#6354,#6353,#3343,.T.);
#8100=EDGE_CURVE('',#6355,#6354,#3344,.T.);
#8101=EDGE_CURVE('',#6356,#6355,#3345,.T.);
#8102=EDGE_CURVE('',#6357,#6356,#3346,.T.);
#8103=EDGE_CURVE('',#6358,#6357,#3347,.T.);
#8104=EDGE_CURVE('',#6359,#6358,#3348,.T.);
#8105=EDGE_CURVE('',#6360,#6359,#3349,.T.);
#8106=EDGE_CURVE('',#6361,#6360,#3350,.T.);
#8107=EDGE_CURVE('',#6362,#6361,#3351,.T.);
#8108=EDGE_CURVE('',#6317,#6362,#3352,.T.);
#8109=EDGE_CURVE('',#6363,#6363,#479,.T.);
#8110=EDGE_CURVE('',#6364,#6364,#480,.T.);
#8111=EDGE_CURVE('',#6365,#6365,#481,.T.);
#8112=EDGE_CURVE('',#6366,#6366,#482,.T.);
#8113=EDGE_CURVE('',#6367,#6367,#483,.T.);
#8114=EDGE_CURVE('',#6368,#6368,#484,.T.);
#8115=EDGE_CURVE('',#6369,#6369,#485,.T.);
#8116=EDGE_CURVE('',#6370,#6370,#486,.T.);
#8117=EDGE_CURVE('',#6370,#6371,#3353,.T.);
#8118=EDGE_CURVE('',#6371,#6371,#487,.T.);
#8119=EDGE_CURVE('',#6372,#6372,#488,.T.);
#8120=EDGE_CURVE('',#6372,#6373,#3354,.T.);
#8121=EDGE_CURVE('',#6373,#6373,#489,.T.);
#8122=EDGE_CURVE('',#6374,#6374,#490,.T.);
#8123=EDGE_CURVE('',#6374,#6375,#3355,.T.);
#8124=EDGE_CURVE('',#6375,#6375,#491,.T.);
#8125=EDGE_CURVE('',#6376,#6377,#3356,.T.);
#8126=EDGE_CURVE('',#6378,#6376,#3357,.T.);
#8127=EDGE_CURVE('',#6379,#6378,#3358,.T.);
#8128=EDGE_CURVE('',#6377,#6379,#3359,.T.);
#8129=EDGE_CURVE('',#6377,#6380,#3360,.T.);
#8130=EDGE_CURVE('',#6381,#6379,#3361,.T.);
#8131=EDGE_CURVE('',#6380,#6381,#3362,.T.);
#8132=EDGE_CURVE('',#6382,#6380,#3363,.T.);
#8133=EDGE_CURVE('',#6376,#6382,#3364,.T.);
#8134=EDGE_CURVE('',#6381,#6383,#3365,.T.);
#8135=EDGE_CURVE('',#6383,#6378,#3366,.T.);
#8136=EDGE_CURVE('',#6382,#6384,#3367,.T.);
#8137=EDGE_CURVE('',#6385,#6384,#3368,.T.);
#8138=EDGE_CURVE('',#6386,#6385,#3369,.T.);
#8139=EDGE_CURVE('',#6386,#6387,#3370,.T.);
#8140=EDGE_CURVE('',#6387,#6388,#3371,.T.);
#8141=EDGE_CURVE('',#6388,#6389,#3372,.T.);
#8142=EDGE_CURVE('',#6362,#6389,#3373,.T.);
#8143=EDGE_CURVE('',#6361,#6390,#3374,.T.);
#8144=EDGE_CURVE('',#6390,#6391,#3375,.T.);
#8145=EDGE_CURVE('',#6391,#6358,#3376,.T.);
#8146=EDGE_CURVE('',#6357,#6392,#3377,.T.);
#8147=EDGE_CURVE('',#6392,#6393,#3378,.T.);
#8148=EDGE_CURVE('',#6393,#6383,#3379,.T.);
#8149=EDGE_CURVE('',#6394,#6395,#3380,.T.);
#8150=EDGE_CURVE('',#6395,#6396,#3381,.T.);
#8151=EDGE_CURVE('',#6396,#6397,#3382,.T.);
#8152=EDGE_CURVE('',#6397,#6394,#3383,.T.);
#8153=EDGE_CURVE('',#6398,#6399,#3384,.T.);
#8154=EDGE_CURVE('',#6399,#6400,#3385,.T.);
#8155=EDGE_CURVE('',#6400,#6401,#3386,.T.);
#8156=EDGE_CURVE('',#6401,#6398,#3387,.T.);
#8157=EDGE_CURVE('',#6402,#6403,#3388,.T.);
#8158=EDGE_CURVE('',#6403,#6404,#3389,.T.);
#8159=EDGE_CURVE('',#6404,#6405,#3390,.T.);
#8160=EDGE_CURVE('',#6405,#6402,#3391,.T.);
#8161=EDGE_CURVE('',#6406,#6407,#3392,.T.);
#8162=EDGE_CURVE('',#6407,#6408,#3393,.T.);
#8163=EDGE_CURVE('',#6408,#6409,#3394,.T.);
#8164=EDGE_CURVE('',#6409,#6406,#3395,.T.);
#8165=EDGE_CURVE('',#6410,#6411,#3396,.T.);
#8166=EDGE_CURVE('',#6411,#6412,#3397,.T.);
#8167=EDGE_CURVE('',#6412,#6413,#3398,.T.);
#8168=EDGE_CURVE('',#6413,#6410,#3399,.T.);
#8169=EDGE_CURVE('',#6414,#6415,#3400,.T.);
#8170=EDGE_CURVE('',#6415,#6416,#3401,.T.);
#8171=EDGE_CURVE('',#6416,#6417,#3402,.T.);
#8172=EDGE_CURVE('',#6417,#6414,#3403,.T.);
#8173=EDGE_CURVE('',#6418,#6419,#3404,.T.);
#8174=EDGE_CURVE('',#6419,#6420,#3405,.T.);
#8175=EDGE_CURVE('',#6420,#6421,#3406,.T.);
#8176=EDGE_CURVE('',#6421,#6418,#3407,.T.);
#8177=EDGE_CURVE('',#6422,#6423,#3408,.T.);
#8178=EDGE_CURVE('',#6423,#6424,#3409,.T.);
#8179=EDGE_CURVE('',#6424,#6425,#3410,.T.);
#8180=EDGE_CURVE('',#6425,#6422,#3411,.T.);
#8181=EDGE_CURVE('',#6426,#6427,#3412,.T.);
#8182=EDGE_CURVE('',#6427,#6428,#3413,.T.);
#8183=EDGE_CURVE('',#6428,#6429,#3414,.T.);
#8184=EDGE_CURVE('',#6429,#6426,#3415,.T.);
#8185=EDGE_CURVE('',#6430,#6430,#492,.T.);
#8186=EDGE_CURVE('',#6430,#6431,#3416,.T.);
#8187=EDGE_CURVE('',#6431,#6431,#493,.T.);
#8188=EDGE_CURVE('',#6428,#6432,#3417,.T.);
#8189=EDGE_CURVE('',#6432,#6433,#3418,.T.);
#8190=EDGE_CURVE('',#6429,#6433,#3419,.T.);
#8191=EDGE_CURVE('',#6434,#6427,#3420,.T.);
#8192=EDGE_CURVE('',#6435,#6426,#3421,.T.);
#8193=EDGE_CURVE('',#6434,#6435,#3422,.T.);
#8194=EDGE_CURVE('',#6432,#6434,#3423,.T.);
#8195=EDGE_CURVE('',#6433,#6435,#3424,.T.);
#8196=EDGE_CURVE('',#6356,#6436,#3425,.T.);
#8197=EDGE_CURVE('',#6392,#6436,#3426,.T.);
#8198=EDGE_CURVE('',#6355,#6437,#3427,.T.);
#8199=EDGE_CURVE('',#6436,#6437,#3428,.T.);
#8200=EDGE_CURVE('',#6354,#6438,#3429,.T.);
#8201=EDGE_CURVE('',#6437,#6438,#3430,.T.);
#8202=EDGE_CURVE('',#6439,#6353,#3431,.T.);
#8203=EDGE_CURVE('',#6438,#6439,#3432,.T.);
#8204=EDGE_CURVE('',#6393,#6439,#3433,.T.);
#8205=EDGE_CURVE('',#6352,#6440,#3434,.T.);
#8206=EDGE_CURVE('',#6384,#6440,#3435,.T.);
#8207=EDGE_CURVE('',#6351,#6441,#3436,.T.);
#8208=EDGE_CURVE('',#6440,#6441,#3437,.T.);
#8209=EDGE_CURVE('',#6442,#6442,#494,.T.);
#8210=EDGE_CURVE('',#6442,#6363,#3438,.T.);
#8211=EDGE_CURVE('',#6443,#6443,#495,.T.);
#8212=EDGE_CURVE('',#6443,#6364,#3439,.T.);
#8213=EDGE_CURVE('',#6444,#6444,#496,.T.);
#8214=EDGE_CURVE('',#6444,#6365,#3440,.T.);
#8215=EDGE_CURVE('',#6445,#6445,#497,.T.);
#8216=EDGE_CURVE('',#6445,#6366,#3441,.T.);
#8217=EDGE_CURVE('',#6446,#6360,#3442,.T.);
#8218=EDGE_CURVE('',#6390,#6446,#3443,.T.);
#8219=EDGE_CURVE('',#6447,#6391,#3444,.T.);
#8220=EDGE_CURVE('',#6359,#6447,#3445,.T.);
#8221=EDGE_CURVE('',#6446,#6447,#3446,.T.);
#8222=EDGE_CURVE('',#6448,#6448,#498,.T.);
#8223=EDGE_CURVE('',#6448,#6367,#3447,.T.);
#8224=EDGE_CURVE('',#6449,#6449,#499,.T.);
#8225=EDGE_CURVE('',#6449,#6368,#3448,.T.);
#8226=EDGE_CURVE('',#6450,#6450,#500,.T.);
#8227=EDGE_CURVE('',#6450,#6369,#3449,.T.);
#8228=EDGE_CURVE('',#6350,#6396,#3450,.T.);
#8229=EDGE_CURVE('',#6349,#6397,#3451,.T.);
#8230=EDGE_CURVE('',#6348,#6394,#3452,.T.);
#8231=EDGE_CURVE('',#6347,#6395,#3453,.T.);
#8232=EDGE_CURVE('',#6346,#6400,#3454,.T.);
#8233=EDGE_CURVE('',#6345,#6401,#3455,.T.);
#8234=EDGE_CURVE('',#6344,#6398,#3456,.T.);
#8235=EDGE_CURVE('',#6343,#6399,#3457,.T.);
#8236=EDGE_CURVE('',#6342,#6404,#3458,.T.);
#8237=EDGE_CURVE('',#6341,#6405,#3459,.T.);
#8238=EDGE_CURVE('',#6340,#6402,#3460,.T.);
#8239=EDGE_CURVE('',#6339,#6403,#3461,.T.);
#8240=EDGE_CURVE('',#6338,#6408,#3462,.T.);
#8241=EDGE_CURVE('',#6337,#6409,#3463,.T.);
#8242=EDGE_CURVE('',#6336,#6406,#3464,.T.);
#8243=EDGE_CURVE('',#6335,#6407,#3465,.T.);
#8244=EDGE_CURVE('',#6334,#6412,#3466,.T.);
#8245=EDGE_CURVE('',#6333,#6413,#3467,.T.);
#8246=EDGE_CURVE('',#6332,#6410,#3468,.T.);
#8247=EDGE_CURVE('',#6331,#6411,#3469,.T.);
#8248=EDGE_CURVE('',#6330,#6416,#3470,.T.);
#8249=EDGE_CURVE('',#6329,#6417,#3471,.T.);
#8250=EDGE_CURVE('',#6328,#6414,#3472,.T.);
#8251=EDGE_CURVE('',#6327,#6415,#3473,.T.);
#8252=EDGE_CURVE('',#6326,#6420,#3474,.T.);
#8253=EDGE_CURVE('',#6325,#6421,#3475,.T.);
#8254=EDGE_CURVE('',#6324,#6418,#3476,.T.);
#8255=EDGE_CURVE('',#6323,#6419,#3477,.T.);
#8256=EDGE_CURVE('',#6322,#6424,#3478,.T.);
#8257=EDGE_CURVE('',#6321,#6425,#3479,.T.);
#8258=EDGE_CURVE('',#6320,#6422,#3480,.T.);
#8259=EDGE_CURVE('',#6319,#6423,#3481,.T.);
#8260=EDGE_CURVE('',#6441,#6314,#3482,.T.);
#8261=EDGE_CURVE('',#6385,#6318,#3483,.T.);
#8262=EDGE_CURVE('',#6451,#6452,#3484,.T.);
#8263=EDGE_CURVE('',#6451,#6453,#3485,.T.);
#8264=EDGE_CURVE('',#6453,#6454,#3486,.T.);
#8265=EDGE_CURVE('',#6454,#6452,#3487,.T.);
#8266=EDGE_CURVE('',#6389,#6451,#3488,.T.);
#8267=EDGE_CURVE('',#6388,#6453,#3489,.T.);
#8268=EDGE_CURVE('',#6387,#6454,#3490,.T.);
#8269=EDGE_CURVE('',#6455,#6455,#501,.T.);
#8270=EDGE_CURVE('',#6456,#6456,#502,.T.);
#8271=EDGE_CURVE('',#6457,#6457,#503,.T.);
#8272=EDGE_CURVE('',#6458,#6458,#504,.T.);
#8273=EDGE_CURVE('',#6452,#6386,#3491,.T.);
#8274=EDGE_CURVE('',#6458,#6459,#3492,.T.);
#8275=EDGE_CURVE('',#6459,#6459,#505,.T.);
#8276=EDGE_CURVE('',#6457,#6460,#3493,.T.);
#8277=EDGE_CURVE('',#6460,#6460,#506,.T.);
#8278=EDGE_CURVE('',#6456,#6461,#3494,.T.);
#8279=EDGE_CURVE('',#6461,#6461,#507,.T.);
#8280=EDGE_CURVE('',#6455,#6462,#3495,.T.);
#8281=EDGE_CURVE('',#6462,#6462,#508,.T.);
#8282=EDGE_CURVE('',#6463,#6464,#509,.T.);
#8283=EDGE_CURVE('',#6464,#6465,#3496,.T.);
#8284=EDGE_CURVE('',#6465,#6466,#510,.T.);
#8285=EDGE_CURVE('',#6466,#6463,#3497,.T.);
#8286=EDGE_CURVE('',#6463,#6467,#3498,.T.);
#8287=EDGE_CURVE('',#6467,#6468,#3499,.T.);
#8288=EDGE_CURVE('',#6468,#6469,#3500,.T.);
#8289=EDGE_CURVE('',#6469,#6470,#3501,.T.);
#8290=EDGE_CURVE('',#6470,#6471,#3502,.T.);
#8291=EDGE_CURVE('',#6471,#6464,#3503,.T.);
#8292=EDGE_CURVE('',#6466,#6472,#3504,.T.);
#8293=EDGE_CURVE('',#6472,#6473,#3505,.T.);
#8294=EDGE_CURVE('',#6473,#6474,#3506,.T.);
#8295=EDGE_CURVE('',#6475,#6474,#3507,.T.);
#8296=EDGE_CURVE('',#6475,#6476,#3508,.T.);
#8297=EDGE_CURVE('',#6476,#6477,#3509,.T.);
#8298=EDGE_CURVE('',#6477,#6478,#3510,.T.);
#8299=EDGE_CURVE('',#6479,#6478,#3511,.T.);
#8300=EDGE_CURVE('',#6479,#6480,#3512,.T.);
#8301=EDGE_CURVE('',#6480,#6481,#3513,.T.);
#8302=EDGE_CURVE('',#6481,#6482,#3514,.T.);
#8303=EDGE_CURVE('',#6483,#6482,#3515,.T.);
#8304=EDGE_CURVE('',#6483,#6484,#3516,.T.);
#8305=EDGE_CURVE('',#6484,#6485,#3517,.T.);
#8306=EDGE_CURVE('',#6485,#6486,#3518,.T.);
#8307=EDGE_CURVE('',#6487,#6486,#3519,.T.);
#8308=EDGE_CURVE('',#6487,#6488,#3520,.T.);
#8309=EDGE_CURVE('',#6488,#6489,#3521,.T.);
#8310=EDGE_CURVE('',#6489,#6490,#3522,.T.);
#8311=EDGE_CURVE('',#6491,#6490,#3523,.T.);
#8312=EDGE_CURVE('',#6491,#6492,#3524,.T.);
#8313=EDGE_CURVE('',#6492,#6493,#3525,.T.);
#8314=EDGE_CURVE('',#6493,#6494,#3526,.T.);
#8315=EDGE_CURVE('',#6495,#6494,#3527,.T.);
#8316=EDGE_CURVE('',#6495,#6496,#3528,.T.);
#8317=EDGE_CURVE('',#6496,#6497,#3529,.T.);
#8318=EDGE_CURVE('',#6497,#6498,#3530,.T.);
#8319=EDGE_CURVE('',#6499,#6498,#3531,.T.);
#8320=EDGE_CURVE('',#6499,#6500,#3532,.T.);
#8321=EDGE_CURVE('',#6500,#6501,#3533,.T.);
#8322=EDGE_CURVE('',#6501,#6502,#3534,.T.);
#8323=EDGE_CURVE('',#6503,#6502,#3535,.T.);
#8324=EDGE_CURVE('',#6503,#6504,#3536,.T.);
#8325=EDGE_CURVE('',#6504,#6467,#3537,.T.);
#8326=EDGE_CURVE('',#6505,#6505,#511,.T.);
#8327=EDGE_CURVE('',#6506,#6506,#512,.T.);
#8328=EDGE_CURVE('',#6474,#6507,#513,.T.);
#8329=EDGE_CURVE('',#6507,#6508,#3538,.T.);
#8330=EDGE_CURVE('',#6508,#6475,#514,.T.);
#8331=EDGE_CURVE('',#6509,#6508,#3539,.T.);
#8332=EDGE_CURVE('',#6509,#6510,#3540,.T.);
#8333=EDGE_CURVE('',#6511,#6510,#3541,.T.);
#8334=EDGE_CURVE('',#6512,#6511,#3542,.T.);
#8335=EDGE_CURVE('',#6512,#6476,#3543,.T.);
#8336=EDGE_CURVE('',#6471,#6513,#3544,.T.);
#8337=EDGE_CURVE('',#6513,#6514,#3545,.T.);
#8338=EDGE_CURVE('',#6515,#6514,#3546,.T.);
#8339=EDGE_CURVE('',#6515,#6516,#3547,.T.);
#8340=EDGE_CURVE('',#6516,#6517,#3548,.T.);
#8341=EDGE_CURVE('',#6517,#6518,#3549,.T.);
#8342=EDGE_CURVE('',#6519,#6518,#3550,.T.);
#8343=EDGE_CURVE('',#6519,#6520,#3551,.T.);
#8344=EDGE_CURVE('',#6520,#6521,#3552,.T.);
#8345=EDGE_CURVE('',#6521,#6522,#3553,.T.);
#8346=EDGE_CURVE('',#6523,#6522,#3554,.T.);
#8347=EDGE_CURVE('',#6523,#6524,#3555,.T.);
#8348=EDGE_CURVE('',#6524,#6525,#3556,.T.);
#8349=EDGE_CURVE('',#6525,#6526,#3557,.T.);
#8350=EDGE_CURVE('',#6527,#6526,#3558,.T.);
#8351=EDGE_CURVE('',#6527,#6528,#3559,.T.);
#8352=EDGE_CURVE('',#6528,#6529,#3560,.T.);
#8353=EDGE_CURVE('',#6529,#6530,#3561,.T.);
#8354=EDGE_CURVE('',#6531,#6530,#3562,.T.);
#8355=EDGE_CURVE('',#6531,#6532,#3563,.T.);
#8356=EDGE_CURVE('',#6532,#6533,#3564,.T.);
#8357=EDGE_CURVE('',#6533,#6534,#3565,.T.);
#8358=EDGE_CURVE('',#6535,#6534,#3566,.T.);
#8359=EDGE_CURVE('',#6535,#6536,#3567,.T.);
#8360=EDGE_CURVE('',#6536,#6537,#3568,.T.);
#8361=EDGE_CURVE('',#6537,#6538,#3569,.T.);
#8362=EDGE_CURVE('',#6539,#6538,#3570,.T.);
#8363=EDGE_CURVE('',#6539,#6540,#3571,.T.);
#8364=EDGE_CURVE('',#6540,#6509,#3572,.T.);
#8365=EDGE_CURVE('',#6507,#6541,#3573,.T.);
#8366=EDGE_CURVE('',#6541,#6542,#3574,.T.);
#8367=EDGE_CURVE('',#6542,#6465,#3575,.T.);
#8368=EDGE_CURVE('',#6478,#6539,#515,.T.);
#8369=EDGE_CURVE('',#6538,#6479,#516,.T.);
#8370=EDGE_CURVE('',#6477,#6543,#3576,.T.);
#8371=EDGE_CURVE('',#6544,#6543,#3577,.T.);
#8372=EDGE_CURVE('',#6545,#6544,#3578,.T.);
#8373=EDGE_CURVE('',#6540,#6545,#3579,.T.);
#8374=EDGE_CURVE('',#6486,#6531,#517,.T.);
#8375=EDGE_CURVE('',#6530,#6487,#518,.T.);
#8376=EDGE_CURVE('',#6529,#6546,#3580,.T.);
#8377=EDGE_CURVE('',#6547,#6546,#3581,.T.);
#8378=EDGE_CURVE('',#6548,#6547,#3582,.T.);
#8379=EDGE_CURVE('',#6548,#6488,#3583,.T.);
#8380=EDGE_CURVE('',#6498,#6519,#519,.T.);
#8381=EDGE_CURVE('',#6518,#6499,#520,.T.);
#8382=EDGE_CURVE('',#6497,#6549,#3584,.T.);
#8383=EDGE_CURVE('',#6550,#6549,#3585,.T.);
#8384=EDGE_CURVE('',#6551,#6550,#3586,.T.);
#8385=EDGE_CURVE('',#6520,#6551,#3587,.T.);
#8386=EDGE_CURVE('',#6490,#6527,#521,.T.);
#8387=EDGE_CURVE('',#6526,#6491,#522,.T.);
#8388=EDGE_CURVE('',#6525,#6552,#3588,.T.);
#8389=EDGE_CURVE('',#6553,#6552,#3589,.T.);
#8390=EDGE_CURVE('',#6554,#6553,#3590,.T.);
#8391=EDGE_CURVE('',#6554,#6492,#3591,.T.);
#8392=EDGE_CURVE('',#6494,#6523,#523,.T.);
#8393=EDGE_CURVE('',#6522,#6495,#524,.T.);
#8394=EDGE_CURVE('',#6493,#6555,#3592,.T.);
#8395=EDGE_CURVE('',#6556,#6555,#3593,.T.);
#8396=EDGE_CURVE('',#6557,#6556,#3594,.T.);
#8397=EDGE_CURVE('',#6524,#6557,#3595,.T.);
#8398=EDGE_CURVE('',#6482,#6535,#525,.T.);
#8399=EDGE_CURVE('',#6534,#6483,#526,.T.);
#8400=EDGE_CURVE('',#6533,#6558,#3596,.T.);
#8401=EDGE_CURVE('',#6559,#6558,#3597,.T.);
#8402=EDGE_CURVE('',#6560,#6559,#3598,.T.);
#8403=EDGE_CURVE('',#6560,#6484,#3599,.T.);
#8404=EDGE_CURVE('',#6514,#6503,#527,.T.);
#8405=EDGE_CURVE('',#6502,#6515,#528,.T.);
#8406=EDGE_CURVE('',#6561,#6513,#3600,.T.);
#8407=EDGE_CURVE('',#6562,#6561,#3601,.T.);
#8408=EDGE_CURVE('',#6563,#6562,#3602,.T.);
#8409=EDGE_CURVE('',#6564,#6563,#3603,.T.);
#8410=EDGE_CURVE('',#6565,#6564,#3604,.T.);
#8411=EDGE_CURVE('',#6566,#6565,#3605,.T.);
#8412=EDGE_CURVE('',#6567,#6566,#3606,.T.);
#8413=EDGE_CURVE('',#6504,#6567,#3607,.T.);
#8414=EDGE_CURVE('',#6568,#6568,#529,.T.);
#8415=EDGE_CURVE('',#6569,#6569,#530,.T.);
#8416=EDGE_CURVE('',#6569,#6506,#3608,.T.);
#8417=EDGE_CURVE('',#6570,#6570,#531,.T.);
#8418=EDGE_CURVE('',#6570,#6505,#3609,.T.);
#8419=EDGE_CURVE('',#6571,#6571,#532,.T.);
#8420=EDGE_CURVE('',#6571,#6572,#3610,.T.);
#8421=EDGE_CURVE('',#6572,#6572,#533,.T.);
#8422=EDGE_CURVE('',#6573,#6574,#3611,.T.);
#8423=EDGE_CURVE('',#6573,#6575,#3612,.T.);
#8424=EDGE_CURVE('',#6576,#6575,#3613,.T.);
#8425=EDGE_CURVE('',#6574,#6576,#3614,.T.);
#8426=EDGE_CURVE('',#6577,#6578,#3615,.T.);
#8427=EDGE_CURVE('',#6579,#6578,#3616,.T.);
#8428=EDGE_CURVE('',#6580,#6579,#3617,.T.);
#8429=EDGE_CURVE('',#6577,#6580,#3618,.T.);
#8430=EDGE_CURVE('',#6573,#6577,#3619,.T.);
#8431=EDGE_CURVE('',#6575,#6580,#3620,.T.);
#8432=EDGE_CURVE('',#6578,#6574,#3621,.T.);
#8433=EDGE_CURVE('',#6576,#6579,#3622,.T.);
#8434=EDGE_CURVE('',#6581,#6581,#534,.T.);
#8435=EDGE_CURVE('',#6581,#6582,#3623,.T.);
#8436=EDGE_CURVE('',#6582,#6582,#535,.T.);
#8437=EDGE_CURVE('',#6583,#6584,#3624,.T.);
#8438=EDGE_CURVE('',#6584,#6585,#3625,.T.);
#8439=EDGE_CURVE('',#6586,#6585,#3626,.T.);
#8440=EDGE_CURVE('',#6583,#6586,#3627,.T.);
#8441=EDGE_CURVE('',#6584,#6587,#3628,.T.);
#8442=EDGE_CURVE('',#6588,#6587,#3629,.T.);
#8443=EDGE_CURVE('',#6585,#6588,#3630,.T.);
#8444=EDGE_CURVE('',#6589,#6583,#3631,.T.);
#8445=EDGE_CURVE('',#6587,#6589,#3632,.T.);
#8446=EDGE_CURVE('',#6590,#6588,#3633,.T.);
#8447=EDGE_CURVE('',#6586,#6590,#3634,.T.);
#8448=EDGE_CURVE('',#6591,#6590,#3635,.T.);
#8449=EDGE_CURVE('',#6591,#6592,#3636,.T.);
#8450=EDGE_CURVE('',#6592,#6593,#3637,.T.);
#8451=EDGE_CURVE('',#6593,#6594,#3638,.T.);
#8452=EDGE_CURVE('',#6511,#6594,#3639,.T.);
#8453=EDGE_CURVE('',#6510,#6545,#3640,.T.);
#8454=EDGE_CURVE('',#6595,#6544,#3641,.T.);
#8455=EDGE_CURVE('',#6595,#6596,#3642,.T.);
#8456=EDGE_CURVE('',#6596,#6597,#3643,.T.);
#8457=EDGE_CURVE('',#6597,#6598,#3644,.T.);
#8458=EDGE_CURVE('',#6559,#6598,#3645,.T.);
#8459=EDGE_CURVE('',#6558,#6599,#3646,.T.);
#8460=EDGE_CURVE('',#6599,#6600,#3647,.T.);
#8461=EDGE_CURVE('',#6547,#6600,#3648,.T.);
#8462=EDGE_CURVE('',#6546,#6601,#3649,.T.);
#8463=EDGE_CURVE('',#6601,#6602,#3650,.T.);
#8464=EDGE_CURVE('',#6553,#6602,#3651,.T.);
#8465=EDGE_CURVE('',#6552,#6557,#3652,.T.);
#8466=EDGE_CURVE('',#6603,#6556,#3653,.T.);
#8467=EDGE_CURVE('',#6603,#6604,#3654,.T.);
#8468=EDGE_CURVE('',#6604,#6551,#3655,.T.);
#8469=EDGE_CURVE('',#6605,#6550,#3656,.T.);
#8470=EDGE_CURVE('',#6605,#6606,#3657,.T.);
#8471=EDGE_CURVE('',#6606,#6607,#3658,.T.);
#8472=EDGE_CURVE('',#6607,#6608,#3659,.T.);
#8473=EDGE_CURVE('',#6609,#6608,#3660,.T.);
#8474=EDGE_CURVE('',#6609,#6610,#3661,.T.);
#8475=EDGE_CURVE('',#6610,#6562,#3662,.T.);
#8476=EDGE_CURVE('',#6561,#6611,#3663,.T.);
#8477=EDGE_CURVE('',#6611,#6612,#3664,.T.);
#8478=EDGE_CURVE('',#6612,#6613,#3665,.T.);
#8479=EDGE_CURVE('',#6613,#6614,#3666,.T.);
#8480=EDGE_CURVE('',#6614,#6470,#3667,.T.);
#8481=EDGE_CURVE('',#6589,#6469,#3668,.T.);
#8482=EDGE_CURVE('',#6615,#6564,#3669,.T.);
#8483=EDGE_CURVE('',#6616,#6615,#3670,.T.);
#8484=EDGE_CURVE('',#6565,#6616,#3671,.T.);
#8485=EDGE_CURVE('',#6563,#6617,#3672,.T.);
#8486=EDGE_CURVE('',#6615,#6617,#3673,.T.);
#8487=EDGE_CURVE('',#6617,#6610,#3674,.T.);
#8488=EDGE_CURVE('',#6618,#6614,#3675,.T.);
#8489=EDGE_CURVE('',#6619,#6618,#3676,.T.);
#8490=EDGE_CURVE('',#6611,#6619,#3677,.T.);
#8491=EDGE_CURVE('',#6620,#6620,#536,.T.);
#8492=EDGE_CURVE('',#6621,#6621,#537,.T.);
#8493=EDGE_CURVE('',#6622,#6622,#538,.T.);
#8494=EDGE_CURVE('',#6623,#6623,#539,.T.);
#8495=EDGE_CURVE('',#6624,#6624,#540,.T.);
#8496=EDGE_CURVE('',#6624,#6568,#3678,.T.);
#8497=EDGE_CURVE('',#6625,#6616,#3679,.T.);
#8498=EDGE_CURVE('',#6566,#6625,#3680,.T.);
#8499=EDGE_CURVE('',#6625,#6609,#3681,.T.);
#8500=EDGE_CURVE('',#6473,#6626,#3682,.T.);
#8501=EDGE_CURVE('',#6594,#6626,#3683,.T.);
#8502=EDGE_CURVE('',#6541,#6593,#3684,.T.);
#8503=EDGE_CURVE('',#6542,#6592,#3685,.T.);
#8504=EDGE_CURVE('',#6627,#6591,#3686,.T.);
#8505=EDGE_CURVE('',#6627,#6472,#3687,.T.);
#8506=EDGE_CURVE('',#6626,#6627,#3688,.T.);
#8507=EDGE_CURVE('',#6567,#6468,#3689,.T.);
#8508=EDGE_CURVE('',#6608,#6628,#3690,.T.);
#8509=EDGE_CURVE('',#6628,#6629,#3691,.T.);
#8510=EDGE_CURVE('',#6629,#6605,#3692,.T.);
#8511=EDGE_CURVE('',#6549,#6630,#3693,.T.);
#8512=EDGE_CURVE('',#6630,#6603,#3694,.T.);
#8513=EDGE_CURVE('',#6555,#6554,#3695,.T.);
#8514=EDGE_CURVE('',#6602,#6631,#3696,.T.);
#8515=EDGE_CURVE('',#6631,#6548,#3697,.T.);
#8516=EDGE_CURVE('',#6600,#6632,#3698,.T.);
#8517=EDGE_CURVE('',#6632,#6560,#3699,.T.);
#8518=EDGE_CURVE('',#6598,#6633,#3700,.T.);
#8519=EDGE_CURVE('',#6633,#6634,#3701,.T.);
#8520=EDGE_CURVE('',#6634,#6595,#3702,.T.);
#8521=EDGE_CURVE('',#6543,#6512,#3703,.T.);
#8522=EDGE_CURVE('',#6481,#6633,#3704,.T.);
#8523=EDGE_CURVE('',#6536,#6597,#3705,.T.);
#8524=EDGE_CURVE('',#6537,#6596,#3706,.T.);
#8525=EDGE_CURVE('',#6634,#6480,#3707,.T.);
#8526=EDGE_CURVE('',#6485,#6632,#3708,.T.);
#8527=EDGE_CURVE('',#6532,#6599,#3709,.T.);
#8528=EDGE_CURVE('',#6489,#6631,#3710,.T.);
#8529=EDGE_CURVE('',#6528,#6601,#3711,.T.);
#8530=EDGE_CURVE('',#6521,#6604,#3712,.T.);
#8531=EDGE_CURVE('',#6630,#6496,#3713,.T.);
#8532=EDGE_CURVE('',#6501,#6628,#3714,.T.);
#8533=EDGE_CURVE('',#6516,#6607,#3715,.T.);
#8534=EDGE_CURVE('',#6517,#6606,#3716,.T.);
#8535=EDGE_CURVE('',#6629,#6500,#3717,.T.);
#8536=EDGE_CURVE('',#6635,#6619,#3718,.T.);
#8537=EDGE_CURVE('',#6612,#6635,#3719,.T.);
#8538=EDGE_CURVE('',#6618,#6636,#3720,.T.);
#8539=EDGE_CURVE('',#6636,#6635,#3721,.T.);
#8540=EDGE_CURVE('',#6613,#6636,#3722,.T.);
#8541=EDGE_CURVE('',#6620,#6637,#3723,.T.);
#8542=EDGE_CURVE('',#6637,#6637,#541,.T.);
#8543=EDGE_CURVE('',#6621,#6638,#3724,.T.);
#8544=EDGE_CURVE('',#6638,#6638,#542,.T.);
#8545=EDGE_CURVE('',#6622,#6639,#3725,.T.);
#8546=EDGE_CURVE('',#6639,#6639,#543,.T.);
#8547=EDGE_CURVE('',#6623,#6640,#3726,.T.);
#8548=EDGE_CURVE('',#6640,#6640,#544,.T.);
#8549=EDGE_CURVE('',#6641,#6642,#3727,.T.);
#8550=EDGE_CURVE('',#6643,#6641,#545,.T.);
#8551=EDGE_CURVE('',#6644,#6643,#3728,.T.);
#8552=EDGE_CURVE('',#6642,#6644,#546,.T.);
#8553=EDGE_CURVE('',#6645,#6644,#3729,.T.);
#8554=EDGE_CURVE('',#6646,#6645,#3730,.T.);
#8555=EDGE_CURVE('',#6647,#6646,#3731,.F.);
#8556=EDGE_CURVE('',#6647,#6648,#3732,.T.);
#8557=EDGE_CURVE('',#6642,#6648,#3733,.T.);
#8558=EDGE_CURVE('',#6643,#6649,#3734,.T.);
#8559=EDGE_CURVE('',#6649,#6645,#3735,.T.);
#8560=EDGE_CURVE('',#6646,#6650,#3736,.F.);
#8561=EDGE_CURVE('',#6650,#6649,#3737,.T.);
#8562=EDGE_CURVE('',#6651,#6641,#3738,.T.);
#8563=EDGE_CURVE('',#6652,#6651,#3739,.T.);
#8564=EDGE_CURVE('',#6650,#6652,#3740,.F.);
#8565=EDGE_CURVE('',#6647,#6652,#3741,.T.);
#8566=EDGE_CURVE('',#6648,#6651,#3742,.T.);
#8567=ORIENTED_EDGE('',*,*,#6653,.F.);
#8568=ORIENTED_EDGE('',*,*,#6654,.T.);
#8569=ORIENTED_EDGE('',*,*,#6655,.F.);
#8570=ORIENTED_EDGE('',*,*,#6656,.F.);
#8571=ORIENTED_EDGE('',*,*,#6657,.T.);
#8572=ORIENTED_EDGE('',*,*,#6656,.T.);
#8573=ORIENTED_EDGE('',*,*,#6658,.F.);
#8574=ORIENTED_EDGE('',*,*,#6654,.F.);
#8575=ORIENTED_EDGE('',*,*,#6658,.T.);
#8576=ORIENTED_EDGE('',*,*,#6655,.T.);
#8577=ORIENTED_EDGE('',*,*,#6657,.F.);
#8578=ORIENTED_EDGE('',*,*,#6653,.T.);
#8579=ORIENTED_EDGE('',*,*,#6659,.F.);
#8580=ORIENTED_EDGE('',*,*,#6660,.T.);
#8581=ORIENTED_EDGE('',*,*,#6661,.F.);
#8582=ORIENTED_EDGE('',*,*,#6662,.F.);
#8583=ORIENTED_EDGE('',*,*,#6663,.F.);
#8584=ORIENTED_EDGE('',*,*,#6662,.T.);
#8585=ORIENTED_EDGE('',*,*,#6664,.F.);
#8586=ORIENTED_EDGE('',*,*,#6665,.F.);
#8587=ORIENTED_EDGE('',*,*,#6666,.F.);
#8588=ORIENTED_EDGE('',*,*,#6665,.T.);
#8589=ORIENTED_EDGE('',*,*,#6667,.F.);
#8590=ORIENTED_EDGE('',*,*,#6668,.F.);
#8591=ORIENTED_EDGE('',*,*,#6669,.F.);
#8592=ORIENTED_EDGE('',*,*,#6668,.T.);
#8593=ORIENTED_EDGE('',*,*,#6670,.F.);
#8594=ORIENTED_EDGE('',*,*,#6660,.F.);
#8595=ORIENTED_EDGE('',*,*,#6670,.T.);
#8596=ORIENTED_EDGE('',*,*,#6667,.T.);
#8597=ORIENTED_EDGE('',*,*,#6664,.T.);
#8598=ORIENTED_EDGE('',*,*,#6661,.T.);
#8599=ORIENTED_EDGE('',*,*,#6671,.T.);
#8600=ORIENTED_EDGE('',*,*,#6672,.F.);
#8601=ORIENTED_EDGE('',*,*,#6673,.F.);
#8602=ORIENTED_EDGE('',*,*,#6674,.F.);
#8603=ORIENTED_EDGE('',*,*,#6675,.T.);
#8604=ORIENTED_EDGE('',*,*,#6676,.T.);
#8605=ORIENTED_EDGE('',*,*,#6677,.T.);
#8606=ORIENTED_EDGE('',*,*,#6678,.T.);
#8607=ORIENTED_EDGE('',*,*,#6679,.T.);
#8608=ORIENTED_EDGE('',*,*,#6680,.T.);
#8609=ORIENTED_EDGE('',*,*,#6681,.T.);
#8610=ORIENTED_EDGE('',*,*,#6682,.T.);
#8611=ORIENTED_EDGE('',*,*,#6683,.T.);
#8612=ORIENTED_EDGE('',*,*,#6684,.T.);
#8613=ORIENTED_EDGE('',*,*,#6685,.T.);
#8614=ORIENTED_EDGE('',*,*,#6686,.T.);
#8615=ORIENTED_EDGE('',*,*,#6687,.T.);
#8616=ORIENTED_EDGE('',*,*,#6688,.T.);
#8617=ORIENTED_EDGE('',*,*,#6689,.T.);
#8618=ORIENTED_EDGE('',*,*,#6690,.T.);
#8619=ORIENTED_EDGE('',*,*,#6688,.F.);
#8620=ORIENTED_EDGE('',*,*,#6691,.F.);
#8621=ORIENTED_EDGE('',*,*,#6692,.F.);
#8622=ORIENTED_EDGE('',*,*,#6693,.F.);
#8623=ORIENTED_EDGE('',*,*,#6694,.T.);
#8624=ORIENTED_EDGE('',*,*,#6692,.T.);
#8625=ORIENTED_EDGE('',*,*,#6695,.T.);
#8626=ORIENTED_EDGE('',*,*,#6696,.T.);
#8627=ORIENTED_EDGE('',*,*,#6697,.T.);
#8628=ORIENTED_EDGE('',*,*,#6698,.T.);
#8629=ORIENTED_EDGE('',*,*,#6699,.T.);
#8630=ORIENTED_EDGE('',*,*,#6700,.T.);
#8631=ORIENTED_EDGE('',*,*,#6700,.F.);
#8632=ORIENTED_EDGE('',*,*,#6701,.F.);
#8633=ORIENTED_EDGE('',*,*,#6702,.F.);
#8634=ORIENTED_EDGE('',*,*,#6703,.F.);
#8635=ORIENTED_EDGE('',*,*,#6704,.F.);
#8636=ORIENTED_EDGE('',*,*,#6671,.F.);
#8637=ORIENTED_EDGE('',*,*,#6705,.F.);
#8638=ORIENTED_EDGE('',*,*,#6698,.F.);
#8639=ORIENTED_EDGE('',*,*,#6706,.F.);
#8640=ORIENTED_EDGE('',*,*,#6707,.F.);
#8641=ORIENTED_EDGE('',*,*,#6708,.F.);
#8642=ORIENTED_EDGE('',*,*,#6678,.F.);
#8643=ORIENTED_EDGE('',*,*,#6696,.F.);
#8644=ORIENTED_EDGE('',*,*,#6709,.F.);
#8645=ORIENTED_EDGE('',*,*,#6710,.F.);
#8646=ORIENTED_EDGE('',*,*,#6711,.F.);
#8647=ORIENTED_EDGE('',*,*,#6690,.F.);
#8648=ORIENTED_EDGE('',*,*,#6712,.F.);
#8649=ORIENTED_EDGE('',*,*,#6713,.F.);
#8650=ORIENTED_EDGE('',*,*,#6714,.F.);
#8651=ORIENTED_EDGE('',*,*,#6708,.T.);
#8652=ORIENTED_EDGE('',*,*,#6715,.F.);
#8653=ORIENTED_EDGE('',*,*,#6716,.F.);
#8654=ORIENTED_EDGE('',*,*,#6679,.F.);
#8655=ORIENTED_EDGE('',*,*,#6707,.T.);
#8656=ORIENTED_EDGE('',*,*,#6717,.F.);
#8657=ORIENTED_EDGE('',*,*,#6718,.F.);
#8658=ORIENTED_EDGE('',*,*,#6715,.T.);
#8659=ORIENTED_EDGE('',*,*,#6706,.T.);
#8660=ORIENTED_EDGE('',*,*,#6697,.F.);
#8661=ORIENTED_EDGE('',*,*,#6703,.T.);
#8662=ORIENTED_EDGE('',*,*,#6719,.T.);
#8663=ORIENTED_EDGE('',*,*,#6712,.T.);
#8664=ORIENTED_EDGE('',*,*,#6689,.F.);
#8665=ORIENTED_EDGE('',*,*,#6693,.T.);
#8666=ORIENTED_EDGE('',*,*,#6694,.F.);
#8667=ORIENTED_EDGE('',*,*,#6711,.T.);
#8668=ORIENTED_EDGE('',*,*,#6720,.T.);
#8669=ORIENTED_EDGE('',*,*,#6721,.T.);
#8670=ORIENTED_EDGE('',*,*,#6722,.T.);
#8671=ORIENTED_EDGE('',*,*,#6723,.T.);
#8672=ORIENTED_EDGE('',*,*,#6724,.T.);
#8673=ORIENTED_EDGE('',*,*,#6725,.T.);
#8674=ORIENTED_EDGE('',*,*,#6726,.T.);
#8675=ORIENTED_EDGE('',*,*,#6727,.T.);
#8676=ORIENTED_EDGE('',*,*,#6728,.T.);
#8677=ORIENTED_EDGE('',*,*,#6717,.T.);
#8678=ORIENTED_EDGE('',*,*,#6729,.T.);
#8679=ORIENTED_EDGE('',*,*,#6730,.T.);
#8680=ORIENTED_EDGE('',*,*,#6731,.T.);
#8681=ORIENTED_EDGE('',*,*,#6732,.T.);
#8682=ORIENTED_EDGE('',*,*,#6710,.T.);
#8683=ORIENTED_EDGE('',*,*,#6733,.T.);
#8684=ORIENTED_EDGE('',*,*,#6734,.T.);
#8685=ORIENTED_EDGE('',*,*,#6720,.F.);
#8686=ORIENTED_EDGE('',*,*,#6702,.T.);
#8687=ORIENTED_EDGE('',*,*,#6735,.T.);
#8688=ORIENTED_EDGE('',*,*,#6713,.T.);
#8689=ORIENTED_EDGE('',*,*,#6719,.F.);
#8690=ORIENTED_EDGE('',*,*,#6732,.F.);
#8691=ORIENTED_EDGE('',*,*,#6736,.T.);
#8692=ORIENTED_EDGE('',*,*,#6737,.F.);
#8693=ORIENTED_EDGE('',*,*,#6736,.F.);
#8694=ORIENTED_EDGE('',*,*,#6731,.F.);
#8695=ORIENTED_EDGE('',*,*,#6738,.T.);
#8696=ORIENTED_EDGE('',*,*,#6739,.F.);
#8697=ORIENTED_EDGE('',*,*,#6738,.F.);
#8698=ORIENTED_EDGE('',*,*,#6730,.F.);
#8699=ORIENTED_EDGE('',*,*,#6740,.T.);
#8700=ORIENTED_EDGE('',*,*,#6741,.F.);
#8701=ORIENTED_EDGE('',*,*,#6740,.F.);
#8702=ORIENTED_EDGE('',*,*,#6729,.F.);
#8703=ORIENTED_EDGE('',*,*,#6742,.T.);
#8704=ORIENTED_EDGE('',*,*,#6743,.F.);
#8705=ORIENTED_EDGE('',*,*,#6742,.F.);
#8706=ORIENTED_EDGE('',*,*,#6744,.F.);
#8707=ORIENTED_EDGE('',*,*,#6745,.T.);
#8708=ORIENTED_EDGE('',*,*,#6746,.T.);
#8709=ORIENTED_EDGE('',*,*,#6747,.T.);
#8710=ORIENTED_EDGE('',*,*,#6748,.F.);
#8711=ORIENTED_EDGE('',*,*,#6749,.F.);
#8712=ORIENTED_EDGE('',*,*,#6750,.F.);
#8713=ORIENTED_EDGE('',*,*,#6749,.T.);
#8714=ORIENTED_EDGE('',*,*,#6751,.F.);
#8715=ORIENTED_EDGE('',*,*,#6752,.F.);
#8716=ORIENTED_EDGE('',*,*,#6753,.F.);
#8717=ORIENTED_EDGE('',*,*,#6752,.T.);
#8718=ORIENTED_EDGE('',*,*,#6754,.F.);
#8719=ORIENTED_EDGE('',*,*,#6755,.F.);
#8720=ORIENTED_EDGE('',*,*,#6756,.T.);
#8721=ORIENTED_EDGE('',*,*,#6757,.F.);
#8722=ORIENTED_EDGE('',*,*,#6746,.F.);
#8723=ORIENTED_EDGE('',*,*,#6758,.T.);
#8724=ORIENTED_EDGE('',*,*,#6759,.T.);
#8725=ORIENTED_EDGE('',*,*,#6754,.T.);
#8726=ORIENTED_EDGE('',*,*,#6751,.T.);
#8727=ORIENTED_EDGE('',*,*,#6748,.T.);
#8728=ORIENTED_EDGE('',*,*,#6744,.T.);
#8729=ORIENTED_EDGE('',*,*,#6760,.T.);
#8730=ORIENTED_EDGE('',*,*,#6761,.T.);
#8731=ORIENTED_EDGE('',*,*,#6762,.F.);
#8732=ORIENTED_EDGE('',*,*,#6763,.T.);
#8733=ORIENTED_EDGE('',*,*,#6764,.F.);
#8734=ORIENTED_EDGE('',*,*,#6765,.F.);
#8735=ORIENTED_EDGE('',*,*,#6766,.F.);
#8736=ORIENTED_EDGE('',*,*,#6765,.T.);
#8737=ORIENTED_EDGE('',*,*,#6767,.F.);
#8738=ORIENTED_EDGE('',*,*,#6768,.F.);
#8739=ORIENTED_EDGE('',*,*,#6769,.T.);
#8740=ORIENTED_EDGE('',*,*,#6770,.F.);
#8741=ORIENTED_EDGE('',*,*,#6771,.F.);
#8742=ORIENTED_EDGE('',*,*,#6768,.T.);
#8743=ORIENTED_EDGE('',*,*,#6772,.F.);
#8744=ORIENTED_EDGE('',*,*,#6773,.F.);
#8745=ORIENTED_EDGE('',*,*,#6774,.T.);
#8746=ORIENTED_EDGE('',*,*,#6769,.F.);
#8747=ORIENTED_EDGE('',*,*,#6775,.F.);
#8748=ORIENTED_EDGE('',*,*,#6776,.T.);
#8749=ORIENTED_EDGE('',*,*,#6777,.T.);
#8750=ORIENTED_EDGE('',*,*,#6772,.T.);
#8751=ORIENTED_EDGE('',*,*,#6767,.T.);
#8752=ORIENTED_EDGE('',*,*,#6764,.T.);
#8753=ORIENTED_EDGE('',*,*,#6705,.T.);
#8754=ORIENTED_EDGE('',*,*,#6674,.T.);
#8755=ORIENTED_EDGE('',*,*,#6778,.T.);
#8756=ORIENTED_EDGE('',*,*,#6681,.F.);
#8757=ORIENTED_EDGE('',*,*,#6779,.F.);
#8758=ORIENTED_EDGE('',*,*,#6762,.T.);
#8759=ORIENTED_EDGE('',*,*,#6766,.T.);
#8760=ORIENTED_EDGE('',*,*,#6780,.T.);
#8761=ORIENTED_EDGE('',*,*,#6750,.T.);
#8762=ORIENTED_EDGE('',*,*,#6753,.T.);
#8763=ORIENTED_EDGE('',*,*,#6781,.F.);
#8764=ORIENTED_EDGE('',*,*,#6782,.T.);
#8765=ORIENTED_EDGE('',*,*,#6733,.F.);
#8766=ORIENTED_EDGE('',*,*,#6709,.T.);
#8767=ORIENTED_EDGE('',*,*,#6695,.F.);
#8768=ORIENTED_EDGE('',*,*,#6691,.T.);
#8769=ORIENTED_EDGE('',*,*,#6687,.F.);
#8770=ORIENTED_EDGE('',*,*,#6714,.T.);
#8771=ORIENTED_EDGE('',*,*,#6735,.F.);
#8772=ORIENTED_EDGE('',*,*,#6701,.T.);
#8773=ORIENTED_EDGE('',*,*,#6699,.F.);
#8774=ORIENTED_EDGE('',*,*,#6659,.T.);
#8775=ORIENTED_EDGE('',*,*,#6663,.T.);
#8776=ORIENTED_EDGE('',*,*,#6666,.T.);
#8777=ORIENTED_EDGE('',*,*,#6669,.T.);
#8778=ORIENTED_EDGE('',*,*,#6737,.T.);
#8779=ORIENTED_EDGE('',*,*,#6739,.T.);
#8780=ORIENTED_EDGE('',*,*,#6741,.T.);
#8781=ORIENTED_EDGE('',*,*,#6743,.T.);
#8782=ORIENTED_EDGE('',*,*,#6783,.F.);
#8783=ORIENTED_EDGE('',*,*,#6724,.F.);
#8784=ORIENTED_EDGE('',*,*,#6784,.F.);
#8785=ORIENTED_EDGE('',*,*,#6758,.F.);
#8786=ORIENTED_EDGE('',*,*,#6745,.F.);
#8787=ORIENTED_EDGE('',*,*,#6761,.F.);
#8788=ORIENTED_EDGE('',*,*,#6785,.F.);
#8789=ORIENTED_EDGE('',*,*,#6756,.F.);
#8790=ORIENTED_EDGE('',*,*,#6784,.T.);
#8791=ORIENTED_EDGE('',*,*,#6723,.F.);
#8792=ORIENTED_EDGE('',*,*,#6786,.F.);
#8793=ORIENTED_EDGE('',*,*,#6727,.F.);
#8794=ORIENTED_EDGE('',*,*,#6787,.T.);
#8795=ORIENTED_EDGE('',*,*,#6776,.F.);
#8796=ORIENTED_EDGE('',*,*,#6788,.F.);
#8797=ORIENTED_EDGE('',*,*,#6789,.F.);
#8798=ORIENTED_EDGE('',*,*,#6770,.T.);
#8799=ORIENTED_EDGE('',*,*,#6774,.F.);
#8800=ORIENTED_EDGE('',*,*,#6787,.F.);
#8801=ORIENTED_EDGE('',*,*,#6726,.F.);
#8802=ORIENTED_EDGE('',*,*,#6785,.T.);
#8803=ORIENTED_EDGE('',*,*,#6722,.F.);
#8804=ORIENTED_EDGE('',*,*,#6790,.F.);
#8805=ORIENTED_EDGE('',*,*,#6781,.T.);
#8806=ORIENTED_EDGE('',*,*,#6755,.T.);
#8807=ORIENTED_EDGE('',*,*,#6759,.F.);
#8808=ORIENTED_EDGE('',*,*,#6747,.F.);
#8809=ORIENTED_EDGE('',*,*,#6757,.T.);
#8810=ORIENTED_EDGE('',*,*,#6786,.T.);
#8811=ORIENTED_EDGE('',*,*,#6775,.T.);
#8812=ORIENTED_EDGE('',*,*,#6773,.T.);
#8813=ORIENTED_EDGE('',*,*,#6777,.F.);
#8814=ORIENTED_EDGE('',*,*,#6763,.F.);
#8815=ORIENTED_EDGE('',*,*,#6779,.T.);
#8816=ORIENTED_EDGE('',*,*,#6680,.F.);
#8817=ORIENTED_EDGE('',*,*,#6716,.T.);
#8818=ORIENTED_EDGE('',*,*,#6718,.T.);
#8819=ORIENTED_EDGE('',*,*,#6728,.F.);
#8820=ORIENTED_EDGE('',*,*,#6788,.T.);
#8821=ORIENTED_EDGE('',*,*,#6725,.F.);
#8822=ORIENTED_EDGE('',*,*,#6783,.T.);
#8823=ORIENTED_EDGE('',*,*,#6760,.F.);
#8824=ORIENTED_EDGE('',*,*,#6780,.F.);
#8825=ORIENTED_EDGE('',*,*,#6791,.F.);
#8826=ORIENTED_EDGE('',*,*,#6782,.F.);
#8827=ORIENTED_EDGE('',*,*,#6790,.T.);
#8828=ORIENTED_EDGE('',*,*,#6721,.F.);
#8829=ORIENTED_EDGE('',*,*,#6734,.F.);
#8830=ORIENTED_EDGE('',*,*,#6704,.T.);
#8831=ORIENTED_EDGE('',*,*,#6683,.F.);
#8832=ORIENTED_EDGE('',*,*,#6792,.T.);
#8833=ORIENTED_EDGE('',*,*,#6672,.T.);
#8834=ORIENTED_EDGE('',*,*,#6675,.F.);
#8835=ORIENTED_EDGE('',*,*,#6793,.T.);
#8836=ORIENTED_EDGE('',*,*,#6684,.F.);
#8837=ORIENTED_EDGE('',*,*,#6793,.F.);
#8838=ORIENTED_EDGE('',*,*,#6676,.F.);
#8839=ORIENTED_EDGE('',*,*,#6794,.T.);
#8840=ORIENTED_EDGE('',*,*,#6685,.F.);
#8841=ORIENTED_EDGE('',*,*,#6794,.F.);
#8842=ORIENTED_EDGE('',*,*,#6677,.F.);
#8843=ORIENTED_EDGE('',*,*,#6795,.T.);
#8844=ORIENTED_EDGE('',*,*,#6686,.F.);
#8845=ORIENTED_EDGE('',*,*,#6795,.F.);
#8846=ORIENTED_EDGE('',*,*,#6771,.T.);
#8847=ORIENTED_EDGE('',*,*,#6789,.T.);
#8848=ORIENTED_EDGE('',*,*,#6791,.T.);
#8849=ORIENTED_EDGE('',*,*,#6682,.F.);
#8850=ORIENTED_EDGE('',*,*,#6778,.F.);
#8851=ORIENTED_EDGE('',*,*,#6673,.T.);
#8852=ORIENTED_EDGE('',*,*,#6792,.F.);
#8853=ORIENTED_EDGE('',*,*,#6796,.T.);
#8854=ORIENTED_EDGE('',*,*,#6797,.T.);
#8855=ORIENTED_EDGE('',*,*,#6798,.T.);
#8856=ORIENTED_EDGE('',*,*,#6799,.T.);
#8857=ORIENTED_EDGE('',*,*,#6798,.F.);
#8858=ORIENTED_EDGE('',*,*,#6800,.F.);
#8859=ORIENTED_EDGE('',*,*,#6801,.T.);
#8860=ORIENTED_EDGE('',*,*,#6802,.F.);
#8861=ORIENTED_EDGE('',*,*,#6803,.F.);
#8862=ORIENTED_EDGE('',*,*,#6804,.T.);
#8863=ORIENTED_EDGE('',*,*,#6805,.F.);
#8864=ORIENTED_EDGE('',*,*,#6797,.F.);
#8865=ORIENTED_EDGE('',*,*,#6806,.F.);
#8866=ORIENTED_EDGE('',*,*,#6807,.F.);
#8867=ORIENTED_EDGE('',*,*,#6808,.F.);
#8868=ORIENTED_EDGE('',*,*,#6809,.F.);
#8869=ORIENTED_EDGE('',*,*,#6810,.T.);
#8870=ORIENTED_EDGE('',*,*,#6811,.T.);
#8871=ORIENTED_EDGE('',*,*,#6812,.T.);
#8872=ORIENTED_EDGE('',*,*,#6813,.F.);
#8873=ORIENTED_EDGE('',*,*,#6814,.T.);
#8874=ORIENTED_EDGE('',*,*,#6815,.T.);
#8875=ORIENTED_EDGE('',*,*,#6816,.T.);
#8876=ORIENTED_EDGE('',*,*,#6817,.F.);
#8877=ORIENTED_EDGE('',*,*,#6818,.T.);
#8878=ORIENTED_EDGE('',*,*,#6819,.T.);
#8879=ORIENTED_EDGE('',*,*,#6820,.T.);
#8880=ORIENTED_EDGE('',*,*,#6821,.F.);
#8881=ORIENTED_EDGE('',*,*,#6822,.T.);
#8882=ORIENTED_EDGE('',*,*,#6823,.T.);
#8883=ORIENTED_EDGE('',*,*,#6824,.T.);
#8884=ORIENTED_EDGE('',*,*,#6825,.F.);
#8885=ORIENTED_EDGE('',*,*,#6826,.T.);
#8886=ORIENTED_EDGE('',*,*,#6827,.T.);
#8887=ORIENTED_EDGE('',*,*,#6828,.T.);
#8888=ORIENTED_EDGE('',*,*,#6829,.F.);
#8889=ORIENTED_EDGE('',*,*,#6830,.T.);
#8890=ORIENTED_EDGE('',*,*,#6831,.T.);
#8891=ORIENTED_EDGE('',*,*,#6832,.T.);
#8892=ORIENTED_EDGE('',*,*,#6833,.F.);
#8893=ORIENTED_EDGE('',*,*,#6834,.T.);
#8894=ORIENTED_EDGE('',*,*,#6835,.T.);
#8895=ORIENTED_EDGE('',*,*,#6836,.T.);
#8896=ORIENTED_EDGE('',*,*,#6837,.F.);
#8897=ORIENTED_EDGE('',*,*,#6838,.T.);
#8898=ORIENTED_EDGE('',*,*,#6839,.T.);
#8899=ORIENTED_EDGE('',*,*,#6840,.T.);
#8900=ORIENTED_EDGE('',*,*,#6841,.F.);
#8901=ORIENTED_EDGE('',*,*,#6842,.T.);
#8902=ORIENTED_EDGE('',*,*,#6843,.T.);
#8903=ORIENTED_EDGE('',*,*,#6844,.T.);
#8904=ORIENTED_EDGE('',*,*,#6845,.F.);
#8905=ORIENTED_EDGE('',*,*,#6846,.T.);
#8906=ORIENTED_EDGE('',*,*,#6847,.T.);
#8907=ORIENTED_EDGE('',*,*,#6848,.T.);
#8908=ORIENTED_EDGE('',*,*,#6849,.F.);
#8909=ORIENTED_EDGE('',*,*,#6850,.T.);
#8910=ORIENTED_EDGE('',*,*,#6851,.T.);
#8911=ORIENTED_EDGE('',*,*,#6800,.T.);
#8912=ORIENTED_EDGE('',*,*,#6852,.T.);
#8913=ORIENTED_EDGE('',*,*,#6853,.T.);
#8914=ORIENTED_EDGE('',*,*,#6854,.T.);
#8915=ORIENTED_EDGE('',*,*,#6855,.T.);
#8916=ORIENTED_EDGE('',*,*,#6856,.T.);
#8917=ORIENTED_EDGE('',*,*,#6857,.T.);
#8918=ORIENTED_EDGE('',*,*,#6858,.T.);
#8919=ORIENTED_EDGE('',*,*,#6859,.T.);
#8920=ORIENTED_EDGE('',*,*,#6860,.T.);
#8921=ORIENTED_EDGE('',*,*,#6861,.T.);
#8922=ORIENTED_EDGE('',*,*,#6862,.T.);
#8923=ORIENTED_EDGE('',*,*,#6863,.T.);
#8924=ORIENTED_EDGE('',*,*,#6864,.T.);
#8925=ORIENTED_EDGE('',*,*,#6865,.T.);
#8926=ORIENTED_EDGE('',*,*,#6866,.T.);
#8927=ORIENTED_EDGE('',*,*,#6867,.T.);
#8928=ORIENTED_EDGE('',*,*,#6868,.T.);
#8929=ORIENTED_EDGE('',*,*,#6869,.T.);
#8930=ORIENTED_EDGE('',*,*,#6870,.T.);
#8931=ORIENTED_EDGE('',*,*,#6871,.T.);
#8932=ORIENTED_EDGE('',*,*,#6872,.T.);
#8933=ORIENTED_EDGE('',*,*,#6873,.T.);
#8934=ORIENTED_EDGE('',*,*,#6874,.T.);
#8935=ORIENTED_EDGE('',*,*,#6875,.T.);
#8936=ORIENTED_EDGE('',*,*,#6876,.T.);
#8937=ORIENTED_EDGE('',*,*,#6877,.T.);
#8938=ORIENTED_EDGE('',*,*,#6878,.T.);
#8939=ORIENTED_EDGE('',*,*,#6879,.T.);
#8940=ORIENTED_EDGE('',*,*,#6880,.T.);
#8941=ORIENTED_EDGE('',*,*,#6881,.T.);
#8942=ORIENTED_EDGE('',*,*,#6882,.T.);
#8943=ORIENTED_EDGE('',*,*,#6883,.T.);
#8944=ORIENTED_EDGE('',*,*,#6884,.T.);
#8945=ORIENTED_EDGE('',*,*,#6885,.T.);
#8946=ORIENTED_EDGE('',*,*,#6886,.T.);
#8947=ORIENTED_EDGE('',*,*,#6887,.T.);
#8948=ORIENTED_EDGE('',*,*,#6888,.T.);
#8949=ORIENTED_EDGE('',*,*,#6889,.T.);
#8950=ORIENTED_EDGE('',*,*,#6890,.T.);
#8951=ORIENTED_EDGE('',*,*,#6891,.T.);
#8952=ORIENTED_EDGE('',*,*,#6892,.T.);
#8953=ORIENTED_EDGE('',*,*,#6893,.T.);
#8954=ORIENTED_EDGE('',*,*,#6894,.T.);
#8955=ORIENTED_EDGE('',*,*,#6895,.T.);
#8956=ORIENTED_EDGE('',*,*,#6896,.T.);
#8957=ORIENTED_EDGE('',*,*,#6897,.T.);
#8958=ORIENTED_EDGE('',*,*,#6898,.T.);
#8959=ORIENTED_EDGE('',*,*,#6899,.T.);
#8960=ORIENTED_EDGE('',*,*,#6900,.T.);
#8961=ORIENTED_EDGE('',*,*,#6901,.T.);
#8962=ORIENTED_EDGE('',*,*,#6902,.T.);
#8963=ORIENTED_EDGE('',*,*,#6903,.T.);
#8964=ORIENTED_EDGE('',*,*,#6904,.T.);
#8965=ORIENTED_EDGE('',*,*,#6905,.T.);
#8966=ORIENTED_EDGE('',*,*,#6906,.T.);
#8967=ORIENTED_EDGE('',*,*,#6907,.T.);
#8968=ORIENTED_EDGE('',*,*,#6908,.T.);
#8969=ORIENTED_EDGE('',*,*,#6909,.T.);
#8970=ORIENTED_EDGE('',*,*,#6910,.T.);
#8971=ORIENTED_EDGE('',*,*,#6911,.T.);
#8972=ORIENTED_EDGE('',*,*,#6912,.T.);
#8973=ORIENTED_EDGE('',*,*,#6913,.T.);
#8974=ORIENTED_EDGE('',*,*,#6914,.T.);
#8975=ORIENTED_EDGE('',*,*,#6915,.T.);
#8976=ORIENTED_EDGE('',*,*,#6916,.T.);
#8977=ORIENTED_EDGE('',*,*,#6917,.T.);
#8978=ORIENTED_EDGE('',*,*,#6918,.T.);
#8979=ORIENTED_EDGE('',*,*,#6849,.T.);
#8980=ORIENTED_EDGE('',*,*,#6916,.F.);
#8981=ORIENTED_EDGE('',*,*,#6848,.F.);
#8982=ORIENTED_EDGE('',*,*,#6919,.T.);
#8983=ORIENTED_EDGE('',*,*,#6920,.F.);
#8984=ORIENTED_EDGE('',*,*,#6921,.F.);
#8985=ORIENTED_EDGE('',*,*,#6922,.T.);
#8986=ORIENTED_EDGE('',*,*,#6923,.F.);
#8987=ORIENTED_EDGE('',*,*,#6924,.T.);
#8988=ORIENTED_EDGE('',*,*,#6925,.T.);
#8989=ORIENTED_EDGE('',*,*,#6926,.T.);
#8990=ORIENTED_EDGE('',*,*,#6845,.T.);
#8991=ORIENTED_EDGE('',*,*,#6924,.F.);
#8992=ORIENTED_EDGE('',*,*,#6844,.F.);
#8993=ORIENTED_EDGE('',*,*,#6927,.T.);
#8994=ORIENTED_EDGE('',*,*,#6928,.F.);
#8995=ORIENTED_EDGE('',*,*,#6929,.F.);
#8996=ORIENTED_EDGE('',*,*,#6930,.T.);
#8997=ORIENTED_EDGE('',*,*,#6931,.F.);
#8998=ORIENTED_EDGE('',*,*,#6932,.T.);
#8999=ORIENTED_EDGE('',*,*,#6933,.T.);
#9000=ORIENTED_EDGE('',*,*,#6934,.T.);
#9001=ORIENTED_EDGE('',*,*,#6841,.T.);
#9002=ORIENTED_EDGE('',*,*,#6932,.F.);
#9003=ORIENTED_EDGE('',*,*,#6840,.F.);
#9004=ORIENTED_EDGE('',*,*,#6935,.T.);
#9005=ORIENTED_EDGE('',*,*,#6936,.F.);
#9006=ORIENTED_EDGE('',*,*,#6937,.F.);
#9007=ORIENTED_EDGE('',*,*,#6938,.T.);
#9008=ORIENTED_EDGE('',*,*,#6939,.F.);
#9009=ORIENTED_EDGE('',*,*,#6940,.T.);
#9010=ORIENTED_EDGE('',*,*,#6941,.T.);
#9011=ORIENTED_EDGE('',*,*,#6942,.T.);
#9012=ORIENTED_EDGE('',*,*,#6837,.T.);
#9013=ORIENTED_EDGE('',*,*,#6940,.F.);
#9014=ORIENTED_EDGE('',*,*,#6836,.F.);
#9015=ORIENTED_EDGE('',*,*,#6943,.T.);
#9016=ORIENTED_EDGE('',*,*,#6944,.F.);
#9017=ORIENTED_EDGE('',*,*,#6945,.F.);
#9018=ORIENTED_EDGE('',*,*,#6946,.T.);
#9019=ORIENTED_EDGE('',*,*,#6947,.F.);
#9020=ORIENTED_EDGE('',*,*,#6948,.T.);
#9021=ORIENTED_EDGE('',*,*,#6949,.T.);
#9022=ORIENTED_EDGE('',*,*,#6950,.T.);
#9023=ORIENTED_EDGE('',*,*,#6833,.T.);
#9024=ORIENTED_EDGE('',*,*,#6948,.F.);
#9025=ORIENTED_EDGE('',*,*,#6832,.F.);
#9026=ORIENTED_EDGE('',*,*,#6951,.T.);
#9027=ORIENTED_EDGE('',*,*,#6952,.F.);
#9028=ORIENTED_EDGE('',*,*,#6953,.F.);
#9029=ORIENTED_EDGE('',*,*,#6954,.T.);
#9030=ORIENTED_EDGE('',*,*,#6955,.F.);
#9031=ORIENTED_EDGE('',*,*,#6956,.T.);
#9032=ORIENTED_EDGE('',*,*,#6957,.T.);
#9033=ORIENTED_EDGE('',*,*,#6958,.T.);
#9034=ORIENTED_EDGE('',*,*,#6829,.T.);
#9035=ORIENTED_EDGE('',*,*,#6956,.F.);
#9036=ORIENTED_EDGE('',*,*,#6828,.F.);
#9037=ORIENTED_EDGE('',*,*,#6959,.T.);
#9038=ORIENTED_EDGE('',*,*,#6960,.F.);
#9039=ORIENTED_EDGE('',*,*,#6961,.F.);
#9040=ORIENTED_EDGE('',*,*,#6962,.T.);
#9041=ORIENTED_EDGE('',*,*,#6963,.F.);
#9042=ORIENTED_EDGE('',*,*,#6964,.T.);
#9043=ORIENTED_EDGE('',*,*,#6965,.T.);
#9044=ORIENTED_EDGE('',*,*,#6966,.T.);
#9045=ORIENTED_EDGE('',*,*,#6825,.T.);
#9046=ORIENTED_EDGE('',*,*,#6964,.F.);
#9047=ORIENTED_EDGE('',*,*,#6824,.F.);
#9048=ORIENTED_EDGE('',*,*,#6967,.T.);
#9049=ORIENTED_EDGE('',*,*,#6968,.F.);
#9050=ORIENTED_EDGE('',*,*,#6969,.F.);
#9051=ORIENTED_EDGE('',*,*,#6970,.T.);
#9052=ORIENTED_EDGE('',*,*,#6971,.F.);
#9053=ORIENTED_EDGE('',*,*,#6972,.T.);
#9054=ORIENTED_EDGE('',*,*,#6973,.T.);
#9055=ORIENTED_EDGE('',*,*,#6974,.T.);
#9056=ORIENTED_EDGE('',*,*,#6821,.T.);
#9057=ORIENTED_EDGE('',*,*,#6972,.F.);
#9058=ORIENTED_EDGE('',*,*,#6820,.F.);
#9059=ORIENTED_EDGE('',*,*,#6975,.T.);
#9060=ORIENTED_EDGE('',*,*,#6976,.F.);
#9061=ORIENTED_EDGE('',*,*,#6977,.F.);
#9062=ORIENTED_EDGE('',*,*,#6978,.T.);
#9063=ORIENTED_EDGE('',*,*,#6979,.F.);
#9064=ORIENTED_EDGE('',*,*,#6980,.T.);
#9065=ORIENTED_EDGE('',*,*,#6981,.T.);
#9066=ORIENTED_EDGE('',*,*,#6982,.T.);
#9067=ORIENTED_EDGE('',*,*,#6817,.T.);
#9068=ORIENTED_EDGE('',*,*,#6980,.F.);
#9069=ORIENTED_EDGE('',*,*,#6816,.F.);
#9070=ORIENTED_EDGE('',*,*,#6983,.T.);
#9071=ORIENTED_EDGE('',*,*,#6984,.F.);
#9072=ORIENTED_EDGE('',*,*,#6985,.F.);
#9073=ORIENTED_EDGE('',*,*,#6986,.T.);
#9074=ORIENTED_EDGE('',*,*,#6987,.F.);
#9075=ORIENTED_EDGE('',*,*,#6988,.T.);
#9076=ORIENTED_EDGE('',*,*,#6989,.T.);
#9077=ORIENTED_EDGE('',*,*,#6990,.T.);
#9078=ORIENTED_EDGE('',*,*,#6813,.T.);
#9079=ORIENTED_EDGE('',*,*,#6988,.F.);
#9080=ORIENTED_EDGE('',*,*,#6812,.F.);
#9081=ORIENTED_EDGE('',*,*,#6991,.T.);
#9082=ORIENTED_EDGE('',*,*,#6992,.F.);
#9083=ORIENTED_EDGE('',*,*,#6993,.F.);
#9084=ORIENTED_EDGE('',*,*,#6994,.T.);
#9085=ORIENTED_EDGE('',*,*,#6995,.F.);
#9086=ORIENTED_EDGE('',*,*,#6996,.T.);
#9087=ORIENTED_EDGE('',*,*,#6997,.T.);
#9088=ORIENTED_EDGE('',*,*,#6998,.T.);
#9089=ORIENTED_EDGE('',*,*,#6809,.T.);
#9090=ORIENTED_EDGE('',*,*,#6998,.F.);
#9091=ORIENTED_EDGE('',*,*,#6999,.F.);
#9092=ORIENTED_EDGE('',*,*,#7000,.T.);
#9093=ORIENTED_EDGE('',*,*,#7001,.F.);
#9094=ORIENTED_EDGE('',*,*,#7002,.F.);
#9095=ORIENTED_EDGE('',*,*,#7003,.F.);
#9096=ORIENTED_EDGE('',*,*,#6810,.F.);
#9097=ORIENTED_EDGE('',*,*,#7004,.F.);
#9098=ORIENTED_EDGE('',*,*,#7005,.T.);
#9099=ORIENTED_EDGE('',*,*,#7006,.F.);
#9100=ORIENTED_EDGE('',*,*,#7005,.F.);
#9101=ORIENTED_EDGE('',*,*,#7007,.F.);
#9102=ORIENTED_EDGE('',*,*,#7008,.T.);
#9103=ORIENTED_EDGE('',*,*,#7009,.F.);
#9104=ORIENTED_EDGE('',*,*,#7008,.F.);
#9105=ORIENTED_EDGE('',*,*,#7010,.F.);
#9106=ORIENTED_EDGE('',*,*,#7011,.F.);
#9107=ORIENTED_EDGE('',*,*,#7012,.F.);
#9108=ORIENTED_EDGE('',*,*,#7013,.F.);
#9109=ORIENTED_EDGE('',*,*,#7014,.F.);
#9110=ORIENTED_EDGE('',*,*,#7015,.T.);
#9111=ORIENTED_EDGE('',*,*,#7016,.T.);
#9112=ORIENTED_EDGE('',*,*,#7011,.T.);
#9113=ORIENTED_EDGE('',*,*,#7017,.F.);
#9114=ORIENTED_EDGE('',*,*,#7018,.F.);
#9115=ORIENTED_EDGE('',*,*,#7019,.T.);
#9116=ORIENTED_EDGE('',*,*,#7015,.F.);
#9117=ORIENTED_EDGE('',*,*,#7020,.F.);
#9118=ORIENTED_EDGE('',*,*,#7021,.T.);
#9119=ORIENTED_EDGE('',*,*,#7022,.T.);
#9120=ORIENTED_EDGE('',*,*,#7023,.T.);
#9121=ORIENTED_EDGE('',*,*,#7024,.F.);
#9122=ORIENTED_EDGE('',*,*,#7025,.F.);
#9123=ORIENTED_EDGE('',*,*,#7013,.T.);
#9124=ORIENTED_EDGE('',*,*,#7026,.T.);
#9125=ORIENTED_EDGE('',*,*,#7018,.T.);
#9126=ORIENTED_EDGE('',*,*,#7027,.F.);
#9127=ORIENTED_EDGE('',*,*,#7028,.F.);
#9128=ORIENTED_EDGE('',*,*,#7029,.T.);
#9129=ORIENTED_EDGE('',*,*,#6802,.T.);
#9130=ORIENTED_EDGE('',*,*,#7030,.T.);
#9131=ORIENTED_EDGE('',*,*,#7031,.T.);
#9132=ORIENTED_EDGE('',*,*,#7032,.T.);
#9133=ORIENTED_EDGE('',*,*,#6920,.T.);
#9134=ORIENTED_EDGE('',*,*,#7033,.T.);
#9135=ORIENTED_EDGE('',*,*,#7034,.T.);
#9136=ORIENTED_EDGE('',*,*,#7035,.T.);
#9137=ORIENTED_EDGE('',*,*,#6928,.T.);
#9138=ORIENTED_EDGE('',*,*,#7036,.T.);
#9139=ORIENTED_EDGE('',*,*,#7037,.T.);
#9140=ORIENTED_EDGE('',*,*,#7038,.T.);
#9141=ORIENTED_EDGE('',*,*,#6936,.T.);
#9142=ORIENTED_EDGE('',*,*,#7039,.T.);
#9143=ORIENTED_EDGE('',*,*,#7040,.T.);
#9144=ORIENTED_EDGE('',*,*,#7041,.T.);
#9145=ORIENTED_EDGE('',*,*,#6944,.T.);
#9146=ORIENTED_EDGE('',*,*,#7042,.T.);
#9147=ORIENTED_EDGE('',*,*,#7043,.T.);
#9148=ORIENTED_EDGE('',*,*,#7044,.T.);
#9149=ORIENTED_EDGE('',*,*,#6952,.T.);
#9150=ORIENTED_EDGE('',*,*,#7045,.T.);
#9151=ORIENTED_EDGE('',*,*,#7046,.T.);
#9152=ORIENTED_EDGE('',*,*,#7047,.T.);
#9153=ORIENTED_EDGE('',*,*,#6960,.T.);
#9154=ORIENTED_EDGE('',*,*,#7048,.T.);
#9155=ORIENTED_EDGE('',*,*,#7049,.T.);
#9156=ORIENTED_EDGE('',*,*,#7050,.T.);
#9157=ORIENTED_EDGE('',*,*,#6968,.T.);
#9158=ORIENTED_EDGE('',*,*,#7051,.T.);
#9159=ORIENTED_EDGE('',*,*,#7052,.T.);
#9160=ORIENTED_EDGE('',*,*,#7053,.T.);
#9161=ORIENTED_EDGE('',*,*,#6976,.T.);
#9162=ORIENTED_EDGE('',*,*,#7054,.T.);
#9163=ORIENTED_EDGE('',*,*,#7055,.T.);
#9164=ORIENTED_EDGE('',*,*,#7056,.T.);
#9165=ORIENTED_EDGE('',*,*,#6984,.T.);
#9166=ORIENTED_EDGE('',*,*,#7057,.T.);
#9167=ORIENTED_EDGE('',*,*,#7058,.T.);
#9168=ORIENTED_EDGE('',*,*,#7059,.T.);
#9169=ORIENTED_EDGE('',*,*,#6992,.T.);
#9170=ORIENTED_EDGE('',*,*,#7060,.T.);
#9171=ORIENTED_EDGE('',*,*,#7002,.T.);
#9172=ORIENTED_EDGE('',*,*,#7061,.T.);
#9173=ORIENTED_EDGE('',*,*,#7062,.T.);
#9174=ORIENTED_EDGE('',*,*,#7063,.T.);
#9175=ORIENTED_EDGE('',*,*,#7064,.T.);
#9176=ORIENTED_EDGE('',*,*,#7065,.T.);
#9177=ORIENTED_EDGE('',*,*,#7066,.T.);
#9178=ORIENTED_EDGE('',*,*,#7067,.T.);
#9179=ORIENTED_EDGE('',*,*,#7068,.T.);
#9180=ORIENTED_EDGE('',*,*,#7069,.T.);
#9181=ORIENTED_EDGE('',*,*,#7070,.T.);
#9182=ORIENTED_EDGE('',*,*,#7071,.T.);
#9183=ORIENTED_EDGE('',*,*,#7072,.T.);
#9184=ORIENTED_EDGE('',*,*,#7073,.T.);
#9185=ORIENTED_EDGE('',*,*,#7074,.T.);
#9186=ORIENTED_EDGE('',*,*,#7075,.T.);
#9187=ORIENTED_EDGE('',*,*,#7076,.T.);
#9188=ORIENTED_EDGE('',*,*,#7077,.T.);
#9189=ORIENTED_EDGE('',*,*,#7078,.T.);
#9190=ORIENTED_EDGE('',*,*,#7079,.T.);
#9191=ORIENTED_EDGE('',*,*,#7080,.T.);
#9192=ORIENTED_EDGE('',*,*,#7081,.T.);
#9193=ORIENTED_EDGE('',*,*,#7082,.T.);
#9194=ORIENTED_EDGE('',*,*,#7083,.T.);
#9195=ORIENTED_EDGE('',*,*,#7084,.T.);
#9196=ORIENTED_EDGE('',*,*,#7085,.T.);
#9197=ORIENTED_EDGE('',*,*,#7086,.T.);
#9198=ORIENTED_EDGE('',*,*,#7087,.T.);
#9199=ORIENTED_EDGE('',*,*,#7088,.T.);
#9200=ORIENTED_EDGE('',*,*,#7089,.T.);
#9201=ORIENTED_EDGE('',*,*,#7090,.T.);
#9202=ORIENTED_EDGE('',*,*,#7091,.T.);
#9203=ORIENTED_EDGE('',*,*,#7092,.T.);
#9204=ORIENTED_EDGE('',*,*,#7093,.T.);
#9205=ORIENTED_EDGE('',*,*,#7094,.T.);
#9206=ORIENTED_EDGE('',*,*,#7095,.T.);
#9207=ORIENTED_EDGE('',*,*,#7096,.T.);
#9208=ORIENTED_EDGE('',*,*,#7097,.T.);
#9209=ORIENTED_EDGE('',*,*,#7098,.T.);
#9210=ORIENTED_EDGE('',*,*,#7099,.T.);
#9211=ORIENTED_EDGE('',*,*,#7100,.T.);
#9212=ORIENTED_EDGE('',*,*,#7101,.T.);
#9213=ORIENTED_EDGE('',*,*,#7102,.T.);
#9214=ORIENTED_EDGE('',*,*,#7103,.T.);
#9215=ORIENTED_EDGE('',*,*,#7104,.T.);
#9216=ORIENTED_EDGE('',*,*,#7105,.T.);
#9217=ORIENTED_EDGE('',*,*,#7106,.T.);
#9218=ORIENTED_EDGE('',*,*,#7107,.T.);
#9219=ORIENTED_EDGE('',*,*,#7108,.T.);
#9220=ORIENTED_EDGE('',*,*,#7109,.T.);
#9221=ORIENTED_EDGE('',*,*,#7110,.T.);
#9222=ORIENTED_EDGE('',*,*,#7111,.T.);
#9223=ORIENTED_EDGE('',*,*,#7112,.T.);
#9224=ORIENTED_EDGE('',*,*,#7113,.T.);
#9225=ORIENTED_EDGE('',*,*,#7114,.T.);
#9226=ORIENTED_EDGE('',*,*,#7115,.T.);
#9227=ORIENTED_EDGE('',*,*,#7116,.T.);
#9228=ORIENTED_EDGE('',*,*,#7117,.T.);
#9229=ORIENTED_EDGE('',*,*,#7118,.T.);
#9230=ORIENTED_EDGE('',*,*,#7119,.T.);
#9231=ORIENTED_EDGE('',*,*,#7120,.T.);
#9232=ORIENTED_EDGE('',*,*,#7121,.T.);
#9233=ORIENTED_EDGE('',*,*,#7122,.T.);
#9234=ORIENTED_EDGE('',*,*,#7123,.T.);
#9235=ORIENTED_EDGE('',*,*,#7124,.T.);
#9236=ORIENTED_EDGE('',*,*,#7125,.T.);
#9237=ORIENTED_EDGE('',*,*,#7126,.T.);
#9238=ORIENTED_EDGE('',*,*,#7127,.T.);
#9239=ORIENTED_EDGE('',*,*,#7128,.F.);
#9240=ORIENTED_EDGE('',*,*,#7129,.T.);
#9241=ORIENTED_EDGE('',*,*,#7130,.F.);
#9242=ORIENTED_EDGE('',*,*,#7129,.F.);
#9243=ORIENTED_EDGE('',*,*,#7131,.F.);
#9244=ORIENTED_EDGE('',*,*,#7132,.T.);
#9245=ORIENTED_EDGE('',*,*,#7133,.F.);
#9246=ORIENTED_EDGE('',*,*,#7132,.F.);
#9247=ORIENTED_EDGE('',*,*,#7134,.F.);
#9248=ORIENTED_EDGE('',*,*,#7135,.T.);
#9249=ORIENTED_EDGE('',*,*,#7136,.F.);
#9250=ORIENTED_EDGE('',*,*,#7135,.F.);
#9251=ORIENTED_EDGE('',*,*,#7137,.F.);
#9252=ORIENTED_EDGE('',*,*,#7138,.T.);
#9253=ORIENTED_EDGE('',*,*,#7139,.F.);
#9254=ORIENTED_EDGE('',*,*,#7138,.F.);
#9255=ORIENTED_EDGE('',*,*,#7026,.F.);
#9256=ORIENTED_EDGE('',*,*,#7012,.T.);
#9257=ORIENTED_EDGE('',*,*,#7016,.F.);
#9258=ORIENTED_EDGE('',*,*,#7019,.F.);
#9259=ORIENTED_EDGE('',*,*,#7128,.T.);
#9260=ORIENTED_EDGE('',*,*,#7131,.T.);
#9261=ORIENTED_EDGE('',*,*,#7134,.T.);
#9262=ORIENTED_EDGE('',*,*,#7137,.T.);
#9263=ORIENTED_EDGE('',*,*,#7140,.F.);
#9264=ORIENTED_EDGE('',*,*,#7141,.F.);
#9265=ORIENTED_EDGE('',*,*,#7142,.F.);
#9266=ORIENTED_EDGE('',*,*,#7143,.T.);
#9267=ORIENTED_EDGE('',*,*,#7030,.F.);
#9268=ORIENTED_EDGE('',*,*,#6801,.F.);
#9269=ORIENTED_EDGE('',*,*,#6851,.F.);
#9270=ORIENTED_EDGE('',*,*,#7144,.T.);
#9271=ORIENTED_EDGE('',*,*,#7145,.F.);
#9272=ORIENTED_EDGE('',*,*,#7146,.F.);
#9273=ORIENTED_EDGE('',*,*,#7147,.F.);
#9274=ORIENTED_EDGE('',*,*,#6804,.F.);
#9275=ORIENTED_EDGE('',*,*,#6918,.F.);
#9276=ORIENTED_EDGE('',*,*,#7148,.F.);
#9277=ORIENTED_EDGE('',*,*,#7146,.T.);
#9278=ORIENTED_EDGE('',*,*,#7149,.F.);
#9279=ORIENTED_EDGE('',*,*,#7031,.F.);
#9280=ORIENTED_EDGE('',*,*,#7144,.F.);
#9281=ORIENTED_EDGE('',*,*,#6850,.F.);
#9282=ORIENTED_EDGE('',*,*,#7125,.F.);
#9283=ORIENTED_EDGE('',*,*,#7150,.F.);
#9284=ORIENTED_EDGE('',*,*,#6855,.F.);
#9285=ORIENTED_EDGE('',*,*,#7151,.T.);
#9286=ORIENTED_EDGE('',*,*,#7124,.F.);
#9287=ORIENTED_EDGE('',*,*,#7152,.F.);
#9288=ORIENTED_EDGE('',*,*,#6852,.F.);
#9289=ORIENTED_EDGE('',*,*,#7150,.T.);
#9290=ORIENTED_EDGE('',*,*,#7127,.F.);
#9291=ORIENTED_EDGE('',*,*,#7153,.F.);
#9292=ORIENTED_EDGE('',*,*,#6853,.F.);
#9293=ORIENTED_EDGE('',*,*,#7152,.T.);
#9294=ORIENTED_EDGE('',*,*,#7126,.F.);
#9295=ORIENTED_EDGE('',*,*,#7151,.F.);
#9296=ORIENTED_EDGE('',*,*,#6854,.F.);
#9297=ORIENTED_EDGE('',*,*,#7153,.T.);
#9298=ORIENTED_EDGE('',*,*,#7033,.F.);
#9299=ORIENTED_EDGE('',*,*,#6919,.F.);
#9300=ORIENTED_EDGE('',*,*,#6847,.F.);
#9301=ORIENTED_EDGE('',*,*,#7154,.T.);
#9302=ORIENTED_EDGE('',*,*,#7155,.F.);
#9303=ORIENTED_EDGE('',*,*,#7156,.F.);
#9304=ORIENTED_EDGE('',*,*,#7157,.F.);
#9305=ORIENTED_EDGE('',*,*,#6922,.F.);
#9306=ORIENTED_EDGE('',*,*,#6926,.F.);
#9307=ORIENTED_EDGE('',*,*,#7158,.F.);
#9308=ORIENTED_EDGE('',*,*,#7156,.T.);
#9309=ORIENTED_EDGE('',*,*,#7159,.F.);
#9310=ORIENTED_EDGE('',*,*,#7034,.F.);
#9311=ORIENTED_EDGE('',*,*,#7154,.F.);
#9312=ORIENTED_EDGE('',*,*,#6846,.F.);
#9313=ORIENTED_EDGE('',*,*,#7121,.F.);
#9314=ORIENTED_EDGE('',*,*,#7160,.F.);
#9315=ORIENTED_EDGE('',*,*,#6859,.F.);
#9316=ORIENTED_EDGE('',*,*,#7161,.T.);
#9317=ORIENTED_EDGE('',*,*,#7120,.F.);
#9318=ORIENTED_EDGE('',*,*,#7162,.F.);
#9319=ORIENTED_EDGE('',*,*,#6856,.F.);
#9320=ORIENTED_EDGE('',*,*,#7160,.T.);
#9321=ORIENTED_EDGE('',*,*,#7123,.F.);
#9322=ORIENTED_EDGE('',*,*,#7163,.F.);
#9323=ORIENTED_EDGE('',*,*,#6857,.F.);
#9324=ORIENTED_EDGE('',*,*,#7162,.T.);
#9325=ORIENTED_EDGE('',*,*,#7122,.F.);
#9326=ORIENTED_EDGE('',*,*,#7161,.F.);
#9327=ORIENTED_EDGE('',*,*,#6858,.F.);
#9328=ORIENTED_EDGE('',*,*,#7163,.T.);
#9329=ORIENTED_EDGE('',*,*,#7036,.F.);
#9330=ORIENTED_EDGE('',*,*,#6927,.F.);
#9331=ORIENTED_EDGE('',*,*,#6843,.F.);
#9332=ORIENTED_EDGE('',*,*,#7164,.T.);
#9333=ORIENTED_EDGE('',*,*,#7165,.F.);
#9334=ORIENTED_EDGE('',*,*,#7166,.F.);
#9335=ORIENTED_EDGE('',*,*,#7167,.F.);
#9336=ORIENTED_EDGE('',*,*,#6930,.F.);
#9337=ORIENTED_EDGE('',*,*,#6934,.F.);
#9338=ORIENTED_EDGE('',*,*,#7168,.F.);
#9339=ORIENTED_EDGE('',*,*,#7166,.T.);
#9340=ORIENTED_EDGE('',*,*,#7169,.F.);
#9341=ORIENTED_EDGE('',*,*,#7037,.F.);
#9342=ORIENTED_EDGE('',*,*,#7164,.F.);
#9343=ORIENTED_EDGE('',*,*,#6842,.F.);
#9344=ORIENTED_EDGE('',*,*,#7117,.F.);
#9345=ORIENTED_EDGE('',*,*,#7170,.F.);
#9346=ORIENTED_EDGE('',*,*,#6863,.F.);
#9347=ORIENTED_EDGE('',*,*,#7171,.T.);
#9348=ORIENTED_EDGE('',*,*,#7116,.F.);
#9349=ORIENTED_EDGE('',*,*,#7172,.F.);
#9350=ORIENTED_EDGE('',*,*,#6860,.F.);
#9351=ORIENTED_EDGE('',*,*,#7170,.T.);
#9352=ORIENTED_EDGE('',*,*,#7119,.F.);
#9353=ORIENTED_EDGE('',*,*,#7173,.F.);
#9354=ORIENTED_EDGE('',*,*,#6861,.F.);
#9355=ORIENTED_EDGE('',*,*,#7172,.T.);
#9356=ORIENTED_EDGE('',*,*,#7118,.F.);
#9357=ORIENTED_EDGE('',*,*,#7171,.F.);
#9358=ORIENTED_EDGE('',*,*,#6862,.F.);
#9359=ORIENTED_EDGE('',*,*,#7173,.T.);
#9360=ORIENTED_EDGE('',*,*,#7039,.F.);
#9361=ORIENTED_EDGE('',*,*,#6935,.F.);
#9362=ORIENTED_EDGE('',*,*,#6839,.F.);
#9363=ORIENTED_EDGE('',*,*,#7174,.T.);
#9364=ORIENTED_EDGE('',*,*,#7175,.F.);
#9365=ORIENTED_EDGE('',*,*,#7176,.F.);
#9366=ORIENTED_EDGE('',*,*,#7177,.F.);
#9367=ORIENTED_EDGE('',*,*,#6938,.F.);
#9368=ORIENTED_EDGE('',*,*,#6942,.F.);
#9369=ORIENTED_EDGE('',*,*,#7178,.F.);
#9370=ORIENTED_EDGE('',*,*,#7176,.T.);
#9371=ORIENTED_EDGE('',*,*,#7179,.F.);
#9372=ORIENTED_EDGE('',*,*,#7040,.F.);
#9373=ORIENTED_EDGE('',*,*,#7174,.F.);
#9374=ORIENTED_EDGE('',*,*,#6838,.F.);
#9375=ORIENTED_EDGE('',*,*,#7113,.F.);
#9376=ORIENTED_EDGE('',*,*,#7180,.F.);
#9377=ORIENTED_EDGE('',*,*,#6867,.F.);
#9378=ORIENTED_EDGE('',*,*,#7181,.T.);
#9379=ORIENTED_EDGE('',*,*,#7112,.F.);
#9380=ORIENTED_EDGE('',*,*,#7182,.F.);
#9381=ORIENTED_EDGE('',*,*,#6864,.F.);
#9382=ORIENTED_EDGE('',*,*,#7180,.T.);
#9383=ORIENTED_EDGE('',*,*,#7115,.F.);
#9384=ORIENTED_EDGE('',*,*,#7183,.F.);
#9385=ORIENTED_EDGE('',*,*,#6865,.F.);
#9386=ORIENTED_EDGE('',*,*,#7182,.T.);
#9387=ORIENTED_EDGE('',*,*,#7114,.F.);
#9388=ORIENTED_EDGE('',*,*,#7181,.F.);
#9389=ORIENTED_EDGE('',*,*,#6866,.F.);
#9390=ORIENTED_EDGE('',*,*,#7183,.T.);
#9391=ORIENTED_EDGE('',*,*,#7042,.F.);
#9392=ORIENTED_EDGE('',*,*,#6943,.F.);
#9393=ORIENTED_EDGE('',*,*,#6835,.F.);
#9394=ORIENTED_EDGE('',*,*,#7184,.T.);
#9395=ORIENTED_EDGE('',*,*,#7185,.F.);
#9396=ORIENTED_EDGE('',*,*,#7186,.F.);
#9397=ORIENTED_EDGE('',*,*,#7187,.F.);
#9398=ORIENTED_EDGE('',*,*,#6946,.F.);
#9399=ORIENTED_EDGE('',*,*,#6950,.F.);
#9400=ORIENTED_EDGE('',*,*,#7188,.F.);
#9401=ORIENTED_EDGE('',*,*,#7186,.T.);
#9402=ORIENTED_EDGE('',*,*,#7189,.F.);
#9403=ORIENTED_EDGE('',*,*,#7043,.F.);
#9404=ORIENTED_EDGE('',*,*,#7184,.F.);
#9405=ORIENTED_EDGE('',*,*,#6834,.F.);
#9406=ORIENTED_EDGE('',*,*,#7109,.F.);
#9407=ORIENTED_EDGE('',*,*,#7190,.F.);
#9408=ORIENTED_EDGE('',*,*,#6871,.F.);
#9409=ORIENTED_EDGE('',*,*,#7191,.T.);
#9410=ORIENTED_EDGE('',*,*,#7108,.F.);
#9411=ORIENTED_EDGE('',*,*,#7192,.F.);
#9412=ORIENTED_EDGE('',*,*,#6868,.F.);
#9413=ORIENTED_EDGE('',*,*,#7190,.T.);
#9414=ORIENTED_EDGE('',*,*,#7111,.F.);
#9415=ORIENTED_EDGE('',*,*,#7193,.F.);
#9416=ORIENTED_EDGE('',*,*,#6869,.F.);
#9417=ORIENTED_EDGE('',*,*,#7192,.T.);
#9418=ORIENTED_EDGE('',*,*,#7110,.F.);
#9419=ORIENTED_EDGE('',*,*,#7191,.F.);
#9420=ORIENTED_EDGE('',*,*,#6870,.F.);
#9421=ORIENTED_EDGE('',*,*,#7193,.T.);
#9422=ORIENTED_EDGE('',*,*,#7045,.F.);
#9423=ORIENTED_EDGE('',*,*,#6951,.F.);
#9424=ORIENTED_EDGE('',*,*,#6831,.F.);
#9425=ORIENTED_EDGE('',*,*,#7194,.T.);
#9426=ORIENTED_EDGE('',*,*,#7195,.F.);
#9427=ORIENTED_EDGE('',*,*,#7196,.F.);
#9428=ORIENTED_EDGE('',*,*,#7197,.F.);
#9429=ORIENTED_EDGE('',*,*,#6954,.F.);
#9430=ORIENTED_EDGE('',*,*,#6958,.F.);
#9431=ORIENTED_EDGE('',*,*,#7198,.F.);
#9432=ORIENTED_EDGE('',*,*,#7196,.T.);
#9433=ORIENTED_EDGE('',*,*,#7199,.F.);
#9434=ORIENTED_EDGE('',*,*,#7046,.F.);
#9435=ORIENTED_EDGE('',*,*,#7194,.F.);
#9436=ORIENTED_EDGE('',*,*,#6830,.F.);
#9437=ORIENTED_EDGE('',*,*,#7105,.F.);
#9438=ORIENTED_EDGE('',*,*,#7200,.F.);
#9439=ORIENTED_EDGE('',*,*,#6875,.F.);
#9440=ORIENTED_EDGE('',*,*,#7201,.T.);
#9441=ORIENTED_EDGE('',*,*,#7104,.F.);
#9442=ORIENTED_EDGE('',*,*,#7202,.F.);
#9443=ORIENTED_EDGE('',*,*,#6872,.F.);
#9444=ORIENTED_EDGE('',*,*,#7200,.T.);
#9445=ORIENTED_EDGE('',*,*,#7107,.F.);
#9446=ORIENTED_EDGE('',*,*,#7203,.F.);
#9447=ORIENTED_EDGE('',*,*,#6873,.F.);
#9448=ORIENTED_EDGE('',*,*,#7202,.T.);
#9449=ORIENTED_EDGE('',*,*,#7106,.F.);
#9450=ORIENTED_EDGE('',*,*,#7201,.F.);
#9451=ORIENTED_EDGE('',*,*,#6874,.F.);
#9452=ORIENTED_EDGE('',*,*,#7203,.T.);
#9453=ORIENTED_EDGE('',*,*,#7048,.F.);
#9454=ORIENTED_EDGE('',*,*,#6959,.F.);
#9455=ORIENTED_EDGE('',*,*,#6827,.F.);
#9456=ORIENTED_EDGE('',*,*,#7204,.T.);
#9457=ORIENTED_EDGE('',*,*,#7205,.F.);
#9458=ORIENTED_EDGE('',*,*,#7206,.F.);
#9459=ORIENTED_EDGE('',*,*,#7207,.F.);
#9460=ORIENTED_EDGE('',*,*,#6962,.F.);
#9461=ORIENTED_EDGE('',*,*,#6966,.F.);
#9462=ORIENTED_EDGE('',*,*,#7208,.F.);
#9463=ORIENTED_EDGE('',*,*,#7206,.T.);
#9464=ORIENTED_EDGE('',*,*,#7209,.F.);
#9465=ORIENTED_EDGE('',*,*,#7049,.F.);
#9466=ORIENTED_EDGE('',*,*,#7204,.F.);
#9467=ORIENTED_EDGE('',*,*,#6826,.F.);
#9468=ORIENTED_EDGE('',*,*,#7101,.F.);
#9469=ORIENTED_EDGE('',*,*,#7210,.F.);
#9470=ORIENTED_EDGE('',*,*,#6879,.F.);
#9471=ORIENTED_EDGE('',*,*,#7211,.T.);
#9472=ORIENTED_EDGE('',*,*,#7100,.F.);
#9473=ORIENTED_EDGE('',*,*,#7212,.F.);
#9474=ORIENTED_EDGE('',*,*,#6876,.F.);
#9475=ORIENTED_EDGE('',*,*,#7210,.T.);
#9476=ORIENTED_EDGE('',*,*,#7103,.F.);
#9477=ORIENTED_EDGE('',*,*,#7213,.F.);
#9478=ORIENTED_EDGE('',*,*,#6877,.F.);
#9479=ORIENTED_EDGE('',*,*,#7212,.T.);
#9480=ORIENTED_EDGE('',*,*,#7102,.F.);
#9481=ORIENTED_EDGE('',*,*,#7211,.F.);
#9482=ORIENTED_EDGE('',*,*,#6878,.F.);
#9483=ORIENTED_EDGE('',*,*,#7213,.T.);
#9484=ORIENTED_EDGE('',*,*,#7051,.F.);
#9485=ORIENTED_EDGE('',*,*,#6967,.F.);
#9486=ORIENTED_EDGE('',*,*,#6823,.F.);
#9487=ORIENTED_EDGE('',*,*,#7214,.T.);
#9488=ORIENTED_EDGE('',*,*,#7215,.F.);
#9489=ORIENTED_EDGE('',*,*,#7216,.F.);
#9490=ORIENTED_EDGE('',*,*,#7217,.F.);
#9491=ORIENTED_EDGE('',*,*,#6970,.F.);
#9492=ORIENTED_EDGE('',*,*,#6974,.F.);
#9493=ORIENTED_EDGE('',*,*,#7218,.F.);
#9494=ORIENTED_EDGE('',*,*,#7216,.T.);
#9495=ORIENTED_EDGE('',*,*,#7219,.F.);
#9496=ORIENTED_EDGE('',*,*,#7052,.F.);
#9497=ORIENTED_EDGE('',*,*,#7214,.F.);
#9498=ORIENTED_EDGE('',*,*,#6822,.F.);
#9499=ORIENTED_EDGE('',*,*,#7097,.F.);
#9500=ORIENTED_EDGE('',*,*,#7220,.F.);
#9501=ORIENTED_EDGE('',*,*,#6883,.F.);
#9502=ORIENTED_EDGE('',*,*,#7221,.T.);
#9503=ORIENTED_EDGE('',*,*,#7096,.F.);
#9504=ORIENTED_EDGE('',*,*,#7222,.F.);
#9505=ORIENTED_EDGE('',*,*,#6880,.F.);
#9506=ORIENTED_EDGE('',*,*,#7220,.T.);
#9507=ORIENTED_EDGE('',*,*,#7099,.F.);
#9508=ORIENTED_EDGE('',*,*,#7223,.F.);
#9509=ORIENTED_EDGE('',*,*,#6881,.F.);
#9510=ORIENTED_EDGE('',*,*,#7222,.T.);
#9511=ORIENTED_EDGE('',*,*,#7098,.F.);
#9512=ORIENTED_EDGE('',*,*,#7221,.F.);
#9513=ORIENTED_EDGE('',*,*,#6882,.F.);
#9514=ORIENTED_EDGE('',*,*,#7223,.T.);
#9515=ORIENTED_EDGE('',*,*,#7054,.F.);
#9516=ORIENTED_EDGE('',*,*,#6975,.F.);
#9517=ORIENTED_EDGE('',*,*,#6819,.F.);
#9518=ORIENTED_EDGE('',*,*,#7224,.T.);
#9519=ORIENTED_EDGE('',*,*,#7225,.F.);
#9520=ORIENTED_EDGE('',*,*,#7226,.F.);
#9521=ORIENTED_EDGE('',*,*,#7227,.F.);
#9522=ORIENTED_EDGE('',*,*,#6978,.F.);
#9523=ORIENTED_EDGE('',*,*,#6982,.F.);
#9524=ORIENTED_EDGE('',*,*,#7228,.F.);
#9525=ORIENTED_EDGE('',*,*,#7226,.T.);
#9526=ORIENTED_EDGE('',*,*,#7229,.F.);
#9527=ORIENTED_EDGE('',*,*,#7055,.F.);
#9528=ORIENTED_EDGE('',*,*,#7224,.F.);
#9529=ORIENTED_EDGE('',*,*,#6818,.F.);
#9530=ORIENTED_EDGE('',*,*,#7093,.F.);
#9531=ORIENTED_EDGE('',*,*,#7230,.F.);
#9532=ORIENTED_EDGE('',*,*,#6887,.F.);
#9533=ORIENTED_EDGE('',*,*,#7231,.T.);
#9534=ORIENTED_EDGE('',*,*,#7092,.F.);
#9535=ORIENTED_EDGE('',*,*,#7232,.F.);
#9536=ORIENTED_EDGE('',*,*,#6884,.F.);
#9537=ORIENTED_EDGE('',*,*,#7230,.T.);
#9538=ORIENTED_EDGE('',*,*,#7095,.F.);
#9539=ORIENTED_EDGE('',*,*,#7233,.F.);
#9540=ORIENTED_EDGE('',*,*,#6885,.F.);
#9541=ORIENTED_EDGE('',*,*,#7232,.T.);
#9542=ORIENTED_EDGE('',*,*,#7094,.F.);
#9543=ORIENTED_EDGE('',*,*,#7231,.F.);
#9544=ORIENTED_EDGE('',*,*,#6886,.F.);
#9545=ORIENTED_EDGE('',*,*,#7233,.T.);
#9546=ORIENTED_EDGE('',*,*,#7057,.F.);
#9547=ORIENTED_EDGE('',*,*,#6983,.F.);
#9548=ORIENTED_EDGE('',*,*,#6815,.F.);
#9549=ORIENTED_EDGE('',*,*,#7234,.T.);
#9550=ORIENTED_EDGE('',*,*,#7235,.F.);
#9551=ORIENTED_EDGE('',*,*,#7236,.F.);
#9552=ORIENTED_EDGE('',*,*,#7237,.F.);
#9553=ORIENTED_EDGE('',*,*,#6986,.F.);
#9554=ORIENTED_EDGE('',*,*,#6990,.F.);
#9555=ORIENTED_EDGE('',*,*,#7238,.F.);
#9556=ORIENTED_EDGE('',*,*,#7236,.T.);
#9557=ORIENTED_EDGE('',*,*,#7239,.F.);
#9558=ORIENTED_EDGE('',*,*,#7058,.F.);
#9559=ORIENTED_EDGE('',*,*,#7234,.F.);
#9560=ORIENTED_EDGE('',*,*,#6814,.F.);
#9561=ORIENTED_EDGE('',*,*,#7089,.F.);
#9562=ORIENTED_EDGE('',*,*,#7240,.F.);
#9563=ORIENTED_EDGE('',*,*,#6891,.F.);
#9564=ORIENTED_EDGE('',*,*,#7241,.T.);
#9565=ORIENTED_EDGE('',*,*,#7088,.F.);
#9566=ORIENTED_EDGE('',*,*,#7242,.F.);
#9567=ORIENTED_EDGE('',*,*,#6888,.F.);
#9568=ORIENTED_EDGE('',*,*,#7240,.T.);
#9569=ORIENTED_EDGE('',*,*,#7091,.F.);
#9570=ORIENTED_EDGE('',*,*,#7243,.F.);
#9571=ORIENTED_EDGE('',*,*,#6889,.F.);
#9572=ORIENTED_EDGE('',*,*,#7242,.T.);
#9573=ORIENTED_EDGE('',*,*,#7090,.F.);
#9574=ORIENTED_EDGE('',*,*,#7241,.F.);
#9575=ORIENTED_EDGE('',*,*,#6890,.F.);
#9576=ORIENTED_EDGE('',*,*,#7243,.T.);
#9577=ORIENTED_EDGE('',*,*,#7060,.F.);
#9578=ORIENTED_EDGE('',*,*,#6991,.F.);
#9579=ORIENTED_EDGE('',*,*,#6811,.F.);
#9580=ORIENTED_EDGE('',*,*,#7003,.T.);
#9581=ORIENTED_EDGE('',*,*,#7244,.F.);
#9582=ORIENTED_EDGE('',*,*,#7000,.F.);
#9583=ORIENTED_EDGE('',*,*,#7245,.F.);
#9584=ORIENTED_EDGE('',*,*,#6994,.F.);
#9585=ORIENTED_EDGE('',*,*,#7085,.F.);
#9586=ORIENTED_EDGE('',*,*,#7246,.F.);
#9587=ORIENTED_EDGE('',*,*,#6895,.F.);
#9588=ORIENTED_EDGE('',*,*,#7247,.T.);
#9589=ORIENTED_EDGE('',*,*,#7084,.F.);
#9590=ORIENTED_EDGE('',*,*,#7248,.F.);
#9591=ORIENTED_EDGE('',*,*,#6892,.F.);
#9592=ORIENTED_EDGE('',*,*,#7246,.T.);
#9593=ORIENTED_EDGE('',*,*,#7087,.F.);
#9594=ORIENTED_EDGE('',*,*,#7249,.F.);
#9595=ORIENTED_EDGE('',*,*,#6893,.F.);
#9596=ORIENTED_EDGE('',*,*,#7248,.T.);
#9597=ORIENTED_EDGE('',*,*,#7086,.F.);
#9598=ORIENTED_EDGE('',*,*,#7247,.F.);
#9599=ORIENTED_EDGE('',*,*,#6894,.F.);
#9600=ORIENTED_EDGE('',*,*,#7249,.T.);
#9601=ORIENTED_EDGE('',*,*,#7081,.F.);
#9602=ORIENTED_EDGE('',*,*,#7250,.F.);
#9603=ORIENTED_EDGE('',*,*,#6899,.F.);
#9604=ORIENTED_EDGE('',*,*,#7251,.T.);
#9605=ORIENTED_EDGE('',*,*,#7080,.F.);
#9606=ORIENTED_EDGE('',*,*,#7252,.F.);
#9607=ORIENTED_EDGE('',*,*,#6896,.F.);
#9608=ORIENTED_EDGE('',*,*,#7250,.T.);
#9609=ORIENTED_EDGE('',*,*,#7083,.F.);
#9610=ORIENTED_EDGE('',*,*,#7253,.F.);
#9611=ORIENTED_EDGE('',*,*,#6897,.F.);
#9612=ORIENTED_EDGE('',*,*,#7252,.T.);
#9613=ORIENTED_EDGE('',*,*,#7082,.F.);
#9614=ORIENTED_EDGE('',*,*,#7251,.F.);
#9615=ORIENTED_EDGE('',*,*,#6898,.F.);
#9616=ORIENTED_EDGE('',*,*,#7253,.T.);
#9617=ORIENTED_EDGE('',*,*,#7077,.F.);
#9618=ORIENTED_EDGE('',*,*,#7254,.F.);
#9619=ORIENTED_EDGE('',*,*,#6903,.F.);
#9620=ORIENTED_EDGE('',*,*,#7255,.T.);
#9621=ORIENTED_EDGE('',*,*,#7076,.F.);
#9622=ORIENTED_EDGE('',*,*,#7256,.F.);
#9623=ORIENTED_EDGE('',*,*,#6900,.F.);
#9624=ORIENTED_EDGE('',*,*,#7254,.T.);
#9625=ORIENTED_EDGE('',*,*,#7079,.F.);
#9626=ORIENTED_EDGE('',*,*,#7257,.F.);
#9627=ORIENTED_EDGE('',*,*,#6901,.F.);
#9628=ORIENTED_EDGE('',*,*,#7256,.T.);
#9629=ORIENTED_EDGE('',*,*,#7078,.F.);
#9630=ORIENTED_EDGE('',*,*,#7255,.F.);
#9631=ORIENTED_EDGE('',*,*,#6902,.F.);
#9632=ORIENTED_EDGE('',*,*,#7257,.T.);
#9633=ORIENTED_EDGE('',*,*,#7073,.F.);
#9634=ORIENTED_EDGE('',*,*,#7258,.F.);
#9635=ORIENTED_EDGE('',*,*,#6907,.F.);
#9636=ORIENTED_EDGE('',*,*,#7259,.T.);
#9637=ORIENTED_EDGE('',*,*,#7072,.F.);
#9638=ORIENTED_EDGE('',*,*,#7260,.F.);
#9639=ORIENTED_EDGE('',*,*,#6904,.F.);
#9640=ORIENTED_EDGE('',*,*,#7258,.T.);
#9641=ORIENTED_EDGE('',*,*,#7075,.F.);
#9642=ORIENTED_EDGE('',*,*,#7261,.F.);
#9643=ORIENTED_EDGE('',*,*,#6905,.F.);
#9644=ORIENTED_EDGE('',*,*,#7260,.T.);
#9645=ORIENTED_EDGE('',*,*,#7074,.F.);
#9646=ORIENTED_EDGE('',*,*,#7259,.F.);
#9647=ORIENTED_EDGE('',*,*,#6906,.F.);
#9648=ORIENTED_EDGE('',*,*,#7261,.T.);
#9649=ORIENTED_EDGE('',*,*,#7069,.F.);
#9650=ORIENTED_EDGE('',*,*,#7262,.F.);
#9651=ORIENTED_EDGE('',*,*,#6911,.F.);
#9652=ORIENTED_EDGE('',*,*,#7263,.T.);
#9653=ORIENTED_EDGE('',*,*,#7068,.F.);
#9654=ORIENTED_EDGE('',*,*,#7264,.F.);
#9655=ORIENTED_EDGE('',*,*,#6908,.F.);
#9656=ORIENTED_EDGE('',*,*,#7262,.T.);
#9657=ORIENTED_EDGE('',*,*,#7071,.F.);
#9658=ORIENTED_EDGE('',*,*,#7265,.F.);
#9659=ORIENTED_EDGE('',*,*,#6909,.F.);
#9660=ORIENTED_EDGE('',*,*,#7264,.T.);
#9661=ORIENTED_EDGE('',*,*,#7070,.F.);
#9662=ORIENTED_EDGE('',*,*,#7263,.F.);
#9663=ORIENTED_EDGE('',*,*,#6910,.F.);
#9664=ORIENTED_EDGE('',*,*,#7265,.T.);
#9665=ORIENTED_EDGE('',*,*,#7065,.F.);
#9666=ORIENTED_EDGE('',*,*,#7266,.F.);
#9667=ORIENTED_EDGE('',*,*,#6915,.F.);
#9668=ORIENTED_EDGE('',*,*,#7267,.T.);
#9669=ORIENTED_EDGE('',*,*,#7064,.F.);
#9670=ORIENTED_EDGE('',*,*,#7268,.F.);
#9671=ORIENTED_EDGE('',*,*,#6912,.F.);
#9672=ORIENTED_EDGE('',*,*,#7266,.T.);
#9673=ORIENTED_EDGE('',*,*,#7067,.F.);
#9674=ORIENTED_EDGE('',*,*,#7269,.F.);
#9675=ORIENTED_EDGE('',*,*,#6913,.F.);
#9676=ORIENTED_EDGE('',*,*,#7268,.T.);
#9677=ORIENTED_EDGE('',*,*,#7066,.F.);
#9678=ORIENTED_EDGE('',*,*,#7267,.F.);
#9679=ORIENTED_EDGE('',*,*,#6914,.F.);
#9680=ORIENTED_EDGE('',*,*,#7269,.T.);
#9681=ORIENTED_EDGE('',*,*,#6796,.F.);
#9682=ORIENTED_EDGE('',*,*,#7270,.T.);
#9683=ORIENTED_EDGE('',*,*,#7142,.T.);
#9684=ORIENTED_EDGE('',*,*,#7271,.T.);
#9685=ORIENTED_EDGE('',*,*,#7028,.T.);
#9686=ORIENTED_EDGE('',*,*,#7272,.F.);
#9687=ORIENTED_EDGE('',*,*,#6806,.T.);
#9688=ORIENTED_EDGE('',*,*,#7273,.F.);
#9689=ORIENTED_EDGE('',*,*,#7274,.T.);
#9690=ORIENTED_EDGE('',*,*,#7275,.T.);
#9691=ORIENTED_EDGE('',*,*,#7061,.F.);
#9692=ORIENTED_EDGE('',*,*,#7001,.T.);
#9693=ORIENTED_EDGE('',*,*,#7244,.T.);
#9694=ORIENTED_EDGE('',*,*,#6993,.T.);
#9695=ORIENTED_EDGE('',*,*,#7059,.F.);
#9696=ORIENTED_EDGE('',*,*,#7239,.T.);
#9697=ORIENTED_EDGE('',*,*,#7235,.T.);
#9698=ORIENTED_EDGE('',*,*,#6985,.T.);
#9699=ORIENTED_EDGE('',*,*,#7056,.F.);
#9700=ORIENTED_EDGE('',*,*,#7229,.T.);
#9701=ORIENTED_EDGE('',*,*,#7225,.T.);
#9702=ORIENTED_EDGE('',*,*,#6977,.T.);
#9703=ORIENTED_EDGE('',*,*,#7053,.F.);
#9704=ORIENTED_EDGE('',*,*,#7219,.T.);
#9705=ORIENTED_EDGE('',*,*,#7215,.T.);
#9706=ORIENTED_EDGE('',*,*,#6969,.T.);
#9707=ORIENTED_EDGE('',*,*,#7050,.F.);
#9708=ORIENTED_EDGE('',*,*,#7209,.T.);
#9709=ORIENTED_EDGE('',*,*,#7205,.T.);
#9710=ORIENTED_EDGE('',*,*,#6961,.T.);
#9711=ORIENTED_EDGE('',*,*,#7047,.F.);
#9712=ORIENTED_EDGE('',*,*,#7199,.T.);
#9713=ORIENTED_EDGE('',*,*,#7195,.T.);
#9714=ORIENTED_EDGE('',*,*,#6953,.T.);
#9715=ORIENTED_EDGE('',*,*,#7044,.F.);
#9716=ORIENTED_EDGE('',*,*,#7189,.T.);
#9717=ORIENTED_EDGE('',*,*,#7185,.T.);
#9718=ORIENTED_EDGE('',*,*,#6945,.T.);
#9719=ORIENTED_EDGE('',*,*,#7041,.F.);
#9720=ORIENTED_EDGE('',*,*,#7179,.T.);
#9721=ORIENTED_EDGE('',*,*,#7175,.T.);
#9722=ORIENTED_EDGE('',*,*,#6937,.T.);
#9723=ORIENTED_EDGE('',*,*,#7038,.F.);
#9724=ORIENTED_EDGE('',*,*,#7169,.T.);
#9725=ORIENTED_EDGE('',*,*,#7165,.T.);
#9726=ORIENTED_EDGE('',*,*,#6929,.T.);
#9727=ORIENTED_EDGE('',*,*,#7035,.F.);
#9728=ORIENTED_EDGE('',*,*,#7159,.T.);
#9729=ORIENTED_EDGE('',*,*,#7155,.T.);
#9730=ORIENTED_EDGE('',*,*,#6921,.T.);
#9731=ORIENTED_EDGE('',*,*,#7032,.F.);
#9732=ORIENTED_EDGE('',*,*,#7149,.T.);
#9733=ORIENTED_EDGE('',*,*,#7145,.T.);
#9734=ORIENTED_EDGE('',*,*,#6803,.T.);
#9735=ORIENTED_EDGE('',*,*,#7029,.F.);
#9736=ORIENTED_EDGE('',*,*,#7271,.F.);
#9737=ORIENTED_EDGE('',*,*,#7141,.T.);
#9738=ORIENTED_EDGE('',*,*,#7006,.T.);
#9739=ORIENTED_EDGE('',*,*,#7009,.T.);
#9740=ORIENTED_EDGE('',*,*,#7276,.F.);
#9741=ORIENTED_EDGE('',*,*,#7063,.F.);
#9742=ORIENTED_EDGE('',*,*,#7277,.F.);
#9743=ORIENTED_EDGE('',*,*,#7278,.T.);
#9744=ORIENTED_EDGE('',*,*,#7279,.F.);
#9745=ORIENTED_EDGE('',*,*,#7278,.F.);
#9746=ORIENTED_EDGE('',*,*,#7280,.F.);
#9747=ORIENTED_EDGE('',*,*,#7281,.T.);
#9748=ORIENTED_EDGE('',*,*,#7282,.F.);
#9749=ORIENTED_EDGE('',*,*,#7281,.F.);
#9750=ORIENTED_EDGE('',*,*,#7283,.F.);
#9751=ORIENTED_EDGE('',*,*,#7284,.T.);
#9752=ORIENTED_EDGE('',*,*,#7285,.F.);
#9753=ORIENTED_EDGE('',*,*,#7284,.F.);
#9754=ORIENTED_EDGE('',*,*,#7286,.F.);
#9755=ORIENTED_EDGE('',*,*,#7274,.F.);
#9756=ORIENTED_EDGE('',*,*,#7277,.T.);
#9757=ORIENTED_EDGE('',*,*,#7062,.F.);
#9758=ORIENTED_EDGE('',*,*,#7275,.F.);
#9759=ORIENTED_EDGE('',*,*,#7286,.T.);
#9760=ORIENTED_EDGE('',*,*,#7283,.T.);
#9761=ORIENTED_EDGE('',*,*,#7280,.T.);
#9762=ORIENTED_EDGE('',*,*,#7287,.T.);
#9763=ORIENTED_EDGE('',*,*,#7288,.T.);
#9764=ORIENTED_EDGE('',*,*,#7289,.T.);
#9765=ORIENTED_EDGE('',*,*,#7290,.T.);
#9766=ORIENTED_EDGE('',*,*,#7291,.T.);
#9767=ORIENTED_EDGE('',*,*,#7022,.F.);
#9768=ORIENTED_EDGE('',*,*,#7292,.T.);
#9769=ORIENTED_EDGE('',*,*,#7293,.T.);
#9770=ORIENTED_EDGE('',*,*,#7294,.T.);
#9771=ORIENTED_EDGE('',*,*,#7295,.T.);
#9772=ORIENTED_EDGE('',*,*,#7296,.T.);
#9773=ORIENTED_EDGE('',*,*,#7297,.F.);
#9774=ORIENTED_EDGE('',*,*,#7298,.T.);
#9775=ORIENTED_EDGE('',*,*,#7287,.F.);
#9776=ORIENTED_EDGE('',*,*,#7298,.F.);
#9777=ORIENTED_EDGE('',*,*,#7299,.F.);
#9778=ORIENTED_EDGE('',*,*,#7300,.T.);
#9779=ORIENTED_EDGE('',*,*,#7288,.F.);
#9780=ORIENTED_EDGE('',*,*,#7300,.F.);
#9781=ORIENTED_EDGE('',*,*,#7301,.F.);
#9782=ORIENTED_EDGE('',*,*,#7302,.T.);
#9783=ORIENTED_EDGE('',*,*,#7289,.F.);
#9784=ORIENTED_EDGE('',*,*,#7302,.F.);
#9785=ORIENTED_EDGE('',*,*,#7303,.F.);
#9786=ORIENTED_EDGE('',*,*,#7304,.T.);
#9787=ORIENTED_EDGE('',*,*,#7293,.F.);
#9788=ORIENTED_EDGE('',*,*,#7304,.F.);
#9789=ORIENTED_EDGE('',*,*,#7305,.F.);
#9790=ORIENTED_EDGE('',*,*,#7306,.T.);
#9791=ORIENTED_EDGE('',*,*,#7294,.F.);
#9792=ORIENTED_EDGE('',*,*,#7306,.F.);
#9793=ORIENTED_EDGE('',*,*,#7307,.F.);
#9794=ORIENTED_EDGE('',*,*,#7308,.T.);
#9795=ORIENTED_EDGE('',*,*,#7295,.F.);
#9796=ORIENTED_EDGE('',*,*,#7308,.F.);
#9797=ORIENTED_EDGE('',*,*,#7309,.F.);
#9798=ORIENTED_EDGE('',*,*,#7310,.T.);
#9799=ORIENTED_EDGE('',*,*,#7296,.F.);
#9800=ORIENTED_EDGE('',*,*,#7310,.F.);
#9801=ORIENTED_EDGE('',*,*,#6799,.F.);
#9802=ORIENTED_EDGE('',*,*,#6805,.T.);
#9803=ORIENTED_EDGE('',*,*,#7147,.T.);
#9804=ORIENTED_EDGE('',*,*,#7148,.T.);
#9805=ORIENTED_EDGE('',*,*,#6917,.F.);
#9806=ORIENTED_EDGE('',*,*,#6923,.T.);
#9807=ORIENTED_EDGE('',*,*,#7157,.T.);
#9808=ORIENTED_EDGE('',*,*,#7158,.T.);
#9809=ORIENTED_EDGE('',*,*,#6925,.F.);
#9810=ORIENTED_EDGE('',*,*,#6931,.T.);
#9811=ORIENTED_EDGE('',*,*,#7167,.T.);
#9812=ORIENTED_EDGE('',*,*,#7168,.T.);
#9813=ORIENTED_EDGE('',*,*,#6933,.F.);
#9814=ORIENTED_EDGE('',*,*,#6939,.T.);
#9815=ORIENTED_EDGE('',*,*,#7177,.T.);
#9816=ORIENTED_EDGE('',*,*,#7178,.T.);
#9817=ORIENTED_EDGE('',*,*,#6941,.F.);
#9818=ORIENTED_EDGE('',*,*,#6947,.T.);
#9819=ORIENTED_EDGE('',*,*,#7187,.T.);
#9820=ORIENTED_EDGE('',*,*,#7188,.T.);
#9821=ORIENTED_EDGE('',*,*,#6949,.F.);
#9822=ORIENTED_EDGE('',*,*,#6955,.T.);
#9823=ORIENTED_EDGE('',*,*,#7197,.T.);
#9824=ORIENTED_EDGE('',*,*,#7198,.T.);
#9825=ORIENTED_EDGE('',*,*,#6957,.F.);
#9826=ORIENTED_EDGE('',*,*,#6963,.T.);
#9827=ORIENTED_EDGE('',*,*,#7207,.T.);
#9828=ORIENTED_EDGE('',*,*,#7208,.T.);
#9829=ORIENTED_EDGE('',*,*,#6965,.F.);
#9830=ORIENTED_EDGE('',*,*,#6971,.T.);
#9831=ORIENTED_EDGE('',*,*,#7217,.T.);
#9832=ORIENTED_EDGE('',*,*,#7218,.T.);
#9833=ORIENTED_EDGE('',*,*,#6973,.F.);
#9834=ORIENTED_EDGE('',*,*,#6979,.T.);
#9835=ORIENTED_EDGE('',*,*,#7227,.T.);
#9836=ORIENTED_EDGE('',*,*,#7228,.T.);
#9837=ORIENTED_EDGE('',*,*,#6981,.F.);
#9838=ORIENTED_EDGE('',*,*,#6987,.T.);
#9839=ORIENTED_EDGE('',*,*,#7237,.T.);
#9840=ORIENTED_EDGE('',*,*,#7238,.T.);
#9841=ORIENTED_EDGE('',*,*,#6989,.F.);
#9842=ORIENTED_EDGE('',*,*,#6995,.T.);
#9843=ORIENTED_EDGE('',*,*,#7245,.T.);
#9844=ORIENTED_EDGE('',*,*,#6999,.T.);
#9845=ORIENTED_EDGE('',*,*,#6997,.F.);
#9846=ORIENTED_EDGE('',*,*,#7311,.F.);
#9847=ORIENTED_EDGE('',*,*,#7143,.F.);
#9848=ORIENTED_EDGE('',*,*,#7270,.F.);
#9849=ORIENTED_EDGE('',*,*,#7004,.T.);
#9850=ORIENTED_EDGE('',*,*,#7007,.T.);
#9851=ORIENTED_EDGE('',*,*,#7312,.F.);
#9852=ORIENTED_EDGE('',*,*,#6807,.T.);
#9853=ORIENTED_EDGE('',*,*,#7272,.T.);
#9854=ORIENTED_EDGE('',*,*,#7027,.T.);
#9855=ORIENTED_EDGE('',*,*,#7017,.T.);
#9856=ORIENTED_EDGE('',*,*,#7014,.T.);
#9857=ORIENTED_EDGE('',*,*,#7010,.T.);
#9858=ORIENTED_EDGE('',*,*,#7025,.T.);
#9859=ORIENTED_EDGE('',*,*,#7139,.T.);
#9860=ORIENTED_EDGE('',*,*,#7136,.T.);
#9861=ORIENTED_EDGE('',*,*,#7133,.T.);
#9862=ORIENTED_EDGE('',*,*,#7130,.T.);
#9863=ORIENTED_EDGE('',*,*,#7313,.F.);
#9864=ORIENTED_EDGE('',*,*,#7023,.F.);
#9865=ORIENTED_EDGE('',*,*,#7291,.F.);
#9866=ORIENTED_EDGE('',*,*,#7314,.F.);
#9867=ORIENTED_EDGE('',*,*,#7315,.F.);
#9868=ORIENTED_EDGE('',*,*,#7314,.T.);
#9869=ORIENTED_EDGE('',*,*,#7290,.F.);
#9870=ORIENTED_EDGE('',*,*,#7316,.T.);
#9871=ORIENTED_EDGE('',*,*,#7317,.F.);
#9872=ORIENTED_EDGE('',*,*,#7316,.F.);
#9873=ORIENTED_EDGE('',*,*,#7292,.F.);
#9874=ORIENTED_EDGE('',*,*,#7021,.F.);
#9875=ORIENTED_EDGE('',*,*,#6996,.F.);
#9876=ORIENTED_EDGE('',*,*,#6808,.T.);
#9877=ORIENTED_EDGE('',*,*,#7312,.T.);
#9878=ORIENTED_EDGE('',*,*,#7024,.T.);
#9879=ORIENTED_EDGE('',*,*,#7313,.T.);
#9880=ORIENTED_EDGE('',*,*,#7315,.T.);
#9881=ORIENTED_EDGE('',*,*,#7317,.T.);
#9882=ORIENTED_EDGE('',*,*,#7020,.T.);
#9883=ORIENTED_EDGE('',*,*,#7276,.T.);
#9884=ORIENTED_EDGE('',*,*,#7279,.T.);
#9885=ORIENTED_EDGE('',*,*,#7282,.T.);
#9886=ORIENTED_EDGE('',*,*,#7285,.T.);
#9887=ORIENTED_EDGE('',*,*,#7273,.T.);
#9888=ORIENTED_EDGE('',*,*,#7140,.T.);
#9889=ORIENTED_EDGE('',*,*,#7311,.T.);
#9890=ORIENTED_EDGE('',*,*,#7309,.T.);
#9891=ORIENTED_EDGE('',*,*,#7307,.T.);
#9892=ORIENTED_EDGE('',*,*,#7305,.T.);
#9893=ORIENTED_EDGE('',*,*,#7303,.T.);
#9894=ORIENTED_EDGE('',*,*,#7301,.T.);
#9895=ORIENTED_EDGE('',*,*,#7299,.T.);
#9896=ORIENTED_EDGE('',*,*,#7297,.T.);
#9897=ORIENTED_EDGE('',*,*,#7318,.F.);
#9898=ORIENTED_EDGE('',*,*,#7319,.T.);
#9899=ORIENTED_EDGE('',*,*,#7320,.F.);
#9900=ORIENTED_EDGE('',*,*,#7321,.F.);
#9901=ORIENTED_EDGE('',*,*,#7322,.F.);
#9902=ORIENTED_EDGE('',*,*,#7321,.T.);
#9903=ORIENTED_EDGE('',*,*,#7323,.F.);
#9904=ORIENTED_EDGE('',*,*,#7324,.F.);
#9905=ORIENTED_EDGE('',*,*,#7325,.F.);
#9906=ORIENTED_EDGE('',*,*,#7324,.T.);
#9907=ORIENTED_EDGE('',*,*,#7326,.F.);
#9908=ORIENTED_EDGE('',*,*,#7327,.F.);
#9909=ORIENTED_EDGE('',*,*,#7328,.F.);
#9910=ORIENTED_EDGE('',*,*,#7327,.T.);
#9911=ORIENTED_EDGE('',*,*,#7329,.F.);
#9912=ORIENTED_EDGE('',*,*,#7319,.F.);
#9913=ORIENTED_EDGE('',*,*,#7329,.T.);
#9914=ORIENTED_EDGE('',*,*,#7326,.T.);
#9915=ORIENTED_EDGE('',*,*,#7323,.T.);
#9916=ORIENTED_EDGE('',*,*,#7320,.T.);
#9917=ORIENTED_EDGE('',*,*,#7330,.T.);
#9918=ORIENTED_EDGE('',*,*,#7331,.F.);
#9919=ORIENTED_EDGE('',*,*,#7332,.T.);
#9920=ORIENTED_EDGE('',*,*,#7333,.F.);
#9921=ORIENTED_EDGE('',*,*,#7334,.T.);
#9922=ORIENTED_EDGE('',*,*,#7335,.T.);
#9923=ORIENTED_EDGE('',*,*,#7336,.T.);
#9924=ORIENTED_EDGE('',*,*,#7337,.T.);
#9925=ORIENTED_EDGE('',*,*,#7338,.F.);
#9926=ORIENTED_EDGE('',*,*,#7339,.F.);
#9927=ORIENTED_EDGE('',*,*,#7340,.F.);
#9928=ORIENTED_EDGE('',*,*,#7341,.F.);
#9929=ORIENTED_EDGE('',*,*,#7342,.F.);
#9930=ORIENTED_EDGE('',*,*,#7343,.F.);
#9931=ORIENTED_EDGE('',*,*,#7344,.F.);
#9932=ORIENTED_EDGE('',*,*,#7345,.F.);
#9933=ORIENTED_EDGE('',*,*,#7346,.T.);
#9934=ORIENTED_EDGE('',*,*,#7347,.T.);
#9935=ORIENTED_EDGE('',*,*,#7348,.T.);
#9936=ORIENTED_EDGE('',*,*,#7349,.T.);
#9937=ORIENTED_EDGE('',*,*,#7347,.F.);
#9938=ORIENTED_EDGE('',*,*,#7350,.F.);
#9939=ORIENTED_EDGE('',*,*,#7330,.F.);
#9940=ORIENTED_EDGE('',*,*,#7351,.F.);
#9941=ORIENTED_EDGE('',*,*,#7337,.F.);
#9942=ORIENTED_EDGE('',*,*,#7352,.F.);
#9943=ORIENTED_EDGE('',*,*,#7353,.F.);
#9944=ORIENTED_EDGE('',*,*,#7354,.F.);
#9945=ORIENTED_EDGE('',*,*,#7349,.F.);
#9946=ORIENTED_EDGE('',*,*,#7355,.F.);
#9947=ORIENTED_EDGE('',*,*,#7356,.F.);
#9948=ORIENTED_EDGE('',*,*,#7357,.F.);
#9949=ORIENTED_EDGE('',*,*,#7350,.T.);
#9950=ORIENTED_EDGE('',*,*,#7346,.F.);
#9951=ORIENTED_EDGE('',*,*,#7357,.T.);
#9952=ORIENTED_EDGE('',*,*,#7358,.F.);
#9953=ORIENTED_EDGE('',*,*,#7359,.F.);
#9954=ORIENTED_EDGE('',*,*,#7360,.F.);
#9955=ORIENTED_EDGE('',*,*,#7340,.T.);
#9956=ORIENTED_EDGE('',*,*,#7361,.T.);
#9957=ORIENTED_EDGE('',*,*,#7331,.T.);
#9958=ORIENTED_EDGE('',*,*,#7318,.T.);
#9959=ORIENTED_EDGE('',*,*,#7322,.T.);
#9960=ORIENTED_EDGE('',*,*,#7325,.T.);
#9961=ORIENTED_EDGE('',*,*,#7328,.T.);
#9962=ORIENTED_EDGE('',*,*,#7362,.T.);
#9963=ORIENTED_EDGE('',*,*,#7363,.T.);
#9964=ORIENTED_EDGE('',*,*,#7364,.T.);
#9965=ORIENTED_EDGE('',*,*,#7365,.T.);
#9966=ORIENTED_EDGE('',*,*,#7366,.T.);
#9967=ORIENTED_EDGE('',*,*,#7367,.T.);
#9968=ORIENTED_EDGE('',*,*,#7368,.T.);
#9969=ORIENTED_EDGE('',*,*,#7369,.T.);
#9970=ORIENTED_EDGE('',*,*,#7356,.T.);
#9971=ORIENTED_EDGE('',*,*,#7370,.F.);
#9972=ORIENTED_EDGE('',*,*,#7371,.F.);
#9973=ORIENTED_EDGE('',*,*,#7358,.T.);
#9974=ORIENTED_EDGE('',*,*,#7355,.T.);
#9975=ORIENTED_EDGE('',*,*,#7348,.F.);
#9976=ORIENTED_EDGE('',*,*,#7354,.T.);
#9977=ORIENTED_EDGE('',*,*,#7372,.T.);
#9978=ORIENTED_EDGE('',*,*,#7373,.T.);
#9979=ORIENTED_EDGE('',*,*,#7374,.T.);
#9980=ORIENTED_EDGE('',*,*,#7370,.T.);
#9981=ORIENTED_EDGE('',*,*,#7375,.T.);
#9982=ORIENTED_EDGE('',*,*,#7376,.T.);
#9983=ORIENTED_EDGE('',*,*,#7377,.T.);
#9984=ORIENTED_EDGE('',*,*,#7378,.T.);
#9985=ORIENTED_EDGE('',*,*,#7379,.T.);
#9986=ORIENTED_EDGE('',*,*,#7380,.T.);
#9987=ORIENTED_EDGE('',*,*,#7381,.T.);
#9988=ORIENTED_EDGE('',*,*,#7382,.T.);
#9989=ORIENTED_EDGE('',*,*,#7382,.F.);
#9990=ORIENTED_EDGE('',*,*,#7383,.T.);
#9991=ORIENTED_EDGE('',*,*,#7369,.F.);
#9992=ORIENTED_EDGE('',*,*,#7383,.F.);
#9993=ORIENTED_EDGE('',*,*,#7381,.F.);
#9994=ORIENTED_EDGE('',*,*,#7384,.T.);
#9995=ORIENTED_EDGE('',*,*,#7368,.F.);
#9996=ORIENTED_EDGE('',*,*,#7384,.F.);
#9997=ORIENTED_EDGE('',*,*,#7380,.F.);
#9998=ORIENTED_EDGE('',*,*,#7385,.T.);
#9999=ORIENTED_EDGE('',*,*,#7367,.F.);
#10000=ORIENTED_EDGE('',*,*,#7385,.F.);
#10001=ORIENTED_EDGE('',*,*,#7386,.F.);
#10002=ORIENTED_EDGE('',*,*,#7387,.T.);
#10003=ORIENTED_EDGE('',*,*,#7366,.F.);
#10004=ORIENTED_EDGE('',*,*,#7387,.F.);
#10005=ORIENTED_EDGE('',*,*,#7386,.T.);
#10006=ORIENTED_EDGE('',*,*,#7388,.T.);
#10007=ORIENTED_EDGE('',*,*,#7376,.F.);
#10008=ORIENTED_EDGE('',*,*,#7389,.F.);
#10009=ORIENTED_EDGE('',*,*,#7362,.F.);
#10010=ORIENTED_EDGE('',*,*,#7390,.T.);
#10011=ORIENTED_EDGE('',*,*,#7377,.F.);
#10012=ORIENTED_EDGE('',*,*,#7390,.F.);
#10013=ORIENTED_EDGE('',*,*,#7365,.F.);
#10014=ORIENTED_EDGE('',*,*,#7391,.T.);
#10015=ORIENTED_EDGE('',*,*,#7378,.F.);
#10016=ORIENTED_EDGE('',*,*,#7391,.F.);
#10017=ORIENTED_EDGE('',*,*,#7364,.F.);
#10018=ORIENTED_EDGE('',*,*,#7392,.T.);
#10019=ORIENTED_EDGE('',*,*,#7379,.F.);
#10020=ORIENTED_EDGE('',*,*,#7392,.F.);
#10021=ORIENTED_EDGE('',*,*,#7363,.F.);
#10022=ORIENTED_EDGE('',*,*,#7389,.T.);
#10023=ORIENTED_EDGE('',*,*,#7388,.F.);
#10024=ORIENTED_EDGE('',*,*,#7393,.T.);
#10025=ORIENTED_EDGE('',*,*,#7375,.F.);
#10026=ORIENTED_EDGE('',*,*,#7393,.F.);
#10027=ORIENTED_EDGE('',*,*,#7351,.T.);
#10028=ORIENTED_EDGE('',*,*,#7333,.T.);
#10029=ORIENTED_EDGE('',*,*,#7394,.T.);
#10030=ORIENTED_EDGE('',*,*,#7338,.T.);
#10031=ORIENTED_EDGE('',*,*,#7343,.T.);
#10032=ORIENTED_EDGE('',*,*,#7395,.T.);
#10033=ORIENTED_EDGE('',*,*,#7334,.F.);
#10034=ORIENTED_EDGE('',*,*,#7395,.F.);
#10035=ORIENTED_EDGE('',*,*,#7344,.T.);
#10036=ORIENTED_EDGE('',*,*,#7396,.T.);
#10037=ORIENTED_EDGE('',*,*,#7335,.F.);
#10038=ORIENTED_EDGE('',*,*,#7396,.F.);
#10039=ORIENTED_EDGE('',*,*,#7345,.T.);
#10040=ORIENTED_EDGE('',*,*,#7397,.T.);
#10041=ORIENTED_EDGE('',*,*,#7336,.F.);
#10042=ORIENTED_EDGE('',*,*,#7397,.F.);
#10043=ORIENTED_EDGE('',*,*,#7339,.T.);
#10044=ORIENTED_EDGE('',*,*,#7394,.F.);
#10045=ORIENTED_EDGE('',*,*,#7332,.F.);
#10046=ORIENTED_EDGE('',*,*,#7361,.F.);
#10047=ORIENTED_EDGE('',*,*,#7353,.T.);
#10048=ORIENTED_EDGE('',*,*,#7398,.T.);
#10049=ORIENTED_EDGE('',*,*,#7399,.F.);
#10050=ORIENTED_EDGE('',*,*,#7372,.F.);
#10051=ORIENTED_EDGE('',*,*,#7352,.T.);
#10052=ORIENTED_EDGE('',*,*,#7342,.T.);
#10053=ORIENTED_EDGE('',*,*,#7400,.F.);
#10054=ORIENTED_EDGE('',*,*,#7398,.F.);
#10055=ORIENTED_EDGE('',*,*,#7341,.T.);
#10056=ORIENTED_EDGE('',*,*,#7360,.T.);
#10057=ORIENTED_EDGE('',*,*,#7401,.T.);
#10058=ORIENTED_EDGE('',*,*,#7373,.F.);
#10059=ORIENTED_EDGE('',*,*,#7399,.T.);
#10060=ORIENTED_EDGE('',*,*,#7400,.T.);
#10061=ORIENTED_EDGE('',*,*,#7359,.T.);
#10062=ORIENTED_EDGE('',*,*,#7371,.T.);
#10063=ORIENTED_EDGE('',*,*,#7374,.F.);
#10064=ORIENTED_EDGE('',*,*,#7401,.F.);
#10065=ORIENTED_EDGE('',*,*,#7402,.T.);
#10066=ORIENTED_EDGE('',*,*,#7403,.T.);
#10067=ORIENTED_EDGE('',*,*,#7404,.T.);
#10068=ORIENTED_EDGE('',*,*,#7405,.T.);
#10069=ORIENTED_EDGE('',*,*,#7404,.F.);
#10070=ORIENTED_EDGE('',*,*,#7406,.F.);
#10071=ORIENTED_EDGE('',*,*,#7407,.T.);
#10072=ORIENTED_EDGE('',*,*,#7408,.F.);
#10073=ORIENTED_EDGE('',*,*,#7409,.F.);
#10074=ORIENTED_EDGE('',*,*,#7410,.T.);
#10075=ORIENTED_EDGE('',*,*,#7411,.F.);
#10076=ORIENTED_EDGE('',*,*,#7403,.F.);
#10077=ORIENTED_EDGE('',*,*,#7412,.T.);
#10078=ORIENTED_EDGE('',*,*,#7413,.T.);
#10079=ORIENTED_EDGE('',*,*,#7414,.T.);
#10080=ORIENTED_EDGE('',*,*,#7415,.F.);
#10081=ORIENTED_EDGE('',*,*,#7416,.T.);
#10082=ORIENTED_EDGE('',*,*,#7417,.T.);
#10083=ORIENTED_EDGE('',*,*,#7418,.T.);
#10084=ORIENTED_EDGE('',*,*,#7419,.F.);
#10085=ORIENTED_EDGE('',*,*,#7420,.T.);
#10086=ORIENTED_EDGE('',*,*,#7421,.T.);
#10087=ORIENTED_EDGE('',*,*,#7422,.T.);
#10088=ORIENTED_EDGE('',*,*,#7423,.F.);
#10089=ORIENTED_EDGE('',*,*,#7424,.T.);
#10090=ORIENTED_EDGE('',*,*,#7425,.T.);
#10091=ORIENTED_EDGE('',*,*,#7426,.T.);
#10092=ORIENTED_EDGE('',*,*,#7427,.F.);
#10093=ORIENTED_EDGE('',*,*,#7428,.F.);
#10094=ORIENTED_EDGE('',*,*,#7429,.T.);
#10095=ORIENTED_EDGE('',*,*,#7430,.F.);
#10096=ORIENTED_EDGE('',*,*,#7431,.F.);
#10097=ORIENTED_EDGE('',*,*,#7432,.T.);
#10098=ORIENTED_EDGE('',*,*,#7433,.T.);
#10099=ORIENTED_EDGE('',*,*,#7434,.T.);
#10100=ORIENTED_EDGE('',*,*,#7435,.F.);
#10101=ORIENTED_EDGE('',*,*,#7436,.T.);
#10102=ORIENTED_EDGE('',*,*,#7437,.T.);
#10103=ORIENTED_EDGE('',*,*,#7438,.T.);
#10104=ORIENTED_EDGE('',*,*,#7439,.F.);
#10105=ORIENTED_EDGE('',*,*,#7440,.T.);
#10106=ORIENTED_EDGE('',*,*,#7441,.T.);
#10107=ORIENTED_EDGE('',*,*,#7442,.T.);
#10108=ORIENTED_EDGE('',*,*,#7443,.F.);
#10109=ORIENTED_EDGE('',*,*,#7444,.T.);
#10110=ORIENTED_EDGE('',*,*,#7445,.T.);
#10111=ORIENTED_EDGE('',*,*,#7446,.T.);
#10112=ORIENTED_EDGE('',*,*,#7447,.F.);
#10113=ORIENTED_EDGE('',*,*,#7448,.T.);
#10114=ORIENTED_EDGE('',*,*,#7449,.T.);
#10115=ORIENTED_EDGE('',*,*,#7450,.T.);
#10116=ORIENTED_EDGE('',*,*,#7451,.F.);
#10117=ORIENTED_EDGE('',*,*,#7452,.T.);
#10118=ORIENTED_EDGE('',*,*,#7453,.T.);
#10119=ORIENTED_EDGE('',*,*,#7454,.T.);
#10120=ORIENTED_EDGE('',*,*,#7455,.F.);
#10121=ORIENTED_EDGE('',*,*,#7456,.T.);
#10122=ORIENTED_EDGE('',*,*,#7457,.T.);
#10123=ORIENTED_EDGE('',*,*,#7458,.T.);
#10124=ORIENTED_EDGE('',*,*,#7459,.F.);
#10125=ORIENTED_EDGE('',*,*,#7460,.T.);
#10126=ORIENTED_EDGE('',*,*,#7461,.T.);
#10127=ORIENTED_EDGE('',*,*,#7462,.T.);
#10128=ORIENTED_EDGE('',*,*,#7463,.F.);
#10129=ORIENTED_EDGE('',*,*,#7464,.T.);
#10130=ORIENTED_EDGE('',*,*,#7465,.T.);
#10131=ORIENTED_EDGE('',*,*,#7466,.T.);
#10132=ORIENTED_EDGE('',*,*,#7467,.F.);
#10133=ORIENTED_EDGE('',*,*,#7468,.T.);
#10134=ORIENTED_EDGE('',*,*,#7469,.T.);
#10135=ORIENTED_EDGE('',*,*,#7470,.T.);
#10136=ORIENTED_EDGE('',*,*,#7471,.F.);
#10137=ORIENTED_EDGE('',*,*,#7472,.T.);
#10138=ORIENTED_EDGE('',*,*,#7473,.T.);
#10139=ORIENTED_EDGE('',*,*,#7474,.T.);
#10140=ORIENTED_EDGE('',*,*,#7475,.F.);
#10141=ORIENTED_EDGE('',*,*,#7476,.T.);
#10142=ORIENTED_EDGE('',*,*,#7477,.T.);
#10143=ORIENTED_EDGE('',*,*,#7406,.T.);
#10144=ORIENTED_EDGE('',*,*,#7478,.T.);
#10145=ORIENTED_EDGE('',*,*,#7479,.T.);
#10146=ORIENTED_EDGE('',*,*,#7480,.T.);
#10147=ORIENTED_EDGE('',*,*,#7431,.T.);
#10148=ORIENTED_EDGE('',*,*,#7478,.F.);
#10149=ORIENTED_EDGE('',*,*,#7430,.T.);
#10150=ORIENTED_EDGE('',*,*,#7481,.T.);
#10151=ORIENTED_EDGE('',*,*,#7482,.T.);
#10152=ORIENTED_EDGE('',*,*,#7483,.T.);
#10153=ORIENTED_EDGE('',*,*,#7484,.T.);
#10154=ORIENTED_EDGE('',*,*,#7485,.T.);
#10155=ORIENTED_EDGE('',*,*,#7486,.T.);
#10156=ORIENTED_EDGE('',*,*,#7467,.T.);
#10157=ORIENTED_EDGE('',*,*,#7487,.T.);
#10158=ORIENTED_EDGE('',*,*,#7488,.T.);
#10159=ORIENTED_EDGE('',*,*,#7487,.F.);
#10160=ORIENTED_EDGE('',*,*,#7466,.F.);
#10161=ORIENTED_EDGE('',*,*,#7489,.T.);
#10162=ORIENTED_EDGE('',*,*,#7490,.F.);
#10163=ORIENTED_EDGE('',*,*,#7491,.F.);
#10164=ORIENTED_EDGE('',*,*,#7492,.T.);
#10165=ORIENTED_EDGE('',*,*,#7493,.F.);
#10166=ORIENTED_EDGE('',*,*,#7494,.T.);
#10167=ORIENTED_EDGE('',*,*,#7435,.T.);
#10168=ORIENTED_EDGE('',*,*,#7495,.T.);
#10169=ORIENTED_EDGE('',*,*,#7496,.T.);
#10170=ORIENTED_EDGE('',*,*,#7495,.F.);
#10171=ORIENTED_EDGE('',*,*,#7434,.F.);
#10172=ORIENTED_EDGE('',*,*,#7497,.T.);
#10173=ORIENTED_EDGE('',*,*,#7498,.F.);
#10174=ORIENTED_EDGE('',*,*,#7499,.F.);
#10175=ORIENTED_EDGE('',*,*,#7500,.T.);
#10176=ORIENTED_EDGE('',*,*,#7501,.F.);
#10177=ORIENTED_EDGE('',*,*,#7502,.T.);
#10178=ORIENTED_EDGE('',*,*,#7463,.T.);
#10179=ORIENTED_EDGE('',*,*,#7503,.T.);
#10180=ORIENTED_EDGE('',*,*,#7504,.T.);
#10181=ORIENTED_EDGE('',*,*,#7503,.F.);
#10182=ORIENTED_EDGE('',*,*,#7462,.F.);
#10183=ORIENTED_EDGE('',*,*,#7505,.T.);
#10184=ORIENTED_EDGE('',*,*,#7506,.F.);
#10185=ORIENTED_EDGE('',*,*,#7507,.F.);
#10186=ORIENTED_EDGE('',*,*,#7508,.T.);
#10187=ORIENTED_EDGE('',*,*,#7509,.F.);
#10188=ORIENTED_EDGE('',*,*,#7510,.T.);
#10189=ORIENTED_EDGE('',*,*,#7451,.T.);
#10190=ORIENTED_EDGE('',*,*,#7511,.T.);
#10191=ORIENTED_EDGE('',*,*,#7512,.T.);
#10192=ORIENTED_EDGE('',*,*,#7511,.F.);
#10193=ORIENTED_EDGE('',*,*,#7450,.F.);
#10194=ORIENTED_EDGE('',*,*,#7513,.T.);
#10195=ORIENTED_EDGE('',*,*,#7514,.F.);
#10196=ORIENTED_EDGE('',*,*,#7515,.F.);
#10197=ORIENTED_EDGE('',*,*,#7516,.T.);
#10198=ORIENTED_EDGE('',*,*,#7517,.F.);
#10199=ORIENTED_EDGE('',*,*,#7518,.T.);
#10200=ORIENTED_EDGE('',*,*,#7443,.T.);
#10201=ORIENTED_EDGE('',*,*,#7519,.T.);
#10202=ORIENTED_EDGE('',*,*,#7520,.T.);
#10203=ORIENTED_EDGE('',*,*,#7519,.F.);
#10204=ORIENTED_EDGE('',*,*,#7442,.F.);
#10205=ORIENTED_EDGE('',*,*,#7521,.T.);
#10206=ORIENTED_EDGE('',*,*,#7522,.F.);
#10207=ORIENTED_EDGE('',*,*,#7523,.F.);
#10208=ORIENTED_EDGE('',*,*,#7524,.T.);
#10209=ORIENTED_EDGE('',*,*,#7525,.F.);
#10210=ORIENTED_EDGE('',*,*,#7526,.T.);
#10211=ORIENTED_EDGE('',*,*,#7439,.T.);
#10212=ORIENTED_EDGE('',*,*,#7527,.T.);
#10213=ORIENTED_EDGE('',*,*,#7528,.T.);
#10214=ORIENTED_EDGE('',*,*,#7527,.F.);
#10215=ORIENTED_EDGE('',*,*,#7438,.F.);
#10216=ORIENTED_EDGE('',*,*,#7529,.T.);
#10217=ORIENTED_EDGE('',*,*,#7530,.F.);
#10218=ORIENTED_EDGE('',*,*,#7531,.F.);
#10219=ORIENTED_EDGE('',*,*,#7532,.T.);
#10220=ORIENTED_EDGE('',*,*,#7533,.F.);
#10221=ORIENTED_EDGE('',*,*,#7534,.T.);
#10222=ORIENTED_EDGE('',*,*,#7447,.T.);
#10223=ORIENTED_EDGE('',*,*,#7535,.T.);
#10224=ORIENTED_EDGE('',*,*,#7536,.T.);
#10225=ORIENTED_EDGE('',*,*,#7535,.F.);
#10226=ORIENTED_EDGE('',*,*,#7446,.F.);
#10227=ORIENTED_EDGE('',*,*,#7537,.T.);
#10228=ORIENTED_EDGE('',*,*,#7538,.F.);
#10229=ORIENTED_EDGE('',*,*,#7539,.F.);
#10230=ORIENTED_EDGE('',*,*,#7540,.T.);
#10231=ORIENTED_EDGE('',*,*,#7541,.F.);
#10232=ORIENTED_EDGE('',*,*,#7542,.T.);
#10233=ORIENTED_EDGE('',*,*,#7455,.T.);
#10234=ORIENTED_EDGE('',*,*,#7543,.T.);
#10235=ORIENTED_EDGE('',*,*,#7544,.T.);
#10236=ORIENTED_EDGE('',*,*,#7543,.F.);
#10237=ORIENTED_EDGE('',*,*,#7454,.F.);
#10238=ORIENTED_EDGE('',*,*,#7545,.T.);
#10239=ORIENTED_EDGE('',*,*,#7546,.F.);
#10240=ORIENTED_EDGE('',*,*,#7547,.F.);
#10241=ORIENTED_EDGE('',*,*,#7548,.T.);
#10242=ORIENTED_EDGE('',*,*,#7549,.F.);
#10243=ORIENTED_EDGE('',*,*,#7550,.T.);
#10244=ORIENTED_EDGE('',*,*,#7475,.T.);
#10245=ORIENTED_EDGE('',*,*,#7551,.T.);
#10246=ORIENTED_EDGE('',*,*,#7552,.T.);
#10247=ORIENTED_EDGE('',*,*,#7551,.F.);
#10248=ORIENTED_EDGE('',*,*,#7474,.F.);
#10249=ORIENTED_EDGE('',*,*,#7553,.T.);
#10250=ORIENTED_EDGE('',*,*,#7554,.F.);
#10251=ORIENTED_EDGE('',*,*,#7555,.F.);
#10252=ORIENTED_EDGE('',*,*,#7556,.T.);
#10253=ORIENTED_EDGE('',*,*,#7557,.F.);
#10254=ORIENTED_EDGE('',*,*,#7558,.T.);
#10255=ORIENTED_EDGE('',*,*,#7459,.T.);
#10256=ORIENTED_EDGE('',*,*,#7559,.T.);
#10257=ORIENTED_EDGE('',*,*,#7560,.T.);
#10258=ORIENTED_EDGE('',*,*,#7559,.F.);
#10259=ORIENTED_EDGE('',*,*,#7458,.F.);
#10260=ORIENTED_EDGE('',*,*,#7561,.T.);
#10261=ORIENTED_EDGE('',*,*,#7562,.F.);
#10262=ORIENTED_EDGE('',*,*,#7563,.F.);
#10263=ORIENTED_EDGE('',*,*,#7564,.T.);
#10264=ORIENTED_EDGE('',*,*,#7565,.F.);
#10265=ORIENTED_EDGE('',*,*,#7566,.T.);
#10266=ORIENTED_EDGE('',*,*,#7471,.T.);
#10267=ORIENTED_EDGE('',*,*,#7567,.T.);
#10268=ORIENTED_EDGE('',*,*,#7568,.T.);
#10269=ORIENTED_EDGE('',*,*,#7567,.F.);
#10270=ORIENTED_EDGE('',*,*,#7470,.F.);
#10271=ORIENTED_EDGE('',*,*,#7569,.T.);
#10272=ORIENTED_EDGE('',*,*,#7570,.F.);
#10273=ORIENTED_EDGE('',*,*,#7571,.F.);
#10274=ORIENTED_EDGE('',*,*,#7572,.T.);
#10275=ORIENTED_EDGE('',*,*,#7573,.F.);
#10276=ORIENTED_EDGE('',*,*,#7574,.T.);
#10277=ORIENTED_EDGE('',*,*,#7415,.T.);
#10278=ORIENTED_EDGE('',*,*,#7575,.T.);
#10279=ORIENTED_EDGE('',*,*,#7576,.T.);
#10280=ORIENTED_EDGE('',*,*,#7575,.F.);
#10281=ORIENTED_EDGE('',*,*,#7414,.F.);
#10282=ORIENTED_EDGE('',*,*,#7577,.T.);
#10283=ORIENTED_EDGE('',*,*,#7578,.F.);
#10284=ORIENTED_EDGE('',*,*,#7579,.F.);
#10285=ORIENTED_EDGE('',*,*,#7580,.T.);
#10286=ORIENTED_EDGE('',*,*,#7581,.F.);
#10287=ORIENTED_EDGE('',*,*,#7582,.T.);
#10288=ORIENTED_EDGE('',*,*,#7427,.T.);
#10289=ORIENTED_EDGE('',*,*,#7583,.T.);
#10290=ORIENTED_EDGE('',*,*,#7584,.T.);
#10291=ORIENTED_EDGE('',*,*,#7583,.F.);
#10292=ORIENTED_EDGE('',*,*,#7426,.F.);
#10293=ORIENTED_EDGE('',*,*,#7585,.T.);
#10294=ORIENTED_EDGE('',*,*,#7586,.F.);
#10295=ORIENTED_EDGE('',*,*,#7587,.F.);
#10296=ORIENTED_EDGE('',*,*,#7588,.T.);
#10297=ORIENTED_EDGE('',*,*,#7589,.F.);
#10298=ORIENTED_EDGE('',*,*,#7590,.T.);
#10299=ORIENTED_EDGE('',*,*,#7419,.T.);
#10300=ORIENTED_EDGE('',*,*,#7591,.T.);
#10301=ORIENTED_EDGE('',*,*,#7592,.T.);
#10302=ORIENTED_EDGE('',*,*,#7591,.F.);
#10303=ORIENTED_EDGE('',*,*,#7418,.F.);
#10304=ORIENTED_EDGE('',*,*,#7593,.T.);
#10305=ORIENTED_EDGE('',*,*,#7594,.F.);
#10306=ORIENTED_EDGE('',*,*,#7595,.F.);
#10307=ORIENTED_EDGE('',*,*,#7596,.T.);
#10308=ORIENTED_EDGE('',*,*,#7597,.F.);
#10309=ORIENTED_EDGE('',*,*,#7598,.T.);
#10310=ORIENTED_EDGE('',*,*,#7423,.T.);
#10311=ORIENTED_EDGE('',*,*,#7599,.T.);
#10312=ORIENTED_EDGE('',*,*,#7600,.T.);
#10313=ORIENTED_EDGE('',*,*,#7598,.F.);
#10314=ORIENTED_EDGE('',*,*,#7601,.F.);
#10315=ORIENTED_EDGE('',*,*,#7602,.T.);
#10316=ORIENTED_EDGE('',*,*,#7603,.F.);
#10317=ORIENTED_EDGE('',*,*,#7604,.F.);
#10318=ORIENTED_EDGE('',*,*,#7605,.F.);
#10319=ORIENTED_EDGE('',*,*,#7424,.F.);
#10320=ORIENTED_EDGE('',*,*,#7606,.F.);
#10321=ORIENTED_EDGE('',*,*,#7607,.T.);
#10322=ORIENTED_EDGE('',*,*,#7608,.F.);
#10323=ORIENTED_EDGE('',*,*,#7607,.F.);
#10324=ORIENTED_EDGE('',*,*,#7609,.F.);
#10325=ORIENTED_EDGE('',*,*,#7610,.T.);
#10326=ORIENTED_EDGE('',*,*,#7611,.F.);
#10327=ORIENTED_EDGE('',*,*,#7610,.F.);
#10328=ORIENTED_EDGE('',*,*,#7612,.T.);
#10329=ORIENTED_EDGE('',*,*,#7613,.T.);
#10330=ORIENTED_EDGE('',*,*,#7614,.T.);
#10331=ORIENTED_EDGE('',*,*,#7615,.T.);
#10332=ORIENTED_EDGE('',*,*,#7616,.F.);
#10333=ORIENTED_EDGE('',*,*,#7617,.T.);
#10334=ORIENTED_EDGE('',*,*,#7614,.F.);
#10335=ORIENTED_EDGE('',*,*,#7618,.F.);
#10336=ORIENTED_EDGE('',*,*,#7619,.T.);
#10337=ORIENTED_EDGE('',*,*,#7620,.T.);
#10338=ORIENTED_EDGE('',*,*,#7621,.T.);
#10339=ORIENTED_EDGE('',*,*,#7622,.T.);
#10340=ORIENTED_EDGE('',*,*,#7623,.T.);
#10341=ORIENTED_EDGE('',*,*,#7615,.F.);
#10342=ORIENTED_EDGE('',*,*,#7617,.F.);
#10343=ORIENTED_EDGE('',*,*,#7624,.F.);
#10344=ORIENTED_EDGE('',*,*,#7625,.T.);
#10345=ORIENTED_EDGE('',*,*,#7626,.F.);
#10346=ORIENTED_EDGE('',*,*,#7618,.T.);
#10347=ORIENTED_EDGE('',*,*,#7613,.F.);
#10348=ORIENTED_EDGE('',*,*,#7627,.T.);
#10349=ORIENTED_EDGE('',*,*,#7628,.T.);
#10350=ORIENTED_EDGE('',*,*,#7622,.F.);
#10351=ORIENTED_EDGE('',*,*,#7628,.F.);
#10352=ORIENTED_EDGE('',*,*,#7629,.T.);
#10353=ORIENTED_EDGE('',*,*,#7630,.T.);
#10354=ORIENTED_EDGE('',*,*,#7621,.F.);
#10355=ORIENTED_EDGE('',*,*,#7630,.F.);
#10356=ORIENTED_EDGE('',*,*,#7631,.T.);
#10357=ORIENTED_EDGE('',*,*,#7632,.T.);
#10358=ORIENTED_EDGE('',*,*,#7620,.F.);
#10359=ORIENTED_EDGE('',*,*,#7632,.F.);
#10360=ORIENTED_EDGE('',*,*,#7633,.T.);
#10361=ORIENTED_EDGE('',*,*,#7634,.T.);
#10362=ORIENTED_EDGE('',*,*,#7619,.F.);
#10363=ORIENTED_EDGE('',*,*,#7634,.F.);
#10364=ORIENTED_EDGE('',*,*,#7635,.F.);
#10365=ORIENTED_EDGE('',*,*,#7636,.F.);
#10366=ORIENTED_EDGE('',*,*,#7625,.F.);
#10367=ORIENTED_EDGE('',*,*,#7612,.F.);
#10368=ORIENTED_EDGE('',*,*,#7623,.F.);
#10369=ORIENTED_EDGE('',*,*,#7637,.F.);
#10370=ORIENTED_EDGE('',*,*,#7481,.F.);
#10371=ORIENTED_EDGE('',*,*,#7429,.F.);
#10372=ORIENTED_EDGE('',*,*,#7627,.F.);
#10373=ORIENTED_EDGE('',*,*,#7629,.F.);
#10374=ORIENTED_EDGE('',*,*,#7631,.F.);
#10375=ORIENTED_EDGE('',*,*,#7633,.F.);
#10376=ORIENTED_EDGE('',*,*,#7638,.F.);
#10377=ORIENTED_EDGE('',*,*,#7497,.F.);
#10378=ORIENTED_EDGE('',*,*,#7433,.F.);
#10379=ORIENTED_EDGE('',*,*,#7639,.T.);
#10380=ORIENTED_EDGE('',*,*,#7480,.F.);
#10381=ORIENTED_EDGE('',*,*,#7640,.F.);
#10382=ORIENTED_EDGE('',*,*,#7641,.T.);
#10383=ORIENTED_EDGE('',*,*,#7642,.F.);
#10384=ORIENTED_EDGE('',*,*,#7643,.F.);
#10385=ORIENTED_EDGE('',*,*,#7639,.F.);
#10386=ORIENTED_EDGE('',*,*,#7432,.F.);
#10387=ORIENTED_EDGE('',*,*,#7644,.F.);
#10388=ORIENTED_EDGE('',*,*,#7500,.F.);
#10389=ORIENTED_EDGE('',*,*,#7645,.F.);
#10390=ORIENTED_EDGE('',*,*,#7641,.F.);
#10391=ORIENTED_EDGE('',*,*,#7646,.F.);
#10392=ORIENTED_EDGE('',*,*,#7532,.F.);
#10393=ORIENTED_EDGE('',*,*,#7647,.F.);
#10394=ORIENTED_EDGE('',*,*,#7648,.F.);
#10395=ORIENTED_EDGE('',*,*,#7494,.F.);
#10396=ORIENTED_EDGE('',*,*,#7649,.F.);
#10397=ORIENTED_EDGE('',*,*,#7648,.T.);
#10398=ORIENTED_EDGE('',*,*,#7650,.F.);
#10399=ORIENTED_EDGE('',*,*,#7651,.F.);
#10400=ORIENTED_EDGE('',*,*,#7652,.F.);
#10401=ORIENTED_EDGE('',*,*,#7436,.F.);
#10402=ORIENTED_EDGE('',*,*,#7653,.F.);
#10403=ORIENTED_EDGE('',*,*,#7529,.F.);
#10404=ORIENTED_EDGE('',*,*,#7437,.F.);
#10405=ORIENTED_EDGE('',*,*,#7652,.T.);
#10406=ORIENTED_EDGE('',*,*,#7654,.F.);
#10407=ORIENTED_EDGE('',*,*,#7521,.F.);
#10408=ORIENTED_EDGE('',*,*,#7441,.F.);
#10409=ORIENTED_EDGE('',*,*,#7655,.T.);
#10410=ORIENTED_EDGE('',*,*,#7656,.F.);
#10411=ORIENTED_EDGE('',*,*,#7524,.F.);
#10412=ORIENTED_EDGE('',*,*,#7657,.F.);
#10413=ORIENTED_EDGE('',*,*,#7658,.F.);
#10414=ORIENTED_EDGE('',*,*,#7526,.F.);
#10415=ORIENTED_EDGE('',*,*,#7659,.F.);
#10416=ORIENTED_EDGE('',*,*,#7658,.T.);
#10417=ORIENTED_EDGE('',*,*,#7660,.F.);
#10418=ORIENTED_EDGE('',*,*,#7661,.F.);
#10419=ORIENTED_EDGE('',*,*,#7655,.F.);
#10420=ORIENTED_EDGE('',*,*,#7440,.F.);
#10421=ORIENTED_EDGE('',*,*,#7662,.F.);
#10422=ORIENTED_EDGE('',*,*,#7540,.F.);
#10423=ORIENTED_EDGE('',*,*,#7663,.F.);
#10424=ORIENTED_EDGE('',*,*,#7664,.F.);
#10425=ORIENTED_EDGE('',*,*,#7518,.F.);
#10426=ORIENTED_EDGE('',*,*,#7665,.F.);
#10427=ORIENTED_EDGE('',*,*,#7664,.T.);
#10428=ORIENTED_EDGE('',*,*,#7666,.F.);
#10429=ORIENTED_EDGE('',*,*,#7667,.F.);
#10430=ORIENTED_EDGE('',*,*,#7668,.F.);
#10431=ORIENTED_EDGE('',*,*,#7444,.F.);
#10432=ORIENTED_EDGE('',*,*,#7669,.F.);
#10433=ORIENTED_EDGE('',*,*,#7537,.F.);
#10434=ORIENTED_EDGE('',*,*,#7445,.F.);
#10435=ORIENTED_EDGE('',*,*,#7668,.T.);
#10436=ORIENTED_EDGE('',*,*,#7670,.F.);
#10437=ORIENTED_EDGE('',*,*,#7513,.F.);
#10438=ORIENTED_EDGE('',*,*,#7449,.F.);
#10439=ORIENTED_EDGE('',*,*,#7671,.T.);
#10440=ORIENTED_EDGE('',*,*,#7672,.F.);
#10441=ORIENTED_EDGE('',*,*,#7516,.F.);
#10442=ORIENTED_EDGE('',*,*,#7673,.F.);
#10443=ORIENTED_EDGE('',*,*,#7674,.F.);
#10444=ORIENTED_EDGE('',*,*,#7534,.F.);
#10445=ORIENTED_EDGE('',*,*,#7675,.F.);
#10446=ORIENTED_EDGE('',*,*,#7674,.T.);
#10447=ORIENTED_EDGE('',*,*,#7676,.F.);
#10448=ORIENTED_EDGE('',*,*,#7677,.F.);
#10449=ORIENTED_EDGE('',*,*,#7671,.F.);
#10450=ORIENTED_EDGE('',*,*,#7448,.F.);
#10451=ORIENTED_EDGE('',*,*,#7678,.F.);
#10452=ORIENTED_EDGE('',*,*,#7548,.F.);
#10453=ORIENTED_EDGE('',*,*,#7679,.F.);
#10454=ORIENTED_EDGE('',*,*,#7680,.F.);
#10455=ORIENTED_EDGE('',*,*,#7510,.F.);
#10456=ORIENTED_EDGE('',*,*,#7681,.F.);
#10457=ORIENTED_EDGE('',*,*,#7680,.T.);
#10458=ORIENTED_EDGE('',*,*,#7682,.F.);
#10459=ORIENTED_EDGE('',*,*,#7683,.F.);
#10460=ORIENTED_EDGE('',*,*,#7684,.F.);
#10461=ORIENTED_EDGE('',*,*,#7452,.F.);
#10462=ORIENTED_EDGE('',*,*,#7685,.F.);
#10463=ORIENTED_EDGE('',*,*,#7545,.F.);
#10464=ORIENTED_EDGE('',*,*,#7453,.F.);
#10465=ORIENTED_EDGE('',*,*,#7684,.T.);
#10466=ORIENTED_EDGE('',*,*,#7686,.F.);
#10467=ORIENTED_EDGE('',*,*,#7561,.F.);
#10468=ORIENTED_EDGE('',*,*,#7457,.F.);
#10469=ORIENTED_EDGE('',*,*,#7687,.T.);
#10470=ORIENTED_EDGE('',*,*,#7688,.F.);
#10471=ORIENTED_EDGE('',*,*,#7564,.F.);
#10472=ORIENTED_EDGE('',*,*,#7689,.F.);
#10473=ORIENTED_EDGE('',*,*,#7690,.F.);
#10474=ORIENTED_EDGE('',*,*,#7542,.F.);
#10475=ORIENTED_EDGE('',*,*,#7691,.F.);
#10476=ORIENTED_EDGE('',*,*,#7690,.T.);
#10477=ORIENTED_EDGE('',*,*,#7692,.F.);
#10478=ORIENTED_EDGE('',*,*,#7693,.F.);
#10479=ORIENTED_EDGE('',*,*,#7687,.F.);
#10480=ORIENTED_EDGE('',*,*,#7456,.F.);
#10481=ORIENTED_EDGE('',*,*,#7694,.F.);
#10482=ORIENTED_EDGE('',*,*,#7508,.F.);
#10483=ORIENTED_EDGE('',*,*,#7695,.F.);
#10484=ORIENTED_EDGE('',*,*,#7696,.F.);
#10485=ORIENTED_EDGE('',*,*,#7558,.F.);
#10486=ORIENTED_EDGE('',*,*,#7697,.F.);
#10487=ORIENTED_EDGE('',*,*,#7696,.T.);
#10488=ORIENTED_EDGE('',*,*,#7698,.F.);
#10489=ORIENTED_EDGE('',*,*,#7699,.F.);
#10490=ORIENTED_EDGE('',*,*,#7700,.F.);
#10491=ORIENTED_EDGE('',*,*,#7460,.F.);
#10492=ORIENTED_EDGE('',*,*,#7701,.F.);
#10493=ORIENTED_EDGE('',*,*,#7505,.F.);
#10494=ORIENTED_EDGE('',*,*,#7461,.F.);
#10495=ORIENTED_EDGE('',*,*,#7700,.T.);
#10496=ORIENTED_EDGE('',*,*,#7702,.F.);
#10497=ORIENTED_EDGE('',*,*,#7489,.F.);
#10498=ORIENTED_EDGE('',*,*,#7465,.F.);
#10499=ORIENTED_EDGE('',*,*,#7703,.T.);
#10500=ORIENTED_EDGE('',*,*,#7704,.F.);
#10501=ORIENTED_EDGE('',*,*,#7492,.F.);
#10502=ORIENTED_EDGE('',*,*,#7705,.F.);
#10503=ORIENTED_EDGE('',*,*,#7706,.F.);
#10504=ORIENTED_EDGE('',*,*,#7502,.F.);
#10505=ORIENTED_EDGE('',*,*,#7707,.F.);
#10506=ORIENTED_EDGE('',*,*,#7706,.T.);
#10507=ORIENTED_EDGE('',*,*,#7708,.F.);
#10508=ORIENTED_EDGE('',*,*,#7709,.F.);
#10509=ORIENTED_EDGE('',*,*,#7703,.F.);
#10510=ORIENTED_EDGE('',*,*,#7464,.F.);
#10511=ORIENTED_EDGE('',*,*,#7710,.F.);
#10512=ORIENTED_EDGE('',*,*,#7572,.F.);
#10513=ORIENTED_EDGE('',*,*,#7711,.F.);
#10514=ORIENTED_EDGE('',*,*,#7712,.F.);
#10515=ORIENTED_EDGE('',*,*,#7486,.F.);
#10516=ORIENTED_EDGE('',*,*,#7713,.F.);
#10517=ORIENTED_EDGE('',*,*,#7712,.T.);
#10518=ORIENTED_EDGE('',*,*,#7714,.F.);
#10519=ORIENTED_EDGE('',*,*,#7715,.F.);
#10520=ORIENTED_EDGE('',*,*,#7716,.F.);
#10521=ORIENTED_EDGE('',*,*,#7468,.F.);
#10522=ORIENTED_EDGE('',*,*,#7717,.F.);
#10523=ORIENTED_EDGE('',*,*,#7569,.F.);
#10524=ORIENTED_EDGE('',*,*,#7469,.F.);
#10525=ORIENTED_EDGE('',*,*,#7716,.T.);
#10526=ORIENTED_EDGE('',*,*,#7718,.F.);
#10527=ORIENTED_EDGE('',*,*,#7553,.F.);
#10528=ORIENTED_EDGE('',*,*,#7473,.F.);
#10529=ORIENTED_EDGE('',*,*,#7719,.T.);
#10530=ORIENTED_EDGE('',*,*,#7720,.F.);
#10531=ORIENTED_EDGE('',*,*,#7556,.F.);
#10532=ORIENTED_EDGE('',*,*,#7721,.F.);
#10533=ORIENTED_EDGE('',*,*,#7722,.F.);
#10534=ORIENTED_EDGE('',*,*,#7566,.F.);
#10535=ORIENTED_EDGE('',*,*,#7723,.F.);
#10536=ORIENTED_EDGE('',*,*,#7722,.T.);
#10537=ORIENTED_EDGE('',*,*,#7724,.F.);
#10538=ORIENTED_EDGE('',*,*,#7725,.F.);
#10539=ORIENTED_EDGE('',*,*,#7719,.F.);
#10540=ORIENTED_EDGE('',*,*,#7472,.F.);
#10541=ORIENTED_EDGE('',*,*,#7726,.F.);
#10542=ORIENTED_EDGE('',*,*,#7410,.F.);
#10543=ORIENTED_EDGE('',*,*,#7727,.F.);
#10544=ORIENTED_EDGE('',*,*,#7728,.F.);
#10545=ORIENTED_EDGE('',*,*,#7729,.F.);
#10546=ORIENTED_EDGE('',*,*,#7407,.F.);
#10547=ORIENTED_EDGE('',*,*,#7477,.F.);
#10548=ORIENTED_EDGE('',*,*,#7730,.T.);
#10549=ORIENTED_EDGE('',*,*,#7550,.F.);
#10550=ORIENTED_EDGE('',*,*,#7731,.F.);
#10551=ORIENTED_EDGE('',*,*,#7728,.T.);
#10552=ORIENTED_EDGE('',*,*,#7732,.F.);
#10553=ORIENTED_EDGE('',*,*,#7733,.F.);
#10554=ORIENTED_EDGE('',*,*,#7730,.F.);
#10555=ORIENTED_EDGE('',*,*,#7476,.F.);
#10556=ORIENTED_EDGE('',*,*,#7734,.F.);
#10557=ORIENTED_EDGE('',*,*,#7580,.F.);
#10558=ORIENTED_EDGE('',*,*,#7735,.F.);
#10559=ORIENTED_EDGE('',*,*,#7736,.F.);
#10560=ORIENTED_EDGE('',*,*,#7737,.F.);
#10561=ORIENTED_EDGE('',*,*,#7577,.F.);
#10562=ORIENTED_EDGE('',*,*,#7413,.F.);
#10563=ORIENTED_EDGE('',*,*,#7738,.T.);
#10564=ORIENTED_EDGE('',*,*,#7402,.F.);
#10565=ORIENTED_EDGE('',*,*,#7739,.F.);
#10566=ORIENTED_EDGE('',*,*,#7736,.T.);
#10567=ORIENTED_EDGE('',*,*,#7740,.F.);
#10568=ORIENTED_EDGE('',*,*,#7741,.F.);
#10569=ORIENTED_EDGE('',*,*,#7738,.F.);
#10570=ORIENTED_EDGE('',*,*,#7412,.F.);
#10571=ORIENTED_EDGE('',*,*,#7742,.F.);
#10572=ORIENTED_EDGE('',*,*,#7596,.F.);
#10573=ORIENTED_EDGE('',*,*,#7743,.F.);
#10574=ORIENTED_EDGE('',*,*,#7744,.F.);
#10575=ORIENTED_EDGE('',*,*,#7745,.F.);
#10576=ORIENTED_EDGE('',*,*,#7593,.F.);
#10577=ORIENTED_EDGE('',*,*,#7417,.F.);
#10578=ORIENTED_EDGE('',*,*,#7746,.T.);
#10579=ORIENTED_EDGE('',*,*,#7574,.F.);
#10580=ORIENTED_EDGE('',*,*,#7747,.F.);
#10581=ORIENTED_EDGE('',*,*,#7744,.T.);
#10582=ORIENTED_EDGE('',*,*,#7748,.F.);
#10583=ORIENTED_EDGE('',*,*,#7749,.F.);
#10584=ORIENTED_EDGE('',*,*,#7746,.F.);
#10585=ORIENTED_EDGE('',*,*,#7416,.F.);
#10586=ORIENTED_EDGE('',*,*,#7750,.F.);
#10587=ORIENTED_EDGE('',*,*,#7751,.F.);
#10588=ORIENTED_EDGE('',*,*,#7752,.F.);
#10589=ORIENTED_EDGE('',*,*,#7753,.F.);
#10590=ORIENTED_EDGE('',*,*,#7754,.F.);
#10591=ORIENTED_EDGE('',*,*,#7755,.F.);
#10592=ORIENTED_EDGE('',*,*,#7421,.F.);
#10593=ORIENTED_EDGE('',*,*,#7756,.T.);
#10594=ORIENTED_EDGE('',*,*,#7599,.F.);
#10595=ORIENTED_EDGE('',*,*,#7422,.F.);
#10596=ORIENTED_EDGE('',*,*,#7755,.T.);
#10597=ORIENTED_EDGE('',*,*,#7757,.F.);
#10598=ORIENTED_EDGE('',*,*,#7758,.F.);
#10599=ORIENTED_EDGE('',*,*,#7751,.T.);
#10600=ORIENTED_EDGE('',*,*,#7759,.F.);
#10601=ORIENTED_EDGE('',*,*,#7590,.F.);
#10602=ORIENTED_EDGE('',*,*,#7760,.F.);
#10603=ORIENTED_EDGE('',*,*,#7753,.T.);
#10604=ORIENTED_EDGE('',*,*,#7761,.F.);
#10605=ORIENTED_EDGE('',*,*,#7762,.F.);
#10606=ORIENTED_EDGE('',*,*,#7756,.F.);
#10607=ORIENTED_EDGE('',*,*,#7420,.F.);
#10608=ORIENTED_EDGE('',*,*,#7763,.F.);
#10609=ORIENTED_EDGE('',*,*,#7588,.F.);
#10610=ORIENTED_EDGE('',*,*,#7764,.F.);
#10611=ORIENTED_EDGE('',*,*,#7602,.F.);
#10612=ORIENTED_EDGE('',*,*,#7765,.F.);
#10613=ORIENTED_EDGE('',*,*,#7585,.F.);
#10614=ORIENTED_EDGE('',*,*,#7425,.F.);
#10615=ORIENTED_EDGE('',*,*,#7605,.T.);
#10616=ORIENTED_EDGE('',*,*,#7766,.F.);
#10617=ORIENTED_EDGE('',*,*,#7767,.T.);
#10618=ORIENTED_EDGE('',*,*,#7768,.T.);
#10619=ORIENTED_EDGE('',*,*,#7769,.F.);
#10620=ORIENTED_EDGE('',*,*,#7586,.T.);
#10621=ORIENTED_EDGE('',*,*,#7765,.T.);
#10622=ORIENTED_EDGE('',*,*,#7604,.T.);
#10623=ORIENTED_EDGE('',*,*,#7770,.F.);
#10624=ORIENTED_EDGE('',*,*,#7757,.T.);
#10625=ORIENTED_EDGE('',*,*,#7754,.T.);
#10626=ORIENTED_EDGE('',*,*,#7762,.T.);
#10627=ORIENTED_EDGE('',*,*,#7771,.F.);
#10628=ORIENTED_EDGE('',*,*,#7594,.T.);
#10629=ORIENTED_EDGE('',*,*,#7745,.T.);
#10630=ORIENTED_EDGE('',*,*,#7749,.T.);
#10631=ORIENTED_EDGE('',*,*,#7772,.F.);
#10632=ORIENTED_EDGE('',*,*,#7578,.T.);
#10633=ORIENTED_EDGE('',*,*,#7737,.T.);
#10634=ORIENTED_EDGE('',*,*,#7741,.T.);
#10635=ORIENTED_EDGE('',*,*,#7773,.F.);
#10636=ORIENTED_EDGE('',*,*,#7408,.T.);
#10637=ORIENTED_EDGE('',*,*,#7729,.T.);
#10638=ORIENTED_EDGE('',*,*,#7733,.T.);
#10639=ORIENTED_EDGE('',*,*,#7774,.F.);
#10640=ORIENTED_EDGE('',*,*,#7554,.T.);
#10641=ORIENTED_EDGE('',*,*,#7718,.T.);
#10642=ORIENTED_EDGE('',*,*,#7725,.T.);
#10643=ORIENTED_EDGE('',*,*,#7775,.F.);
#10644=ORIENTED_EDGE('',*,*,#7570,.T.);
#10645=ORIENTED_EDGE('',*,*,#7717,.T.);
#10646=ORIENTED_EDGE('',*,*,#7715,.T.);
#10647=ORIENTED_EDGE('',*,*,#7776,.F.);
#10648=ORIENTED_EDGE('',*,*,#7490,.T.);
#10649=ORIENTED_EDGE('',*,*,#7702,.T.);
#10650=ORIENTED_EDGE('',*,*,#7709,.T.);
#10651=ORIENTED_EDGE('',*,*,#7777,.F.);
#10652=ORIENTED_EDGE('',*,*,#7506,.T.);
#10653=ORIENTED_EDGE('',*,*,#7701,.T.);
#10654=ORIENTED_EDGE('',*,*,#7699,.T.);
#10655=ORIENTED_EDGE('',*,*,#7778,.F.);
#10656=ORIENTED_EDGE('',*,*,#7562,.T.);
#10657=ORIENTED_EDGE('',*,*,#7686,.T.);
#10658=ORIENTED_EDGE('',*,*,#7693,.T.);
#10659=ORIENTED_EDGE('',*,*,#7779,.F.);
#10660=ORIENTED_EDGE('',*,*,#7546,.T.);
#10661=ORIENTED_EDGE('',*,*,#7685,.T.);
#10662=ORIENTED_EDGE('',*,*,#7683,.T.);
#10663=ORIENTED_EDGE('',*,*,#7780,.F.);
#10664=ORIENTED_EDGE('',*,*,#7514,.T.);
#10665=ORIENTED_EDGE('',*,*,#7670,.T.);
#10666=ORIENTED_EDGE('',*,*,#7677,.T.);
#10667=ORIENTED_EDGE('',*,*,#7781,.F.);
#10668=ORIENTED_EDGE('',*,*,#7538,.T.);
#10669=ORIENTED_EDGE('',*,*,#7669,.T.);
#10670=ORIENTED_EDGE('',*,*,#7667,.T.);
#10671=ORIENTED_EDGE('',*,*,#7782,.F.);
#10672=ORIENTED_EDGE('',*,*,#7522,.T.);
#10673=ORIENTED_EDGE('',*,*,#7654,.T.);
#10674=ORIENTED_EDGE('',*,*,#7661,.T.);
#10675=ORIENTED_EDGE('',*,*,#7783,.F.);
#10676=ORIENTED_EDGE('',*,*,#7530,.T.);
#10677=ORIENTED_EDGE('',*,*,#7653,.T.);
#10678=ORIENTED_EDGE('',*,*,#7651,.T.);
#10679=ORIENTED_EDGE('',*,*,#7784,.F.);
#10680=ORIENTED_EDGE('',*,*,#7498,.T.);
#10681=ORIENTED_EDGE('',*,*,#7638,.T.);
#10682=ORIENTED_EDGE('',*,*,#7643,.T.);
#10683=ORIENTED_EDGE('',*,*,#7785,.F.);
#10684=ORIENTED_EDGE('',*,*,#7482,.F.);
#10685=ORIENTED_EDGE('',*,*,#7637,.T.);
#10686=ORIENTED_EDGE('',*,*,#7624,.T.);
#10687=ORIENTED_EDGE('',*,*,#7616,.T.);
#10688=ORIENTED_EDGE('',*,*,#7626,.T.);
#10689=ORIENTED_EDGE('',*,*,#7636,.T.);
#10690=ORIENTED_EDGE('',*,*,#7786,.F.);
#10691=ORIENTED_EDGE('',*,*,#7787,.T.);
#10692=ORIENTED_EDGE('',*,*,#7788,.F.);
#10693=ORIENTED_EDGE('',*,*,#7789,.T.);
#10694=ORIENTED_EDGE('',*,*,#7790,.F.);
#10695=ORIENTED_EDGE('',*,*,#7789,.F.);
#10696=ORIENTED_EDGE('',*,*,#7791,.F.);
#10697=ORIENTED_EDGE('',*,*,#7767,.F.);
#10698=ORIENTED_EDGE('',*,*,#7792,.F.);
#10699=ORIENTED_EDGE('',*,*,#7793,.F.);
#10700=ORIENTED_EDGE('',*,*,#7794,.F.);
#10701=ORIENTED_EDGE('',*,*,#7787,.F.);
#10702=ORIENTED_EDGE('',*,*,#7788,.T.);
#10703=ORIENTED_EDGE('',*,*,#7794,.T.);
#10704=ORIENTED_EDGE('',*,*,#7795,.T.);
#10705=ORIENTED_EDGE('',*,*,#7796,.F.);
#10706=ORIENTED_EDGE('',*,*,#7768,.F.);
#10707=ORIENTED_EDGE('',*,*,#7791,.T.);
#10708=ORIENTED_EDGE('',*,*,#7797,.T.);
#10709=ORIENTED_EDGE('',*,*,#7798,.F.);
#10710=ORIENTED_EDGE('',*,*,#7799,.T.);
#10711=ORIENTED_EDGE('',*,*,#7797,.F.);
#10712=ORIENTED_EDGE('',*,*,#7799,.F.);
#10713=ORIENTED_EDGE('',*,*,#7405,.F.);
#10714=ORIENTED_EDGE('',*,*,#7411,.T.);
#10715=ORIENTED_EDGE('',*,*,#7726,.T.);
#10716=ORIENTED_EDGE('',*,*,#7731,.T.);
#10717=ORIENTED_EDGE('',*,*,#7552,.F.);
#10718=ORIENTED_EDGE('',*,*,#7557,.T.);
#10719=ORIENTED_EDGE('',*,*,#7720,.T.);
#10720=ORIENTED_EDGE('',*,*,#7723,.T.);
#10721=ORIENTED_EDGE('',*,*,#7568,.F.);
#10722=ORIENTED_EDGE('',*,*,#7573,.T.);
#10723=ORIENTED_EDGE('',*,*,#7710,.T.);
#10724=ORIENTED_EDGE('',*,*,#7713,.T.);
#10725=ORIENTED_EDGE('',*,*,#7488,.F.);
#10726=ORIENTED_EDGE('',*,*,#7493,.T.);
#10727=ORIENTED_EDGE('',*,*,#7704,.T.);
#10728=ORIENTED_EDGE('',*,*,#7707,.T.);
#10729=ORIENTED_EDGE('',*,*,#7504,.F.);
#10730=ORIENTED_EDGE('',*,*,#7509,.T.);
#10731=ORIENTED_EDGE('',*,*,#7694,.T.);
#10732=ORIENTED_EDGE('',*,*,#7697,.T.);
#10733=ORIENTED_EDGE('',*,*,#7560,.F.);
#10734=ORIENTED_EDGE('',*,*,#7565,.T.);
#10735=ORIENTED_EDGE('',*,*,#7688,.T.);
#10736=ORIENTED_EDGE('',*,*,#7691,.T.);
#10737=ORIENTED_EDGE('',*,*,#7544,.F.);
#10738=ORIENTED_EDGE('',*,*,#7549,.T.);
#10739=ORIENTED_EDGE('',*,*,#7678,.T.);
#10740=ORIENTED_EDGE('',*,*,#7681,.T.);
#10741=ORIENTED_EDGE('',*,*,#7512,.F.);
#10742=ORIENTED_EDGE('',*,*,#7517,.T.);
#10743=ORIENTED_EDGE('',*,*,#7672,.T.);
#10744=ORIENTED_EDGE('',*,*,#7675,.T.);
#10745=ORIENTED_EDGE('',*,*,#7536,.F.);
#10746=ORIENTED_EDGE('',*,*,#7541,.T.);
#10747=ORIENTED_EDGE('',*,*,#7662,.T.);
#10748=ORIENTED_EDGE('',*,*,#7665,.T.);
#10749=ORIENTED_EDGE('',*,*,#7520,.F.);
#10750=ORIENTED_EDGE('',*,*,#7525,.T.);
#10751=ORIENTED_EDGE('',*,*,#7656,.T.);
#10752=ORIENTED_EDGE('',*,*,#7659,.T.);
#10753=ORIENTED_EDGE('',*,*,#7528,.F.);
#10754=ORIENTED_EDGE('',*,*,#7533,.T.);
#10755=ORIENTED_EDGE('',*,*,#7646,.T.);
#10756=ORIENTED_EDGE('',*,*,#7649,.T.);
#10757=ORIENTED_EDGE('',*,*,#7496,.F.);
#10758=ORIENTED_EDGE('',*,*,#7501,.T.);
#10759=ORIENTED_EDGE('',*,*,#7644,.T.);
#10760=ORIENTED_EDGE('',*,*,#7640,.T.);
#10761=ORIENTED_EDGE('',*,*,#7479,.F.);
#10762=ORIENTED_EDGE('',*,*,#7485,.F.);
#10763=ORIENTED_EDGE('',*,*,#7800,.T.);
#10764=ORIENTED_EDGE('',*,*,#7801,.F.);
#10765=ORIENTED_EDGE('',*,*,#7584,.F.);
#10766=ORIENTED_EDGE('',*,*,#7589,.T.);
#10767=ORIENTED_EDGE('',*,*,#7763,.T.);
#10768=ORIENTED_EDGE('',*,*,#7601,.T.);
#10769=ORIENTED_EDGE('',*,*,#7600,.F.);
#10770=ORIENTED_EDGE('',*,*,#7759,.T.);
#10771=ORIENTED_EDGE('',*,*,#7750,.T.);
#10772=ORIENTED_EDGE('',*,*,#7760,.T.);
#10773=ORIENTED_EDGE('',*,*,#7592,.F.);
#10774=ORIENTED_EDGE('',*,*,#7597,.T.);
#10775=ORIENTED_EDGE('',*,*,#7742,.T.);
#10776=ORIENTED_EDGE('',*,*,#7747,.T.);
#10777=ORIENTED_EDGE('',*,*,#7576,.F.);
#10778=ORIENTED_EDGE('',*,*,#7581,.T.);
#10779=ORIENTED_EDGE('',*,*,#7734,.T.);
#10780=ORIENTED_EDGE('',*,*,#7739,.T.);
#10781=ORIENTED_EDGE('',*,*,#7608,.T.);
#10782=ORIENTED_EDGE('',*,*,#7611,.T.);
#10783=ORIENTED_EDGE('',*,*,#7802,.F.);
#10784=ORIENTED_EDGE('',*,*,#7800,.F.);
#10785=ORIENTED_EDGE('',*,*,#7484,.F.);
#10786=ORIENTED_EDGE('',*,*,#7803,.T.);
#10787=ORIENTED_EDGE('',*,*,#7804,.F.);
#10788=ORIENTED_EDGE('',*,*,#7803,.F.);
#10789=ORIENTED_EDGE('',*,*,#7483,.F.);
#10790=ORIENTED_EDGE('',*,*,#7785,.T.);
#10791=ORIENTED_EDGE('',*,*,#7642,.T.);
#10792=ORIENTED_EDGE('',*,*,#7645,.T.);
#10793=ORIENTED_EDGE('',*,*,#7499,.T.);
#10794=ORIENTED_EDGE('',*,*,#7784,.T.);
#10795=ORIENTED_EDGE('',*,*,#7650,.T.);
#10796=ORIENTED_EDGE('',*,*,#7647,.T.);
#10797=ORIENTED_EDGE('',*,*,#7531,.T.);
#10798=ORIENTED_EDGE('',*,*,#7783,.T.);
#10799=ORIENTED_EDGE('',*,*,#7660,.T.);
#10800=ORIENTED_EDGE('',*,*,#7657,.T.);
#10801=ORIENTED_EDGE('',*,*,#7523,.T.);
#10802=ORIENTED_EDGE('',*,*,#7782,.T.);
#10803=ORIENTED_EDGE('',*,*,#7666,.T.);
#10804=ORIENTED_EDGE('',*,*,#7663,.T.);
#10805=ORIENTED_EDGE('',*,*,#7539,.T.);
#10806=ORIENTED_EDGE('',*,*,#7781,.T.);
#10807=ORIENTED_EDGE('',*,*,#7676,.T.);
#10808=ORIENTED_EDGE('',*,*,#7673,.T.);
#10809=ORIENTED_EDGE('',*,*,#7515,.T.);
#10810=ORIENTED_EDGE('',*,*,#7780,.T.);
#10811=ORIENTED_EDGE('',*,*,#7682,.T.);
#10812=ORIENTED_EDGE('',*,*,#7679,.T.);
#10813=ORIENTED_EDGE('',*,*,#7547,.T.);
#10814=ORIENTED_EDGE('',*,*,#7779,.T.);
#10815=ORIENTED_EDGE('',*,*,#7692,.T.);
#10816=ORIENTED_EDGE('',*,*,#7689,.T.);
#10817=ORIENTED_EDGE('',*,*,#7563,.T.);
#10818=ORIENTED_EDGE('',*,*,#7778,.T.);
#10819=ORIENTED_EDGE('',*,*,#7698,.T.);
#10820=ORIENTED_EDGE('',*,*,#7695,.T.);
#10821=ORIENTED_EDGE('',*,*,#7507,.T.);
#10822=ORIENTED_EDGE('',*,*,#7777,.T.);
#10823=ORIENTED_EDGE('',*,*,#7708,.T.);
#10824=ORIENTED_EDGE('',*,*,#7705,.T.);
#10825=ORIENTED_EDGE('',*,*,#7491,.T.);
#10826=ORIENTED_EDGE('',*,*,#7776,.T.);
#10827=ORIENTED_EDGE('',*,*,#7714,.T.);
#10828=ORIENTED_EDGE('',*,*,#7711,.T.);
#10829=ORIENTED_EDGE('',*,*,#7571,.T.);
#10830=ORIENTED_EDGE('',*,*,#7775,.T.);
#10831=ORIENTED_EDGE('',*,*,#7724,.T.);
#10832=ORIENTED_EDGE('',*,*,#7721,.T.);
#10833=ORIENTED_EDGE('',*,*,#7555,.T.);
#10834=ORIENTED_EDGE('',*,*,#7774,.T.);
#10835=ORIENTED_EDGE('',*,*,#7732,.T.);
#10836=ORIENTED_EDGE('',*,*,#7727,.T.);
#10837=ORIENTED_EDGE('',*,*,#7409,.T.);
#10838=ORIENTED_EDGE('',*,*,#7773,.T.);
#10839=ORIENTED_EDGE('',*,*,#7740,.T.);
#10840=ORIENTED_EDGE('',*,*,#7735,.T.);
#10841=ORIENTED_EDGE('',*,*,#7579,.T.);
#10842=ORIENTED_EDGE('',*,*,#7772,.T.);
#10843=ORIENTED_EDGE('',*,*,#7748,.T.);
#10844=ORIENTED_EDGE('',*,*,#7743,.T.);
#10845=ORIENTED_EDGE('',*,*,#7595,.T.);
#10846=ORIENTED_EDGE('',*,*,#7771,.T.);
#10847=ORIENTED_EDGE('',*,*,#7761,.T.);
#10848=ORIENTED_EDGE('',*,*,#7752,.T.);
#10849=ORIENTED_EDGE('',*,*,#7758,.T.);
#10850=ORIENTED_EDGE('',*,*,#7770,.T.);
#10851=ORIENTED_EDGE('',*,*,#7603,.T.);
#10852=ORIENTED_EDGE('',*,*,#7764,.T.);
#10853=ORIENTED_EDGE('',*,*,#7587,.T.);
#10854=ORIENTED_EDGE('',*,*,#7769,.T.);
#10855=ORIENTED_EDGE('',*,*,#7796,.T.);
#10856=ORIENTED_EDGE('',*,*,#7805,.T.);
#10857=ORIENTED_EDGE('',*,*,#7606,.T.);
#10858=ORIENTED_EDGE('',*,*,#7609,.T.);
#10859=ORIENTED_EDGE('',*,*,#7806,.F.);
#10860=ORIENTED_EDGE('',*,*,#7805,.F.);
#10861=ORIENTED_EDGE('',*,*,#7795,.F.);
#10862=ORIENTED_EDGE('',*,*,#7793,.T.);
#10863=ORIENTED_EDGE('',*,*,#7582,.F.);
#10864=ORIENTED_EDGE('',*,*,#7801,.T.);
#10865=ORIENTED_EDGE('',*,*,#7802,.T.);
#10866=ORIENTED_EDGE('',*,*,#7804,.T.);
#10867=ORIENTED_EDGE('',*,*,#7806,.T.);
#10868=ORIENTED_EDGE('',*,*,#7792,.T.);
#10869=ORIENTED_EDGE('',*,*,#7786,.T.);
#10870=ORIENTED_EDGE('',*,*,#7790,.T.);
#10871=ORIENTED_EDGE('',*,*,#7766,.T.);
#10872=ORIENTED_EDGE('',*,*,#7635,.T.);
#10873=ORIENTED_EDGE('',*,*,#7428,.T.);
#10874=ORIENTED_EDGE('',*,*,#7798,.T.);
#10875=ORIENTED_EDGE('',*,*,#7807,.F.);
#10876=ORIENTED_EDGE('',*,*,#7808,.T.);
#10877=ORIENTED_EDGE('',*,*,#7809,.F.);
#10878=ORIENTED_EDGE('',*,*,#7810,.F.);
#10879=ORIENTED_EDGE('',*,*,#7811,.F.);
#10880=ORIENTED_EDGE('',*,*,#7810,.T.);
#10881=ORIENTED_EDGE('',*,*,#7812,.F.);
#10882=ORIENTED_EDGE('',*,*,#7813,.F.);
#10883=ORIENTED_EDGE('',*,*,#7814,.F.);
#10884=ORIENTED_EDGE('',*,*,#7813,.T.);
#10885=ORIENTED_EDGE('',*,*,#7815,.F.);
#10886=ORIENTED_EDGE('',*,*,#7816,.F.);
#10887=ORIENTED_EDGE('',*,*,#7817,.F.);
#10888=ORIENTED_EDGE('',*,*,#7816,.T.);
#10889=ORIENTED_EDGE('',*,*,#7818,.F.);
#10890=ORIENTED_EDGE('',*,*,#7808,.F.);
#10891=ORIENTED_EDGE('',*,*,#7818,.T.);
#10892=ORIENTED_EDGE('',*,*,#7815,.T.);
#10893=ORIENTED_EDGE('',*,*,#7812,.T.);
#10894=ORIENTED_EDGE('',*,*,#7809,.T.);
#10895=ORIENTED_EDGE('',*,*,#7819,.F.);
#10896=ORIENTED_EDGE('',*,*,#7820,.T.);
#10897=ORIENTED_EDGE('',*,*,#7821,.F.);
#10898=ORIENTED_EDGE('',*,*,#7820,.F.);
#10899=ORIENTED_EDGE('',*,*,#7822,.F.);
#10900=ORIENTED_EDGE('',*,*,#7823,.T.);
#10901=ORIENTED_EDGE('',*,*,#7824,.T.);
#10902=ORIENTED_EDGE('',*,*,#7823,.F.);
#10903=ORIENTED_EDGE('',*,*,#7824,.F.);
#10904=ORIENTED_EDGE('',*,*,#7825,.T.);
#10905=ORIENTED_EDGE('',*,*,#7826,.T.);
#10906=ORIENTED_EDGE('',*,*,#7825,.F.);
#10907=ORIENTED_EDGE('',*,*,#7826,.F.);
#10908=ORIENTED_EDGE('',*,*,#7827,.F.);
#10909=ORIENTED_EDGE('',*,*,#7828,.F.);
#10910=ORIENTED_EDGE('',*,*,#7829,.T.);
#10911=ORIENTED_EDGE('',*,*,#7830,.T.);
#10912=ORIENTED_EDGE('',*,*,#7829,.F.);
#10913=ORIENTED_EDGE('',*,*,#7830,.F.);
#10914=ORIENTED_EDGE('',*,*,#7831,.T.);
#10915=ORIENTED_EDGE('',*,*,#7832,.T.);
#10916=ORIENTED_EDGE('',*,*,#7831,.F.);
#10917=ORIENTED_EDGE('',*,*,#7832,.F.);
#10918=ORIENTED_EDGE('',*,*,#7833,.F.);
#10919=ORIENTED_EDGE('',*,*,#7834,.F.);
#10920=ORIENTED_EDGE('',*,*,#7835,.T.);
#10921=ORIENTED_EDGE('',*,*,#7833,.T.);
#10922=ORIENTED_EDGE('',*,*,#7835,.F.);
#10923=ORIENTED_EDGE('',*,*,#7836,.F.);
#10924=ORIENTED_EDGE('',*,*,#7837,.T.);
#10925=ORIENTED_EDGE('',*,*,#7838,.F.);
#10926=ORIENTED_EDGE('',*,*,#7839,.F.);
#10927=ORIENTED_EDGE('',*,*,#7840,.F.);
#10928=ORIENTED_EDGE('',*,*,#7839,.T.);
#10929=ORIENTED_EDGE('',*,*,#7841,.F.);
#10930=ORIENTED_EDGE('',*,*,#7842,.F.);
#10931=ORIENTED_EDGE('',*,*,#7843,.F.);
#10932=ORIENTED_EDGE('',*,*,#7844,.T.);
#10933=ORIENTED_EDGE('',*,*,#7845,.F.);
#10934=ORIENTED_EDGE('',*,*,#7837,.F.);
#10935=ORIENTED_EDGE('',*,*,#7845,.T.);
#10936=ORIENTED_EDGE('',*,*,#7846,.T.);
#10937=ORIENTED_EDGE('',*,*,#7841,.T.);
#10938=ORIENTED_EDGE('',*,*,#7838,.T.);
#10939=ORIENTED_EDGE('',*,*,#7834,.T.);
#10940=ORIENTED_EDGE('',*,*,#7847,.F.);
#10941=ORIENTED_EDGE('',*,*,#7848,.T.);
#10942=ORIENTED_EDGE('',*,*,#7827,.T.);
#10943=ORIENTED_EDGE('',*,*,#7848,.F.);
#10944=ORIENTED_EDGE('',*,*,#7849,.F.);
#10945=ORIENTED_EDGE('',*,*,#7850,.T.);
#10946=ORIENTED_EDGE('',*,*,#7851,.F.);
#10947=ORIENTED_EDGE('',*,*,#7852,.F.);
#10948=ORIENTED_EDGE('',*,*,#7853,.F.);
#10949=ORIENTED_EDGE('',*,*,#7854,.T.);
#10950=ORIENTED_EDGE('',*,*,#7855,.F.);
#10951=ORIENTED_EDGE('',*,*,#7850,.F.);
#10952=ORIENTED_EDGE('',*,*,#7855,.T.);
#10953=ORIENTED_EDGE('',*,*,#7856,.T.);
#10954=ORIENTED_EDGE('',*,*,#7857,.T.);
#10955=ORIENTED_EDGE('',*,*,#7851,.T.);
#10956=ORIENTED_EDGE('',*,*,#7847,.T.);
#10957=ORIENTED_EDGE('',*,*,#7840,.T.);
#10958=ORIENTED_EDGE('',*,*,#7858,.T.);
#10959=ORIENTED_EDGE('',*,*,#7859,.T.);
#10960=ORIENTED_EDGE('',*,*,#7860,.F.);
#10961=ORIENTED_EDGE('',*,*,#7861,.F.);
#10962=ORIENTED_EDGE('',*,*,#7862,.F.);
#10963=ORIENTED_EDGE('',*,*,#7863,.F.);
#10964=ORIENTED_EDGE('',*,*,#7864,.F.);
#10965=ORIENTED_EDGE('',*,*,#7865,.T.);
#10966=ORIENTED_EDGE('',*,*,#7853,.T.);
#10967=ORIENTED_EDGE('',*,*,#7849,.T.);
#10968=ORIENTED_EDGE('',*,*,#7866,.T.);
#10969=ORIENTED_EDGE('',*,*,#7843,.T.);
#10970=ORIENTED_EDGE('',*,*,#7836,.T.);
#10971=ORIENTED_EDGE('',*,*,#7807,.T.);
#10972=ORIENTED_EDGE('',*,*,#7811,.T.);
#10973=ORIENTED_EDGE('',*,*,#7814,.T.);
#10974=ORIENTED_EDGE('',*,*,#7817,.T.);
#10975=ORIENTED_EDGE('',*,*,#7821,.T.);
#10976=ORIENTED_EDGE('',*,*,#7867,.T.);
#10977=ORIENTED_EDGE('',*,*,#7868,.T.);
#10978=ORIENTED_EDGE('',*,*,#7869,.F.);
#10979=ORIENTED_EDGE('',*,*,#7870,.T.);
#10980=ORIENTED_EDGE('',*,*,#7871,.F.);
#10981=ORIENTED_EDGE('',*,*,#7872,.T.);
#10982=ORIENTED_EDGE('',*,*,#7873,.F.);
#10983=ORIENTED_EDGE('',*,*,#7874,.T.);
#10984=ORIENTED_EDGE('',*,*,#7875,.F.);
#10985=ORIENTED_EDGE('',*,*,#7876,.T.);
#10986=ORIENTED_EDGE('',*,*,#7877,.T.);
#10987=ORIENTED_EDGE('',*,*,#7878,.T.);
#10988=ORIENTED_EDGE('',*,*,#7879,.T.);
#10989=ORIENTED_EDGE('',*,*,#7880,.T.);
#10990=ORIENTED_EDGE('',*,*,#7875,.T.);
#10991=ORIENTED_EDGE('',*,*,#7881,.T.);
#10992=ORIENTED_EDGE('',*,*,#7880,.F.);
#10993=ORIENTED_EDGE('',*,*,#7882,.F.);
#10994=ORIENTED_EDGE('',*,*,#7883,.F.);
#10995=ORIENTED_EDGE('',*,*,#7868,.F.);
#10996=ORIENTED_EDGE('',*,*,#7884,.T.);
#10997=ORIENTED_EDGE('',*,*,#7885,.T.);
#10998=ORIENTED_EDGE('',*,*,#7869,.T.);
#10999=ORIENTED_EDGE('',*,*,#7883,.T.);
#11000=ORIENTED_EDGE('',*,*,#7885,.F.);
#11001=ORIENTED_EDGE('',*,*,#7886,.F.);
#11002=ORIENTED_EDGE('',*,*,#7887,.F.);
#11003=ORIENTED_EDGE('',*,*,#7870,.F.);
#11004=ORIENTED_EDGE('',*,*,#7888,.T.);
#11005=ORIENTED_EDGE('',*,*,#7889,.T.);
#11006=ORIENTED_EDGE('',*,*,#7871,.T.);
#11007=ORIENTED_EDGE('',*,*,#7887,.T.);
#11008=ORIENTED_EDGE('',*,*,#7889,.F.);
#11009=ORIENTED_EDGE('',*,*,#7890,.F.);
#11010=ORIENTED_EDGE('',*,*,#7891,.F.);
#11011=ORIENTED_EDGE('',*,*,#7872,.F.);
#11012=ORIENTED_EDGE('',*,*,#7892,.T.);
#11013=ORIENTED_EDGE('',*,*,#7893,.T.);
#11014=ORIENTED_EDGE('',*,*,#7873,.T.);
#11015=ORIENTED_EDGE('',*,*,#7891,.T.);
#11016=ORIENTED_EDGE('',*,*,#7881,.F.);
#11017=ORIENTED_EDGE('',*,*,#7874,.F.);
#11018=ORIENTED_EDGE('',*,*,#7893,.F.);
#11019=ORIENTED_EDGE('',*,*,#7894,.F.);
#11020=ORIENTED_EDGE('',*,*,#7895,.F.);
#11021=ORIENTED_EDGE('',*,*,#7896,.T.);
#11022=ORIENTED_EDGE('',*,*,#7878,.F.);
#11023=ORIENTED_EDGE('',*,*,#7896,.F.);
#11024=ORIENTED_EDGE('',*,*,#7897,.F.);
#11025=ORIENTED_EDGE('',*,*,#7898,.T.);
#11026=ORIENTED_EDGE('',*,*,#7877,.F.);
#11027=ORIENTED_EDGE('',*,*,#7898,.F.);
#11028=ORIENTED_EDGE('',*,*,#7899,.F.);
#11029=ORIENTED_EDGE('',*,*,#7900,.T.);
#11030=ORIENTED_EDGE('',*,*,#7876,.F.);
#11031=ORIENTED_EDGE('',*,*,#7900,.F.);
#11032=ORIENTED_EDGE('',*,*,#7901,.F.);
#11033=ORIENTED_EDGE('',*,*,#7902,.T.);
#11034=ORIENTED_EDGE('',*,*,#7867,.F.);
#11035=ORIENTED_EDGE('',*,*,#7902,.F.);
#11036=ORIENTED_EDGE('',*,*,#7903,.T.);
#11037=ORIENTED_EDGE('',*,*,#7904,.T.);
#11038=ORIENTED_EDGE('',*,*,#7864,.T.);
#11039=ORIENTED_EDGE('',*,*,#7905,.T.);
#11040=ORIENTED_EDGE('',*,*,#7906,.T.);
#11041=ORIENTED_EDGE('',*,*,#7907,.T.);
#11042=ORIENTED_EDGE('',*,*,#7860,.T.);
#11043=ORIENTED_EDGE('',*,*,#7908,.T.);
#11044=ORIENTED_EDGE('',*,*,#7909,.T.);
#11045=ORIENTED_EDGE('',*,*,#7910,.T.);
#11046=ORIENTED_EDGE('',*,*,#7911,.T.);
#11047=ORIENTED_EDGE('',*,*,#7912,.T.);
#11048=ORIENTED_EDGE('',*,*,#7906,.F.);
#11049=ORIENTED_EDGE('',*,*,#7913,.F.);
#11050=ORIENTED_EDGE('',*,*,#7914,.F.);
#11051=ORIENTED_EDGE('',*,*,#7915,.F.);
#11052=ORIENTED_EDGE('',*,*,#7907,.F.);
#11053=ORIENTED_EDGE('',*,*,#7915,.T.);
#11054=ORIENTED_EDGE('',*,*,#7916,.F.);
#11055=ORIENTED_EDGE('',*,*,#7861,.T.);
#11056=ORIENTED_EDGE('',*,*,#7908,.F.);
#11057=ORIENTED_EDGE('',*,*,#7859,.F.);
#11058=ORIENTED_EDGE('',*,*,#7917,.T.);
#11059=ORIENTED_EDGE('',*,*,#7918,.T.);
#11060=ORIENTED_EDGE('',*,*,#7919,.F.);
#11061=ORIENTED_EDGE('',*,*,#7920,.F.);
#11062=ORIENTED_EDGE('',*,*,#7912,.F.);
#11063=ORIENTED_EDGE('',*,*,#7921,.T.);
#11064=ORIENTED_EDGE('',*,*,#7922,.T.);
#11065=ORIENTED_EDGE('',*,*,#7921,.F.);
#11066=ORIENTED_EDGE('',*,*,#7911,.F.);
#11067=ORIENTED_EDGE('',*,*,#7923,.T.);
#11068=ORIENTED_EDGE('',*,*,#7924,.T.);
#11069=ORIENTED_EDGE('',*,*,#7923,.F.);
#11070=ORIENTED_EDGE('',*,*,#7910,.F.);
#11071=ORIENTED_EDGE('',*,*,#7925,.T.);
#11072=ORIENTED_EDGE('',*,*,#7926,.T.);
#11073=ORIENTED_EDGE('',*,*,#7925,.F.);
#11074=ORIENTED_EDGE('',*,*,#7909,.F.);
#11075=ORIENTED_EDGE('',*,*,#7927,.T.);
#11076=ORIENTED_EDGE('',*,*,#7928,.T.);
#11077=ORIENTED_EDGE('',*,*,#7927,.F.);
#11078=ORIENTED_EDGE('',*,*,#7905,.F.);
#11079=ORIENTED_EDGE('',*,*,#7863,.T.);
#11080=ORIENTED_EDGE('',*,*,#7929,.T.);
#11081=ORIENTED_EDGE('',*,*,#7913,.T.);
#11082=ORIENTED_EDGE('',*,*,#7862,.T.);
#11083=ORIENTED_EDGE('',*,*,#7916,.T.);
#11084=ORIENTED_EDGE('',*,*,#7914,.T.);
#11085=ORIENTED_EDGE('',*,*,#7929,.F.);
#11086=ORIENTED_EDGE('',*,*,#7922,.F.);
#11087=ORIENTED_EDGE('',*,*,#7924,.F.);
#11088=ORIENTED_EDGE('',*,*,#7926,.F.);
#11089=ORIENTED_EDGE('',*,*,#7928,.F.);
#11090=ORIENTED_EDGE('',*,*,#7930,.T.);
#11091=ORIENTED_EDGE('',*,*,#7931,.T.);
#11092=ORIENTED_EDGE('',*,*,#7932,.F.);
#11093=ORIENTED_EDGE('',*,*,#7919,.T.);
#11094=ORIENTED_EDGE('',*,*,#7903,.F.);
#11095=ORIENTED_EDGE('',*,*,#7920,.T.);
#11096=ORIENTED_EDGE('',*,*,#7932,.T.);
#11097=ORIENTED_EDGE('',*,*,#7933,.T.);
#11098=ORIENTED_EDGE('',*,*,#7930,.F.);
#11099=ORIENTED_EDGE('',*,*,#7918,.F.);
#11100=ORIENTED_EDGE('',*,*,#7934,.F.);
#11101=ORIENTED_EDGE('',*,*,#7935,.F.);
#11102=ORIENTED_EDGE('',*,*,#7819,.T.);
#11103=ORIENTED_EDGE('',*,*,#7822,.T.);
#11104=ORIENTED_EDGE('',*,*,#7828,.T.);
#11105=ORIENTED_EDGE('',*,*,#7895,.T.);
#11106=ORIENTED_EDGE('',*,*,#7897,.T.);
#11107=ORIENTED_EDGE('',*,*,#7899,.T.);
#11108=ORIENTED_EDGE('',*,*,#7882,.T.);
#11109=ORIENTED_EDGE('',*,*,#7879,.F.);
#11110=ORIENTED_EDGE('',*,*,#7894,.T.);
#11111=ORIENTED_EDGE('',*,*,#7892,.F.);
#11112=ORIENTED_EDGE('',*,*,#7890,.T.);
#11113=ORIENTED_EDGE('',*,*,#7888,.F.);
#11114=ORIENTED_EDGE('',*,*,#7886,.T.);
#11115=ORIENTED_EDGE('',*,*,#7884,.F.);
#11116=ORIENTED_EDGE('',*,*,#7901,.T.);
#11117=ORIENTED_EDGE('',*,*,#7904,.F.);
#11118=ORIENTED_EDGE('',*,*,#7933,.F.);
#11119=ORIENTED_EDGE('',*,*,#7931,.F.);
#11120=ORIENTED_EDGE('',*,*,#7935,.T.);
#11121=ORIENTED_EDGE('',*,*,#7936,.T.);
#11122=ORIENTED_EDGE('',*,*,#7856,.F.);
#11123=ORIENTED_EDGE('',*,*,#7854,.F.);
#11124=ORIENTED_EDGE('',*,*,#7865,.F.);
#11125=ORIENTED_EDGE('',*,*,#7936,.F.);
#11126=ORIENTED_EDGE('',*,*,#7934,.T.);
#11127=ORIENTED_EDGE('',*,*,#7917,.F.);
#11128=ORIENTED_EDGE('',*,*,#7858,.F.);
#11129=ORIENTED_EDGE('',*,*,#7842,.T.);
#11130=ORIENTED_EDGE('',*,*,#7846,.F.);
#11131=ORIENTED_EDGE('',*,*,#7844,.F.);
#11132=ORIENTED_EDGE('',*,*,#7866,.F.);
#11133=ORIENTED_EDGE('',*,*,#7852,.T.);
#11134=ORIENTED_EDGE('',*,*,#7857,.F.);
#11135=ORIENTED_EDGE('',*,*,#7937,.F.);
#11136=ORIENTED_EDGE('',*,*,#7938,.T.);
#11137=ORIENTED_EDGE('',*,*,#7939,.F.);
#11138=ORIENTED_EDGE('',*,*,#7940,.F.);
#11139=ORIENTED_EDGE('',*,*,#7941,.F.);
#11140=ORIENTED_EDGE('',*,*,#7940,.T.);
#11141=ORIENTED_EDGE('',*,*,#7942,.F.);
#11142=ORIENTED_EDGE('',*,*,#7943,.F.);
#11143=ORIENTED_EDGE('',*,*,#7944,.F.);
#11144=ORIENTED_EDGE('',*,*,#7943,.T.);
#11145=ORIENTED_EDGE('',*,*,#7945,.F.);
#11146=ORIENTED_EDGE('',*,*,#7946,.F.);
#11147=ORIENTED_EDGE('',*,*,#7947,.F.);
#11148=ORIENTED_EDGE('',*,*,#7946,.T.);
#11149=ORIENTED_EDGE('',*,*,#7948,.F.);
#11150=ORIENTED_EDGE('',*,*,#7938,.F.);
#11151=ORIENTED_EDGE('',*,*,#7948,.T.);
#11152=ORIENTED_EDGE('',*,*,#7945,.T.);
#11153=ORIENTED_EDGE('',*,*,#7942,.T.);
#11154=ORIENTED_EDGE('',*,*,#7939,.T.);
#11155=ORIENTED_EDGE('',*,*,#7949,.F.);
#11156=ORIENTED_EDGE('',*,*,#7950,.T.);
#11157=ORIENTED_EDGE('',*,*,#7951,.F.);
#11158=ORIENTED_EDGE('',*,*,#7950,.F.);
#11159=ORIENTED_EDGE('',*,*,#7952,.F.);
#11160=ORIENTED_EDGE('',*,*,#7953,.T.);
#11161=ORIENTED_EDGE('',*,*,#7954,.F.);
#11162=ORIENTED_EDGE('',*,*,#7953,.F.);
#11163=ORIENTED_EDGE('',*,*,#7955,.F.);
#11164=ORIENTED_EDGE('',*,*,#7956,.T.);
#11165=ORIENTED_EDGE('',*,*,#7957,.T.);
#11166=ORIENTED_EDGE('',*,*,#7956,.F.);
#11167=ORIENTED_EDGE('',*,*,#7957,.F.);
#11168=ORIENTED_EDGE('',*,*,#7958,.T.);
#11169=ORIENTED_EDGE('',*,*,#7959,.T.);
#11170=ORIENTED_EDGE('',*,*,#7958,.F.);
#11171=ORIENTED_EDGE('',*,*,#7959,.F.);
#11172=ORIENTED_EDGE('',*,*,#7960,.F.);
#11173=ORIENTED_EDGE('',*,*,#7961,.F.);
#11174=ORIENTED_EDGE('',*,*,#7962,.T.);
#11175=ORIENTED_EDGE('',*,*,#7963,.T.);
#11176=ORIENTED_EDGE('',*,*,#7962,.F.);
#11177=ORIENTED_EDGE('',*,*,#7963,.F.);
#11178=ORIENTED_EDGE('',*,*,#7964,.T.);
#11179=ORIENTED_EDGE('',*,*,#7965,.T.);
#11180=ORIENTED_EDGE('',*,*,#7964,.F.);
#11181=ORIENTED_EDGE('',*,*,#7965,.F.);
#11182=ORIENTED_EDGE('',*,*,#7966,.F.);
#11183=ORIENTED_EDGE('',*,*,#7967,.F.);
#11184=ORIENTED_EDGE('',*,*,#7968,.T.);
#11185=ORIENTED_EDGE('',*,*,#7969,.T.);
#11186=ORIENTED_EDGE('',*,*,#7968,.F.);
#11187=ORIENTED_EDGE('',*,*,#7969,.F.);
#11188=ORIENTED_EDGE('',*,*,#7970,.T.);
#11189=ORIENTED_EDGE('',*,*,#7971,.T.);
#11190=ORIENTED_EDGE('',*,*,#7970,.F.);
#11191=ORIENTED_EDGE('',*,*,#7971,.F.);
#11192=ORIENTED_EDGE('',*,*,#7972,.F.);
#11193=ORIENTED_EDGE('',*,*,#7973,.F.);
#11194=ORIENTED_EDGE('',*,*,#7974,.T.);
#11195=ORIENTED_EDGE('',*,*,#7960,.T.);
#11196=ORIENTED_EDGE('',*,*,#7974,.F.);
#11197=ORIENTED_EDGE('',*,*,#7975,.F.);
#11198=ORIENTED_EDGE('',*,*,#7976,.T.);
#11199=ORIENTED_EDGE('',*,*,#7977,.F.);
#11200=ORIENTED_EDGE('',*,*,#7978,.F.);
#11201=ORIENTED_EDGE('',*,*,#7979,.F.);
#11202=ORIENTED_EDGE('',*,*,#7978,.T.);
#11203=ORIENTED_EDGE('',*,*,#7980,.F.);
#11204=ORIENTED_EDGE('',*,*,#7981,.F.);
#11205=ORIENTED_EDGE('',*,*,#7982,.T.);
#11206=ORIENTED_EDGE('',*,*,#7980,.T.);
#11207=ORIENTED_EDGE('',*,*,#7977,.T.);
#11208=ORIENTED_EDGE('',*,*,#7983,.T.);
#11209=ORIENTED_EDGE('',*,*,#7973,.T.);
#11210=ORIENTED_EDGE('',*,*,#7984,.F.);
#11211=ORIENTED_EDGE('',*,*,#7985,.T.);
#11212=ORIENTED_EDGE('',*,*,#7966,.T.);
#11213=ORIENTED_EDGE('',*,*,#7985,.F.);
#11214=ORIENTED_EDGE('',*,*,#7986,.F.);
#11215=ORIENTED_EDGE('',*,*,#7987,.T.);
#11216=ORIENTED_EDGE('',*,*,#7988,.F.);
#11217=ORIENTED_EDGE('',*,*,#7989,.F.);
#11218=ORIENTED_EDGE('',*,*,#7990,.F.);
#11219=ORIENTED_EDGE('',*,*,#7989,.T.);
#11220=ORIENTED_EDGE('',*,*,#7991,.F.);
#11221=ORIENTED_EDGE('',*,*,#7992,.F.);
#11222=ORIENTED_EDGE('',*,*,#7993,.F.);
#11223=ORIENTED_EDGE('',*,*,#7992,.T.);
#11224=ORIENTED_EDGE('',*,*,#7994,.F.);
#11225=ORIENTED_EDGE('',*,*,#7995,.F.);
#11226=ORIENTED_EDGE('',*,*,#7996,.T.);
#11227=ORIENTED_EDGE('',*,*,#7994,.T.);
#11228=ORIENTED_EDGE('',*,*,#7991,.T.);
#11229=ORIENTED_EDGE('',*,*,#7988,.T.);
#11230=ORIENTED_EDGE('',*,*,#7984,.T.);
#11231=ORIENTED_EDGE('',*,*,#7997,.F.);
#11232=ORIENTED_EDGE('',*,*,#7998,.T.);
#11233=ORIENTED_EDGE('',*,*,#7972,.T.);
#11234=ORIENTED_EDGE('',*,*,#7998,.F.);
#11235=ORIENTED_EDGE('',*,*,#7999,.F.);
#11236=ORIENTED_EDGE('',*,*,#8000,.T.);
#11237=ORIENTED_EDGE('',*,*,#8001,.F.);
#11238=ORIENTED_EDGE('',*,*,#8002,.F.);
#11239=ORIENTED_EDGE('',*,*,#8003,.F.);
#11240=ORIENTED_EDGE('',*,*,#8002,.T.);
#11241=ORIENTED_EDGE('',*,*,#8004,.F.);
#11242=ORIENTED_EDGE('',*,*,#8005,.F.);
#11243=ORIENTED_EDGE('',*,*,#8006,.F.);
#11244=ORIENTED_EDGE('',*,*,#8007,.T.);
#11245=ORIENTED_EDGE('',*,*,#8008,.F.);
#11246=ORIENTED_EDGE('',*,*,#8000,.F.);
#11247=ORIENTED_EDGE('',*,*,#8008,.T.);
#11248=ORIENTED_EDGE('',*,*,#8009,.T.);
#11249=ORIENTED_EDGE('',*,*,#8004,.T.);
#11250=ORIENTED_EDGE('',*,*,#8001,.T.);
#11251=ORIENTED_EDGE('',*,*,#7997,.T.);
#11252=ORIENTED_EDGE('',*,*,#8010,.F.);
#11253=ORIENTED_EDGE('',*,*,#8011,.T.);
#11254=ORIENTED_EDGE('',*,*,#8012,.F.);
#11255=ORIENTED_EDGE('',*,*,#8011,.F.);
#11256=ORIENTED_EDGE('',*,*,#8013,.T.);
#11257=ORIENTED_EDGE('',*,*,#8014,.F.);
#11258=ORIENTED_EDGE('',*,*,#8015,.F.);
#11259=ORIENTED_EDGE('',*,*,#8016,.T.);
#11260=ORIENTED_EDGE('',*,*,#8017,.F.);
#11261=ORIENTED_EDGE('',*,*,#8018,.F.);
#11262=ORIENTED_EDGE('',*,*,#8019,.T.);
#11263=ORIENTED_EDGE('',*,*,#7995,.T.);
#11264=ORIENTED_EDGE('',*,*,#7996,.F.);
#11265=ORIENTED_EDGE('',*,*,#7987,.F.);
#11266=ORIENTED_EDGE('',*,*,#8020,.T.);
#11267=ORIENTED_EDGE('',*,*,#8017,.T.);
#11268=ORIENTED_EDGE('',*,*,#8021,.T.);
#11269=ORIENTED_EDGE('',*,*,#8022,.T.);
#11270=ORIENTED_EDGE('',*,*,#7983,.F.);
#11271=ORIENTED_EDGE('',*,*,#7976,.F.);
#11272=ORIENTED_EDGE('',*,*,#8023,.F.);
#11273=ORIENTED_EDGE('',*,*,#8024,.F.);
#11274=ORIENTED_EDGE('',*,*,#8021,.F.);
#11275=ORIENTED_EDGE('',*,*,#8016,.F.);
#11276=ORIENTED_EDGE('',*,*,#7949,.T.);
#11277=ORIENTED_EDGE('',*,*,#7952,.T.);
#11278=ORIENTED_EDGE('',*,*,#7955,.T.);
#11279=ORIENTED_EDGE('',*,*,#7961,.T.);
#11280=ORIENTED_EDGE('',*,*,#7967,.T.);
#11281=ORIENTED_EDGE('',*,*,#8010,.T.);
#11282=ORIENTED_EDGE('',*,*,#8023,.T.);
#11283=ORIENTED_EDGE('',*,*,#8015,.T.);
#11284=ORIENTED_EDGE('',*,*,#8025,.F.);
#11285=ORIENTED_EDGE('',*,*,#8026,.T.);
#11286=ORIENTED_EDGE('',*,*,#8027,.T.);
#11287=ORIENTED_EDGE('',*,*,#8028,.F.);
#11288=ORIENTED_EDGE('',*,*,#8029,.F.);
#11289=ORIENTED_EDGE('',*,*,#8030,.F.);
#11290=ORIENTED_EDGE('',*,*,#8031,.T.);
#11291=ORIENTED_EDGE('',*,*,#8032,.T.);
#11292=ORIENTED_EDGE('',*,*,#8029,.T.);
#11293=ORIENTED_EDGE('',*,*,#8033,.F.);
#11294=ORIENTED_EDGE('',*,*,#8034,.F.);
#11295=ORIENTED_EDGE('',*,*,#8035,.F.);
#11296=ORIENTED_EDGE('',*,*,#8036,.F.);
#11297=ORIENTED_EDGE('',*,*,#8037,.F.);
#11298=ORIENTED_EDGE('',*,*,#8038,.T.);
#11299=ORIENTED_EDGE('',*,*,#8039,.T.);
#11300=ORIENTED_EDGE('',*,*,#8033,.T.);
#11301=ORIENTED_EDGE('',*,*,#8028,.T.);
#11302=ORIENTED_EDGE('',*,*,#8037,.T.);
#11303=ORIENTED_EDGE('',*,*,#8040,.T.);
#11304=ORIENTED_EDGE('',*,*,#8041,.T.);
#11305=ORIENTED_EDGE('',*,*,#8040,.F.);
#11306=ORIENTED_EDGE('',*,*,#8036,.T.);
#11307=ORIENTED_EDGE('',*,*,#8042,.T.);
#11308=ORIENTED_EDGE('',*,*,#8043,.T.);
#11309=ORIENTED_EDGE('',*,*,#8042,.F.);
#11310=ORIENTED_EDGE('',*,*,#8035,.T.);
#11311=ORIENTED_EDGE('',*,*,#8044,.T.);
#11312=ORIENTED_EDGE('',*,*,#8045,.T.);
#11313=ORIENTED_EDGE('',*,*,#8044,.F.);
#11314=ORIENTED_EDGE('',*,*,#8034,.T.);
#11315=ORIENTED_EDGE('',*,*,#8046,.T.);
#11316=ORIENTED_EDGE('',*,*,#8047,.T.);
#11317=ORIENTED_EDGE('',*,*,#8046,.F.);
#11318=ORIENTED_EDGE('',*,*,#8048,.T.);
#11319=ORIENTED_EDGE('',*,*,#8049,.T.);
#11320=ORIENTED_EDGE('',*,*,#8025,.T.);
#11321=ORIENTED_EDGE('',*,*,#8014,.T.);
#11322=ORIENTED_EDGE('',*,*,#8050,.T.);
#11323=ORIENTED_EDGE('',*,*,#8051,.F.);
#11324=ORIENTED_EDGE('',*,*,#8005,.T.);
#11325=ORIENTED_EDGE('',*,*,#8009,.F.);
#11326=ORIENTED_EDGE('',*,*,#8007,.F.);
#11327=ORIENTED_EDGE('',*,*,#8052,.F.);
#11328=ORIENTED_EDGE('',*,*,#7981,.T.);
#11329=ORIENTED_EDGE('',*,*,#7982,.F.);
#11330=ORIENTED_EDGE('',*,*,#8022,.F.);
#11331=ORIENTED_EDGE('',*,*,#8024,.T.);
#11332=ORIENTED_EDGE('',*,*,#8026,.F.);
#11333=ORIENTED_EDGE('',*,*,#8049,.F.);
#11334=ORIENTED_EDGE('',*,*,#7979,.T.);
#11335=ORIENTED_EDGE('',*,*,#8052,.T.);
#11336=ORIENTED_EDGE('',*,*,#8006,.T.);
#11337=ORIENTED_EDGE('',*,*,#7999,.T.);
#11338=ORIENTED_EDGE('',*,*,#8003,.T.);
#11339=ORIENTED_EDGE('',*,*,#8051,.T.);
#11340=ORIENTED_EDGE('',*,*,#8053,.T.);
#11341=ORIENTED_EDGE('',*,*,#8054,.F.);
#11342=ORIENTED_EDGE('',*,*,#8031,.F.);
#11343=ORIENTED_EDGE('',*,*,#8039,.F.);
#11344=ORIENTED_EDGE('',*,*,#8055,.T.);
#11345=ORIENTED_EDGE('',*,*,#8018,.T.);
#11346=ORIENTED_EDGE('',*,*,#8020,.F.);
#11347=ORIENTED_EDGE('',*,*,#7986,.T.);
#11348=ORIENTED_EDGE('',*,*,#7990,.T.);
#11349=ORIENTED_EDGE('',*,*,#7993,.T.);
#11350=ORIENTED_EDGE('',*,*,#8019,.F.);
#11351=ORIENTED_EDGE('',*,*,#7975,.T.);
#11352=ORIENTED_EDGE('',*,*,#7937,.T.);
#11353=ORIENTED_EDGE('',*,*,#7941,.T.);
#11354=ORIENTED_EDGE('',*,*,#7944,.T.);
#11355=ORIENTED_EDGE('',*,*,#7947,.T.);
#11356=ORIENTED_EDGE('',*,*,#7951,.T.);
#11357=ORIENTED_EDGE('',*,*,#7954,.T.);
#11358=ORIENTED_EDGE('',*,*,#8012,.T.);
#11359=ORIENTED_EDGE('',*,*,#8056,.T.);
#11360=ORIENTED_EDGE('',*,*,#8030,.T.);
#11361=ORIENTED_EDGE('',*,*,#8032,.F.);
#11362=ORIENTED_EDGE('',*,*,#8054,.T.);
#11363=ORIENTED_EDGE('',*,*,#8048,.F.);
#11364=ORIENTED_EDGE('',*,*,#8013,.F.);
#11365=ORIENTED_EDGE('',*,*,#8055,.F.);
#11366=ORIENTED_EDGE('',*,*,#8038,.F.);
#11367=ORIENTED_EDGE('',*,*,#8027,.F.);
#11368=ORIENTED_EDGE('',*,*,#8056,.F.);
#11369=ORIENTED_EDGE('',*,*,#8053,.F.);
#11370=ORIENTED_EDGE('',*,*,#8050,.F.);
#11371=ORIENTED_EDGE('',*,*,#8047,.F.);
#11372=ORIENTED_EDGE('',*,*,#8045,.F.);
#11373=ORIENTED_EDGE('',*,*,#8043,.F.);
#11374=ORIENTED_EDGE('',*,*,#8041,.F.);
#11375=ORIENTED_EDGE('',*,*,#8057,.T.);
#11376=ORIENTED_EDGE('',*,*,#8058,.T.);
#11377=ORIENTED_EDGE('',*,*,#8059,.T.);
#11378=ORIENTED_EDGE('',*,*,#8060,.T.);
#11379=ORIENTED_EDGE('',*,*,#8060,.F.);
#11380=ORIENTED_EDGE('',*,*,#8061,.T.);
#11381=ORIENTED_EDGE('',*,*,#8062,.F.);
#11382=ORIENTED_EDGE('',*,*,#8063,.F.);
#11383=ORIENTED_EDGE('',*,*,#8064,.T.);
#11384=ORIENTED_EDGE('',*,*,#8065,.T.);
#11385=ORIENTED_EDGE('',*,*,#8066,.T.);
#11386=ORIENTED_EDGE('',*,*,#8067,.T.);
#11387=ORIENTED_EDGE('',*,*,#8068,.T.);
#11388=ORIENTED_EDGE('',*,*,#8069,.T.);
#11389=ORIENTED_EDGE('',*,*,#8070,.T.);
#11390=ORIENTED_EDGE('',*,*,#8071,.T.);
#11391=ORIENTED_EDGE('',*,*,#8072,.T.);
#11392=ORIENTED_EDGE('',*,*,#8073,.T.);
#11393=ORIENTED_EDGE('',*,*,#8074,.T.);
#11394=ORIENTED_EDGE('',*,*,#8075,.T.);
#11395=ORIENTED_EDGE('',*,*,#8076,.T.);
#11396=ORIENTED_EDGE('',*,*,#8077,.T.);
#11397=ORIENTED_EDGE('',*,*,#8078,.T.);
#11398=ORIENTED_EDGE('',*,*,#8079,.T.);
#11399=ORIENTED_EDGE('',*,*,#8080,.T.);
#11400=ORIENTED_EDGE('',*,*,#8081,.T.);
#11401=ORIENTED_EDGE('',*,*,#8082,.T.);
#11402=ORIENTED_EDGE('',*,*,#8083,.T.);
#11403=ORIENTED_EDGE('',*,*,#8084,.T.);
#11404=ORIENTED_EDGE('',*,*,#8085,.T.);
#11405=ORIENTED_EDGE('',*,*,#8086,.T.);
#11406=ORIENTED_EDGE('',*,*,#8087,.T.);
#11407=ORIENTED_EDGE('',*,*,#8088,.T.);
#11408=ORIENTED_EDGE('',*,*,#8089,.T.);
#11409=ORIENTED_EDGE('',*,*,#8090,.T.);
#11410=ORIENTED_EDGE('',*,*,#8091,.T.);
#11411=ORIENTED_EDGE('',*,*,#8092,.T.);
#11412=ORIENTED_EDGE('',*,*,#8093,.T.);
#11413=ORIENTED_EDGE('',*,*,#8094,.T.);
#11414=ORIENTED_EDGE('',*,*,#8095,.T.);
#11415=ORIENTED_EDGE('',*,*,#8059,.F.);
#11416=ORIENTED_EDGE('',*,*,#8096,.F.);
#11417=ORIENTED_EDGE('',*,*,#8097,.F.);
#11418=ORIENTED_EDGE('',*,*,#8098,.F.);
#11419=ORIENTED_EDGE('',*,*,#8099,.F.);
#11420=ORIENTED_EDGE('',*,*,#8100,.F.);
#11421=ORIENTED_EDGE('',*,*,#8101,.F.);
#11422=ORIENTED_EDGE('',*,*,#8102,.F.);
#11423=ORIENTED_EDGE('',*,*,#8103,.F.);
#11424=ORIENTED_EDGE('',*,*,#8104,.F.);
#11425=ORIENTED_EDGE('',*,*,#8105,.F.);
#11426=ORIENTED_EDGE('',*,*,#8106,.F.);
#11427=ORIENTED_EDGE('',*,*,#8107,.F.);
#11428=ORIENTED_EDGE('',*,*,#8108,.F.);
#11429=ORIENTED_EDGE('',*,*,#8061,.F.);
#11430=ORIENTED_EDGE('',*,*,#8109,.F.);
#11431=ORIENTED_EDGE('',*,*,#8110,.F.);
#11432=ORIENTED_EDGE('',*,*,#8111,.F.);
#11433=ORIENTED_EDGE('',*,*,#8112,.F.);
#11434=ORIENTED_EDGE('',*,*,#8113,.F.);
#11435=ORIENTED_EDGE('',*,*,#8114,.F.);
#11436=ORIENTED_EDGE('',*,*,#8115,.F.);
#11437=ORIENTED_EDGE('',*,*,#8116,.F.);
#11438=ORIENTED_EDGE('',*,*,#8117,.T.);
#11439=ORIENTED_EDGE('',*,*,#8118,.F.);
#11440=ORIENTED_EDGE('',*,*,#8117,.F.);
#11441=ORIENTED_EDGE('',*,*,#8119,.F.);
#11442=ORIENTED_EDGE('',*,*,#8120,.T.);
#11443=ORIENTED_EDGE('',*,*,#8121,.F.);
#11444=ORIENTED_EDGE('',*,*,#8120,.F.);
#11445=ORIENTED_EDGE('',*,*,#8122,.F.);
#11446=ORIENTED_EDGE('',*,*,#8123,.T.);
#11447=ORIENTED_EDGE('',*,*,#8124,.F.);
#11448=ORIENTED_EDGE('',*,*,#8123,.F.);
#11449=ORIENTED_EDGE('',*,*,#8125,.F.);
#11450=ORIENTED_EDGE('',*,*,#8126,.F.);
#11451=ORIENTED_EDGE('',*,*,#8127,.F.);
#11452=ORIENTED_EDGE('',*,*,#8128,.F.);
#11453=ORIENTED_EDGE('',*,*,#8129,.F.);
#11454=ORIENTED_EDGE('',*,*,#8128,.T.);
#11455=ORIENTED_EDGE('',*,*,#8130,.F.);
#11456=ORIENTED_EDGE('',*,*,#8131,.F.);
#11457=ORIENTED_EDGE('',*,*,#8132,.F.);
#11458=ORIENTED_EDGE('',*,*,#8133,.F.);
#11459=ORIENTED_EDGE('',*,*,#8125,.T.);
#11460=ORIENTED_EDGE('',*,*,#8129,.T.);
#11461=ORIENTED_EDGE('',*,*,#8124,.T.);
#11462=ORIENTED_EDGE('',*,*,#8134,.F.);
#11463=ORIENTED_EDGE('',*,*,#8130,.T.);
#11464=ORIENTED_EDGE('',*,*,#8127,.T.);
#11465=ORIENTED_EDGE('',*,*,#8135,.F.);
#11466=ORIENTED_EDGE('',*,*,#8122,.T.);
#11467=ORIENTED_EDGE('',*,*,#8135,.T.);
#11468=ORIENTED_EDGE('',*,*,#8126,.T.);
#11469=ORIENTED_EDGE('',*,*,#8133,.T.);
#11470=ORIENTED_EDGE('',*,*,#8136,.T.);
#11471=ORIENTED_EDGE('',*,*,#8137,.F.);
#11472=ORIENTED_EDGE('',*,*,#8138,.F.);
#11473=ORIENTED_EDGE('',*,*,#8139,.T.);
#11474=ORIENTED_EDGE('',*,*,#8140,.T.);
#11475=ORIENTED_EDGE('',*,*,#8141,.T.);
#11476=ORIENTED_EDGE('',*,*,#8142,.F.);
#11477=ORIENTED_EDGE('',*,*,#8107,.T.);
#11478=ORIENTED_EDGE('',*,*,#8143,.T.);
#11479=ORIENTED_EDGE('',*,*,#8144,.T.);
#11480=ORIENTED_EDGE('',*,*,#8145,.T.);
#11481=ORIENTED_EDGE('',*,*,#8103,.T.);
#11482=ORIENTED_EDGE('',*,*,#8146,.T.);
#11483=ORIENTED_EDGE('',*,*,#8147,.T.);
#11484=ORIENTED_EDGE('',*,*,#8148,.T.);
#11485=ORIENTED_EDGE('',*,*,#8149,.T.);
#11486=ORIENTED_EDGE('',*,*,#8150,.T.);
#11487=ORIENTED_EDGE('',*,*,#8151,.T.);
#11488=ORIENTED_EDGE('',*,*,#8152,.T.);
#11489=ORIENTED_EDGE('',*,*,#8153,.T.);
#11490=ORIENTED_EDGE('',*,*,#8154,.T.);
#11491=ORIENTED_EDGE('',*,*,#8155,.T.);
#11492=ORIENTED_EDGE('',*,*,#8156,.T.);
#11493=ORIENTED_EDGE('',*,*,#8157,.T.);
#11494=ORIENTED_EDGE('',*,*,#8158,.T.);
#11495=ORIENTED_EDGE('',*,*,#8159,.T.);
#11496=ORIENTED_EDGE('',*,*,#8160,.T.);
#11497=ORIENTED_EDGE('',*,*,#8161,.T.);
#11498=ORIENTED_EDGE('',*,*,#8162,.T.);
#11499=ORIENTED_EDGE('',*,*,#8163,.T.);
#11500=ORIENTED_EDGE('',*,*,#8164,.T.);
#11501=ORIENTED_EDGE('',*,*,#8165,.T.);
#11502=ORIENTED_EDGE('',*,*,#8166,.T.);
#11503=ORIENTED_EDGE('',*,*,#8167,.T.);
#11504=ORIENTED_EDGE('',*,*,#8168,.T.);
#11505=ORIENTED_EDGE('',*,*,#8169,.T.);
#11506=ORIENTED_EDGE('',*,*,#8170,.T.);
#11507=ORIENTED_EDGE('',*,*,#8171,.T.);
#11508=ORIENTED_EDGE('',*,*,#8172,.T.);
#11509=ORIENTED_EDGE('',*,*,#8173,.T.);
#11510=ORIENTED_EDGE('',*,*,#8174,.T.);
#11511=ORIENTED_EDGE('',*,*,#8175,.T.);
#11512=ORIENTED_EDGE('',*,*,#8176,.T.);
#11513=ORIENTED_EDGE('',*,*,#8177,.T.);
#11514=ORIENTED_EDGE('',*,*,#8178,.T.);
#11515=ORIENTED_EDGE('',*,*,#8179,.T.);
#11516=ORIENTED_EDGE('',*,*,#8180,.T.);
#11517=ORIENTED_EDGE('',*,*,#8181,.T.);
#11518=ORIENTED_EDGE('',*,*,#8182,.T.);
#11519=ORIENTED_EDGE('',*,*,#8183,.T.);
#11520=ORIENTED_EDGE('',*,*,#8184,.T.);
#11521=ORIENTED_EDGE('',*,*,#8185,.F.);
#11522=ORIENTED_EDGE('',*,*,#8186,.T.);
#11523=ORIENTED_EDGE('',*,*,#8187,.F.);
#11524=ORIENTED_EDGE('',*,*,#8186,.F.);
#11525=ORIENTED_EDGE('',*,*,#8188,.T.);
#11526=ORIENTED_EDGE('',*,*,#8189,.T.);
#11527=ORIENTED_EDGE('',*,*,#8190,.F.);
#11528=ORIENTED_EDGE('',*,*,#8183,.F.);
#11529=ORIENTED_EDGE('',*,*,#8191,.T.);
#11530=ORIENTED_EDGE('',*,*,#8181,.F.);
#11531=ORIENTED_EDGE('',*,*,#8192,.F.);
#11532=ORIENTED_EDGE('',*,*,#8193,.F.);
#11533=ORIENTED_EDGE('',*,*,#8194,.T.);
#11534=ORIENTED_EDGE('',*,*,#8193,.T.);
#11535=ORIENTED_EDGE('',*,*,#8195,.F.);
#11536=ORIENTED_EDGE('',*,*,#8189,.F.);
#11537=ORIENTED_EDGE('',*,*,#8194,.F.);
#11538=ORIENTED_EDGE('',*,*,#8188,.F.);
#11539=ORIENTED_EDGE('',*,*,#8182,.F.);
#11540=ORIENTED_EDGE('',*,*,#8191,.F.);
#11541=ORIENTED_EDGE('',*,*,#8187,.T.);
#11542=ORIENTED_EDGE('',*,*,#8195,.T.);
#11543=ORIENTED_EDGE('',*,*,#8192,.T.);
#11544=ORIENTED_EDGE('',*,*,#8184,.F.);
#11545=ORIENTED_EDGE('',*,*,#8190,.T.);
#11546=ORIENTED_EDGE('',*,*,#8185,.T.);
#11547=ORIENTED_EDGE('',*,*,#8102,.T.);
#11548=ORIENTED_EDGE('',*,*,#8196,.T.);
#11549=ORIENTED_EDGE('',*,*,#8197,.F.);
#11550=ORIENTED_EDGE('',*,*,#8146,.F.);
#11551=ORIENTED_EDGE('',*,*,#8101,.T.);
#11552=ORIENTED_EDGE('',*,*,#8198,.T.);
#11553=ORIENTED_EDGE('',*,*,#8199,.F.);
#11554=ORIENTED_EDGE('',*,*,#8196,.F.);
#11555=ORIENTED_EDGE('',*,*,#8100,.T.);
#11556=ORIENTED_EDGE('',*,*,#8200,.T.);
#11557=ORIENTED_EDGE('',*,*,#8201,.F.);
#11558=ORIENTED_EDGE('',*,*,#8198,.F.);
#11559=ORIENTED_EDGE('',*,*,#8099,.T.);
#11560=ORIENTED_EDGE('',*,*,#8202,.F.);
#11561=ORIENTED_EDGE('',*,*,#8203,.F.);
#11562=ORIENTED_EDGE('',*,*,#8200,.F.);
#11563=ORIENTED_EDGE('',*,*,#8134,.T.);
#11564=ORIENTED_EDGE('',*,*,#8148,.F.);
#11565=ORIENTED_EDGE('',*,*,#8204,.T.);
#11566=ORIENTED_EDGE('',*,*,#8202,.T.);
#11567=ORIENTED_EDGE('',*,*,#8098,.T.);
#11568=ORIENTED_EDGE('',*,*,#8205,.T.);
#11569=ORIENTED_EDGE('',*,*,#8206,.F.);
#11570=ORIENTED_EDGE('',*,*,#8136,.F.);
#11571=ORIENTED_EDGE('',*,*,#8132,.T.);
#11572=ORIENTED_EDGE('',*,*,#8131,.T.);
#11573=ORIENTED_EDGE('',*,*,#8118,.T.);
#11574=ORIENTED_EDGE('',*,*,#8121,.T.);
#11575=ORIENTED_EDGE('',*,*,#8097,.T.);
#11576=ORIENTED_EDGE('',*,*,#8207,.T.);
#11577=ORIENTED_EDGE('',*,*,#8208,.F.);
#11578=ORIENTED_EDGE('',*,*,#8205,.F.);
#11579=ORIENTED_EDGE('',*,*,#8209,.F.);
#11580=ORIENTED_EDGE('',*,*,#8210,.T.);
#11581=ORIENTED_EDGE('',*,*,#8109,.T.);
#11582=ORIENTED_EDGE('',*,*,#8210,.F.);
#11583=ORIENTED_EDGE('',*,*,#8211,.F.);
#11584=ORIENTED_EDGE('',*,*,#8212,.T.);
#11585=ORIENTED_EDGE('',*,*,#8110,.T.);
#11586=ORIENTED_EDGE('',*,*,#8212,.F.);
#11587=ORIENTED_EDGE('',*,*,#8213,.F.);
#11588=ORIENTED_EDGE('',*,*,#8214,.T.);
#11589=ORIENTED_EDGE('',*,*,#8111,.T.);
#11590=ORIENTED_EDGE('',*,*,#8214,.F.);
#11591=ORIENTED_EDGE('',*,*,#8215,.F.);
#11592=ORIENTED_EDGE('',*,*,#8216,.T.);
#11593=ORIENTED_EDGE('',*,*,#8112,.T.);
#11594=ORIENTED_EDGE('',*,*,#8216,.F.);
#11595=ORIENTED_EDGE('',*,*,#8106,.T.);
#11596=ORIENTED_EDGE('',*,*,#8217,.F.);
#11597=ORIENTED_EDGE('',*,*,#8218,.F.);
#11598=ORIENTED_EDGE('',*,*,#8143,.F.);
#11599=ORIENTED_EDGE('',*,*,#8104,.T.);
#11600=ORIENTED_EDGE('',*,*,#8145,.F.);
#11601=ORIENTED_EDGE('',*,*,#8219,.F.);
#11602=ORIENTED_EDGE('',*,*,#8220,.F.);
#11603=ORIENTED_EDGE('',*,*,#8105,.T.);
#11604=ORIENTED_EDGE('',*,*,#8220,.T.);
#11605=ORIENTED_EDGE('',*,*,#8221,.F.);
#11606=ORIENTED_EDGE('',*,*,#8217,.T.);
#11607=ORIENTED_EDGE('',*,*,#8221,.T.);
#11608=ORIENTED_EDGE('',*,*,#8219,.T.);
#11609=ORIENTED_EDGE('',*,*,#8144,.F.);
#11610=ORIENTED_EDGE('',*,*,#8218,.T.);
#11611=ORIENTED_EDGE('',*,*,#8215,.T.);
#11612=ORIENTED_EDGE('',*,*,#8213,.T.);
#11613=ORIENTED_EDGE('',*,*,#8211,.T.);
#11614=ORIENTED_EDGE('',*,*,#8209,.T.);
#11615=ORIENTED_EDGE('',*,*,#8222,.F.);
#11616=ORIENTED_EDGE('',*,*,#8223,.T.);
#11617=ORIENTED_EDGE('',*,*,#8113,.T.);
#11618=ORIENTED_EDGE('',*,*,#8223,.F.);
#11619=ORIENTED_EDGE('',*,*,#8224,.F.);
#11620=ORIENTED_EDGE('',*,*,#8225,.T.);
#11621=ORIENTED_EDGE('',*,*,#8114,.T.);
#11622=ORIENTED_EDGE('',*,*,#8225,.F.);
#11623=ORIENTED_EDGE('',*,*,#8226,.F.);
#11624=ORIENTED_EDGE('',*,*,#8227,.T.);
#11625=ORIENTED_EDGE('',*,*,#8115,.T.);
#11626=ORIENTED_EDGE('',*,*,#8227,.F.);
#11627=ORIENTED_EDGE('',*,*,#8197,.T.);
#11628=ORIENTED_EDGE('',*,*,#8199,.T.);
#11629=ORIENTED_EDGE('',*,*,#8201,.T.);
#11630=ORIENTED_EDGE('',*,*,#8203,.T.);
#11631=ORIENTED_EDGE('',*,*,#8204,.F.);
#11632=ORIENTED_EDGE('',*,*,#8147,.F.);
#11633=ORIENTED_EDGE('',*,*,#8226,.T.);
#11634=ORIENTED_EDGE('',*,*,#8224,.T.);
#11635=ORIENTED_EDGE('',*,*,#8222,.T.);
#11636=ORIENTED_EDGE('',*,*,#8151,.F.);
#11637=ORIENTED_EDGE('',*,*,#8228,.F.);
#11638=ORIENTED_EDGE('',*,*,#8094,.F.);
#11639=ORIENTED_EDGE('',*,*,#8229,.T.);
#11640=ORIENTED_EDGE('',*,*,#8152,.F.);
#11641=ORIENTED_EDGE('',*,*,#8229,.F.);
#11642=ORIENTED_EDGE('',*,*,#8093,.F.);
#11643=ORIENTED_EDGE('',*,*,#8230,.T.);
#11644=ORIENTED_EDGE('',*,*,#8149,.F.);
#11645=ORIENTED_EDGE('',*,*,#8230,.F.);
#11646=ORIENTED_EDGE('',*,*,#8092,.F.);
#11647=ORIENTED_EDGE('',*,*,#8231,.T.);
#11648=ORIENTED_EDGE('',*,*,#8150,.F.);
#11649=ORIENTED_EDGE('',*,*,#8231,.F.);
#11650=ORIENTED_EDGE('',*,*,#8095,.F.);
#11651=ORIENTED_EDGE('',*,*,#8228,.T.);
#11652=ORIENTED_EDGE('',*,*,#8155,.F.);
#11653=ORIENTED_EDGE('',*,*,#8232,.F.);
#11654=ORIENTED_EDGE('',*,*,#8090,.F.);
#11655=ORIENTED_EDGE('',*,*,#8233,.T.);
#11656=ORIENTED_EDGE('',*,*,#8156,.F.);
#11657=ORIENTED_EDGE('',*,*,#8233,.F.);
#11658=ORIENTED_EDGE('',*,*,#8089,.F.);
#11659=ORIENTED_EDGE('',*,*,#8234,.T.);
#11660=ORIENTED_EDGE('',*,*,#8153,.F.);
#11661=ORIENTED_EDGE('',*,*,#8234,.F.);
#11662=ORIENTED_EDGE('',*,*,#8088,.F.);
#11663=ORIENTED_EDGE('',*,*,#8235,.T.);
#11664=ORIENTED_EDGE('',*,*,#8154,.F.);
#11665=ORIENTED_EDGE('',*,*,#8235,.F.);
#11666=ORIENTED_EDGE('',*,*,#8091,.F.);
#11667=ORIENTED_EDGE('',*,*,#8232,.T.);
#11668=ORIENTED_EDGE('',*,*,#8159,.F.);
#11669=ORIENTED_EDGE('',*,*,#8236,.F.);
#11670=ORIENTED_EDGE('',*,*,#8086,.F.);
#11671=ORIENTED_EDGE('',*,*,#8237,.T.);
#11672=ORIENTED_EDGE('',*,*,#8160,.F.);
#11673=ORIENTED_EDGE('',*,*,#8237,.F.);
#11674=ORIENTED_EDGE('',*,*,#8085,.F.);
#11675=ORIENTED_EDGE('',*,*,#8238,.T.);
#11676=ORIENTED_EDGE('',*,*,#8157,.F.);
#11677=ORIENTED_EDGE('',*,*,#8238,.F.);
#11678=ORIENTED_EDGE('',*,*,#8084,.F.);
#11679=ORIENTED_EDGE('',*,*,#8239,.T.);
#11680=ORIENTED_EDGE('',*,*,#8158,.F.);
#11681=ORIENTED_EDGE('',*,*,#8239,.F.);
#11682=ORIENTED_EDGE('',*,*,#8087,.F.);
#11683=ORIENTED_EDGE('',*,*,#8236,.T.);
#11684=ORIENTED_EDGE('',*,*,#8163,.F.);
#11685=ORIENTED_EDGE('',*,*,#8240,.F.);
#11686=ORIENTED_EDGE('',*,*,#8082,.F.);
#11687=ORIENTED_EDGE('',*,*,#8241,.T.);
#11688=ORIENTED_EDGE('',*,*,#8164,.F.);
#11689=ORIENTED_EDGE('',*,*,#8241,.F.);
#11690=ORIENTED_EDGE('',*,*,#8081,.F.);
#11691=ORIENTED_EDGE('',*,*,#8242,.T.);
#11692=ORIENTED_EDGE('',*,*,#8161,.F.);
#11693=ORIENTED_EDGE('',*,*,#8242,.F.);
#11694=ORIENTED_EDGE('',*,*,#8080,.F.);
#11695=ORIENTED_EDGE('',*,*,#8243,.T.);
#11696=ORIENTED_EDGE('',*,*,#8162,.F.);
#11697=ORIENTED_EDGE('',*,*,#8243,.F.);
#11698=ORIENTED_EDGE('',*,*,#8083,.F.);
#11699=ORIENTED_EDGE('',*,*,#8240,.T.);
#11700=ORIENTED_EDGE('',*,*,#8167,.F.);
#11701=ORIENTED_EDGE('',*,*,#8244,.F.);
#11702=ORIENTED_EDGE('',*,*,#8078,.F.);
#11703=ORIENTED_EDGE('',*,*,#8245,.T.);
#11704=ORIENTED_EDGE('',*,*,#8168,.F.);
#11705=ORIENTED_EDGE('',*,*,#8245,.F.);
#11706=ORIENTED_EDGE('',*,*,#8077,.F.);
#11707=ORIENTED_EDGE('',*,*,#8246,.T.);
#11708=ORIENTED_EDGE('',*,*,#8165,.F.);
#11709=ORIENTED_EDGE('',*,*,#8246,.F.);
#11710=ORIENTED_EDGE('',*,*,#8076,.F.);
#11711=ORIENTED_EDGE('',*,*,#8247,.T.);
#11712=ORIENTED_EDGE('',*,*,#8166,.F.);
#11713=ORIENTED_EDGE('',*,*,#8247,.F.);
#11714=ORIENTED_EDGE('',*,*,#8079,.F.);
#11715=ORIENTED_EDGE('',*,*,#8244,.T.);
#11716=ORIENTED_EDGE('',*,*,#8171,.F.);
#11717=ORIENTED_EDGE('',*,*,#8248,.F.);
#11718=ORIENTED_EDGE('',*,*,#8074,.F.);
#11719=ORIENTED_EDGE('',*,*,#8249,.T.);
#11720=ORIENTED_EDGE('',*,*,#8172,.F.);
#11721=ORIENTED_EDGE('',*,*,#8249,.F.);
#11722=ORIENTED_EDGE('',*,*,#8073,.F.);
#11723=ORIENTED_EDGE('',*,*,#8250,.T.);
#11724=ORIENTED_EDGE('',*,*,#8169,.F.);
#11725=ORIENTED_EDGE('',*,*,#8250,.F.);
#11726=ORIENTED_EDGE('',*,*,#8072,.F.);
#11727=ORIENTED_EDGE('',*,*,#8251,.T.);
#11728=ORIENTED_EDGE('',*,*,#8170,.F.);
#11729=ORIENTED_EDGE('',*,*,#8251,.F.);
#11730=ORIENTED_EDGE('',*,*,#8075,.F.);
#11731=ORIENTED_EDGE('',*,*,#8248,.T.);
#11732=ORIENTED_EDGE('',*,*,#8175,.F.);
#11733=ORIENTED_EDGE('',*,*,#8252,.F.);
#11734=ORIENTED_EDGE('',*,*,#8070,.F.);
#11735=ORIENTED_EDGE('',*,*,#8253,.T.);
#11736=ORIENTED_EDGE('',*,*,#8176,.F.);
#11737=ORIENTED_EDGE('',*,*,#8253,.F.);
#11738=ORIENTED_EDGE('',*,*,#8069,.F.);
#11739=ORIENTED_EDGE('',*,*,#8254,.T.);
#11740=ORIENTED_EDGE('',*,*,#8173,.F.);
#11741=ORIENTED_EDGE('',*,*,#8254,.F.);
#11742=ORIENTED_EDGE('',*,*,#8068,.F.);
#11743=ORIENTED_EDGE('',*,*,#8255,.T.);
#11744=ORIENTED_EDGE('',*,*,#8174,.F.);
#11745=ORIENTED_EDGE('',*,*,#8255,.F.);
#11746=ORIENTED_EDGE('',*,*,#8071,.F.);
#11747=ORIENTED_EDGE('',*,*,#8252,.T.);
#11748=ORIENTED_EDGE('',*,*,#8179,.F.);
#11749=ORIENTED_EDGE('',*,*,#8256,.F.);
#11750=ORIENTED_EDGE('',*,*,#8066,.F.);
#11751=ORIENTED_EDGE('',*,*,#8257,.T.);
#11752=ORIENTED_EDGE('',*,*,#8180,.F.);
#11753=ORIENTED_EDGE('',*,*,#8257,.F.);
#11754=ORIENTED_EDGE('',*,*,#8065,.F.);
#11755=ORIENTED_EDGE('',*,*,#8258,.T.);
#11756=ORIENTED_EDGE('',*,*,#8177,.F.);
#11757=ORIENTED_EDGE('',*,*,#8258,.F.);
#11758=ORIENTED_EDGE('',*,*,#8064,.F.);
#11759=ORIENTED_EDGE('',*,*,#8259,.T.);
#11760=ORIENTED_EDGE('',*,*,#8178,.F.);
#11761=ORIENTED_EDGE('',*,*,#8259,.F.);
#11762=ORIENTED_EDGE('',*,*,#8067,.F.);
#11763=ORIENTED_EDGE('',*,*,#8256,.T.);
#11764=ORIENTED_EDGE('',*,*,#8058,.F.);
#11765=ORIENTED_EDGE('',*,*,#8260,.F.);
#11766=ORIENTED_EDGE('',*,*,#8207,.F.);
#11767=ORIENTED_EDGE('',*,*,#8096,.T.);
#11768=ORIENTED_EDGE('',*,*,#8116,.T.);
#11769=ORIENTED_EDGE('',*,*,#8119,.T.);
#11770=ORIENTED_EDGE('',*,*,#8057,.F.);
#11771=ORIENTED_EDGE('',*,*,#8063,.T.);
#11772=ORIENTED_EDGE('',*,*,#8261,.F.);
#11773=ORIENTED_EDGE('',*,*,#8137,.T.);
#11774=ORIENTED_EDGE('',*,*,#8206,.T.);
#11775=ORIENTED_EDGE('',*,*,#8208,.T.);
#11776=ORIENTED_EDGE('',*,*,#8260,.T.);
#11777=ORIENTED_EDGE('',*,*,#8262,.F.);
#11778=ORIENTED_EDGE('',*,*,#8263,.T.);
#11779=ORIENTED_EDGE('',*,*,#8264,.T.);
#11780=ORIENTED_EDGE('',*,*,#8265,.T.);
#11781=ORIENTED_EDGE('',*,*,#8266,.F.);
#11782=ORIENTED_EDGE('',*,*,#8141,.F.);
#11783=ORIENTED_EDGE('',*,*,#8267,.T.);
#11784=ORIENTED_EDGE('',*,*,#8263,.F.);
#11785=ORIENTED_EDGE('',*,*,#8140,.F.);
#11786=ORIENTED_EDGE('',*,*,#8268,.T.);
#11787=ORIENTED_EDGE('',*,*,#8264,.F.);
#11788=ORIENTED_EDGE('',*,*,#8267,.F.);
#11789=ORIENTED_EDGE('',*,*,#8269,.T.);
#11790=ORIENTED_EDGE('',*,*,#8270,.T.);
#11791=ORIENTED_EDGE('',*,*,#8271,.T.);
#11792=ORIENTED_EDGE('',*,*,#8272,.T.);
#11793=ORIENTED_EDGE('',*,*,#8273,.F.);
#11794=ORIENTED_EDGE('',*,*,#8265,.F.);
#11795=ORIENTED_EDGE('',*,*,#8268,.F.);
#11796=ORIENTED_EDGE('',*,*,#8139,.F.);
#11797=ORIENTED_EDGE('',*,*,#8272,.F.);
#11798=ORIENTED_EDGE('',*,*,#8274,.T.);
#11799=ORIENTED_EDGE('',*,*,#8275,.F.);
#11800=ORIENTED_EDGE('',*,*,#8274,.F.);
#11801=ORIENTED_EDGE('',*,*,#8271,.F.);
#11802=ORIENTED_EDGE('',*,*,#8276,.T.);
#11803=ORIENTED_EDGE('',*,*,#8277,.F.);
#11804=ORIENTED_EDGE('',*,*,#8276,.F.);
#11805=ORIENTED_EDGE('',*,*,#8270,.F.);
#11806=ORIENTED_EDGE('',*,*,#8278,.T.);
#11807=ORIENTED_EDGE('',*,*,#8279,.F.);
#11808=ORIENTED_EDGE('',*,*,#8278,.F.);
#11809=ORIENTED_EDGE('',*,*,#8269,.F.);
#11810=ORIENTED_EDGE('',*,*,#8280,.T.);
#11811=ORIENTED_EDGE('',*,*,#8281,.F.);
#11812=ORIENTED_EDGE('',*,*,#8280,.F.);
#11813=ORIENTED_EDGE('',*,*,#8108,.T.);
#11814=ORIENTED_EDGE('',*,*,#8142,.T.);
#11815=ORIENTED_EDGE('',*,*,#8266,.T.);
#11816=ORIENTED_EDGE('',*,*,#8262,.T.);
#11817=ORIENTED_EDGE('',*,*,#8273,.T.);
#11818=ORIENTED_EDGE('',*,*,#8138,.T.);
#11819=ORIENTED_EDGE('',*,*,#8261,.T.);
#11820=ORIENTED_EDGE('',*,*,#8062,.T.);
#11821=ORIENTED_EDGE('',*,*,#8281,.T.);
#11822=ORIENTED_EDGE('',*,*,#8279,.T.);
#11823=ORIENTED_EDGE('',*,*,#8277,.T.);
#11824=ORIENTED_EDGE('',*,*,#8275,.T.);
#11825=ORIENTED_EDGE('',*,*,#8282,.T.);
#11826=ORIENTED_EDGE('',*,*,#8283,.T.);
#11827=ORIENTED_EDGE('',*,*,#8284,.T.);
#11828=ORIENTED_EDGE('',*,*,#8285,.T.);
#11829=ORIENTED_EDGE('',*,*,#8282,.F.);
#11830=ORIENTED_EDGE('',*,*,#8286,.T.);
#11831=ORIENTED_EDGE('',*,*,#8287,.T.);
#11832=ORIENTED_EDGE('',*,*,#8288,.T.);
#11833=ORIENTED_EDGE('',*,*,#8289,.T.);
#11834=ORIENTED_EDGE('',*,*,#8290,.T.);
#11835=ORIENTED_EDGE('',*,*,#8291,.T.);
#11836=ORIENTED_EDGE('',*,*,#8285,.F.);
#11837=ORIENTED_EDGE('',*,*,#8292,.T.);
#11838=ORIENTED_EDGE('',*,*,#8293,.T.);
#11839=ORIENTED_EDGE('',*,*,#8294,.T.);
#11840=ORIENTED_EDGE('',*,*,#8295,.F.);
#11841=ORIENTED_EDGE('',*,*,#8296,.T.);
#11842=ORIENTED_EDGE('',*,*,#8297,.T.);
#11843=ORIENTED_EDGE('',*,*,#8298,.T.);
#11844=ORIENTED_EDGE('',*,*,#8299,.F.);
#11845=ORIENTED_EDGE('',*,*,#8300,.T.);
#11846=ORIENTED_EDGE('',*,*,#8301,.T.);
#11847=ORIENTED_EDGE('',*,*,#8302,.T.);
#11848=ORIENTED_EDGE('',*,*,#8303,.F.);
#11849=ORIENTED_EDGE('',*,*,#8304,.T.);
#11850=ORIENTED_EDGE('',*,*,#8305,.T.);
#11851=ORIENTED_EDGE('',*,*,#8306,.T.);
#11852=ORIENTED_EDGE('',*,*,#8307,.F.);
#11853=ORIENTED_EDGE('',*,*,#8308,.T.);
#11854=ORIENTED_EDGE('',*,*,#8309,.T.);
#11855=ORIENTED_EDGE('',*,*,#8310,.T.);
#11856=ORIENTED_EDGE('',*,*,#8311,.F.);
#11857=ORIENTED_EDGE('',*,*,#8312,.T.);
#11858=ORIENTED_EDGE('',*,*,#8313,.T.);
#11859=ORIENTED_EDGE('',*,*,#8314,.T.);
#11860=ORIENTED_EDGE('',*,*,#8315,.F.);
#11861=ORIENTED_EDGE('',*,*,#8316,.T.);
#11862=ORIENTED_EDGE('',*,*,#8317,.T.);
#11863=ORIENTED_EDGE('',*,*,#8318,.T.);
#11864=ORIENTED_EDGE('',*,*,#8319,.F.);
#11865=ORIENTED_EDGE('',*,*,#8320,.T.);
#11866=ORIENTED_EDGE('',*,*,#8321,.T.);
#11867=ORIENTED_EDGE('',*,*,#8322,.T.);
#11868=ORIENTED_EDGE('',*,*,#8323,.F.);
#11869=ORIENTED_EDGE('',*,*,#8324,.T.);
#11870=ORIENTED_EDGE('',*,*,#8325,.T.);
#11871=ORIENTED_EDGE('',*,*,#8286,.F.);
#11872=ORIENTED_EDGE('',*,*,#8326,.T.);
#11873=ORIENTED_EDGE('',*,*,#8327,.T.);
#11874=ORIENTED_EDGE('',*,*,#8328,.T.);
#11875=ORIENTED_EDGE('',*,*,#8329,.T.);
#11876=ORIENTED_EDGE('',*,*,#8330,.T.);
#11877=ORIENTED_EDGE('',*,*,#8295,.T.);
#11878=ORIENTED_EDGE('',*,*,#8330,.F.);
#11879=ORIENTED_EDGE('',*,*,#8331,.F.);
#11880=ORIENTED_EDGE('',*,*,#8332,.T.);
#11881=ORIENTED_EDGE('',*,*,#8333,.F.);
#11882=ORIENTED_EDGE('',*,*,#8334,.F.);
#11883=ORIENTED_EDGE('',*,*,#8335,.T.);
#11884=ORIENTED_EDGE('',*,*,#8296,.F.);
#11885=ORIENTED_EDGE('',*,*,#8283,.F.);
#11886=ORIENTED_EDGE('',*,*,#8291,.F.);
#11887=ORIENTED_EDGE('',*,*,#8336,.T.);
#11888=ORIENTED_EDGE('',*,*,#8337,.T.);
#11889=ORIENTED_EDGE('',*,*,#8338,.F.);
#11890=ORIENTED_EDGE('',*,*,#8339,.T.);
#11891=ORIENTED_EDGE('',*,*,#8340,.T.);
#11892=ORIENTED_EDGE('',*,*,#8341,.T.);
#11893=ORIENTED_EDGE('',*,*,#8342,.F.);
#11894=ORIENTED_EDGE('',*,*,#8343,.T.);
#11895=ORIENTED_EDGE('',*,*,#8344,.T.);
#11896=ORIENTED_EDGE('',*,*,#8345,.T.);
#11897=ORIENTED_EDGE('',*,*,#8346,.F.);
#11898=ORIENTED_EDGE('',*,*,#8347,.T.);
#11899=ORIENTED_EDGE('',*,*,#8348,.T.);
#11900=ORIENTED_EDGE('',*,*,#8349,.T.);
#11901=ORIENTED_EDGE('',*,*,#8350,.F.);
#11902=ORIENTED_EDGE('',*,*,#8351,.T.);
#11903=ORIENTED_EDGE('',*,*,#8352,.T.);
#11904=ORIENTED_EDGE('',*,*,#8353,.T.);
#11905=ORIENTED_EDGE('',*,*,#8354,.F.);
#11906=ORIENTED_EDGE('',*,*,#8355,.T.);
#11907=ORIENTED_EDGE('',*,*,#8356,.T.);
#11908=ORIENTED_EDGE('',*,*,#8357,.T.);
#11909=ORIENTED_EDGE('',*,*,#8358,.F.);
#11910=ORIENTED_EDGE('',*,*,#8359,.T.);
#11911=ORIENTED_EDGE('',*,*,#8360,.T.);
#11912=ORIENTED_EDGE('',*,*,#8361,.T.);
#11913=ORIENTED_EDGE('',*,*,#8362,.F.);
#11914=ORIENTED_EDGE('',*,*,#8363,.T.);
#11915=ORIENTED_EDGE('',*,*,#8364,.T.);
#11916=ORIENTED_EDGE('',*,*,#8331,.T.);
#11917=ORIENTED_EDGE('',*,*,#8329,.F.);
#11918=ORIENTED_EDGE('',*,*,#8365,.T.);
#11919=ORIENTED_EDGE('',*,*,#8366,.T.);
#11920=ORIENTED_EDGE('',*,*,#8367,.T.);
#11921=ORIENTED_EDGE('',*,*,#8368,.T.);
#11922=ORIENTED_EDGE('',*,*,#8362,.T.);
#11923=ORIENTED_EDGE('',*,*,#8369,.T.);
#11924=ORIENTED_EDGE('',*,*,#8299,.T.);
#11925=ORIENTED_EDGE('',*,*,#8368,.F.);
#11926=ORIENTED_EDGE('',*,*,#8298,.F.);
#11927=ORIENTED_EDGE('',*,*,#8370,.T.);
#11928=ORIENTED_EDGE('',*,*,#8371,.F.);
#11929=ORIENTED_EDGE('',*,*,#8372,.F.);
#11930=ORIENTED_EDGE('',*,*,#8373,.F.);
#11931=ORIENTED_EDGE('',*,*,#8363,.F.);
#11932=ORIENTED_EDGE('',*,*,#8374,.T.);
#11933=ORIENTED_EDGE('',*,*,#8354,.T.);
#11934=ORIENTED_EDGE('',*,*,#8375,.T.);
#11935=ORIENTED_EDGE('',*,*,#8307,.T.);
#11936=ORIENTED_EDGE('',*,*,#8375,.F.);
#11937=ORIENTED_EDGE('',*,*,#8353,.F.);
#11938=ORIENTED_EDGE('',*,*,#8376,.T.);
#11939=ORIENTED_EDGE('',*,*,#8377,.F.);
#11940=ORIENTED_EDGE('',*,*,#8378,.F.);
#11941=ORIENTED_EDGE('',*,*,#8379,.T.);
#11942=ORIENTED_EDGE('',*,*,#8308,.F.);
#11943=ORIENTED_EDGE('',*,*,#8380,.T.);
#11944=ORIENTED_EDGE('',*,*,#8342,.T.);
#11945=ORIENTED_EDGE('',*,*,#8381,.T.);
#11946=ORIENTED_EDGE('',*,*,#8319,.T.);
#11947=ORIENTED_EDGE('',*,*,#8380,.F.);
#11948=ORIENTED_EDGE('',*,*,#8318,.F.);
#11949=ORIENTED_EDGE('',*,*,#8382,.T.);
#11950=ORIENTED_EDGE('',*,*,#8383,.F.);
#11951=ORIENTED_EDGE('',*,*,#8384,.F.);
#11952=ORIENTED_EDGE('',*,*,#8385,.F.);
#11953=ORIENTED_EDGE('',*,*,#8343,.F.);
#11954=ORIENTED_EDGE('',*,*,#8386,.T.);
#11955=ORIENTED_EDGE('',*,*,#8350,.T.);
#11956=ORIENTED_EDGE('',*,*,#8387,.T.);
#11957=ORIENTED_EDGE('',*,*,#8311,.T.);
#11958=ORIENTED_EDGE('',*,*,#8387,.F.);
#11959=ORIENTED_EDGE('',*,*,#8349,.F.);
#11960=ORIENTED_EDGE('',*,*,#8388,.T.);
#11961=ORIENTED_EDGE('',*,*,#8389,.F.);
#11962=ORIENTED_EDGE('',*,*,#8390,.F.);
#11963=ORIENTED_EDGE('',*,*,#8391,.T.);
#11964=ORIENTED_EDGE('',*,*,#8312,.F.);
#11965=ORIENTED_EDGE('',*,*,#8392,.T.);
#11966=ORIENTED_EDGE('',*,*,#8346,.T.);
#11967=ORIENTED_EDGE('',*,*,#8393,.T.);
#11968=ORIENTED_EDGE('',*,*,#8315,.T.);
#11969=ORIENTED_EDGE('',*,*,#8392,.F.);
#11970=ORIENTED_EDGE('',*,*,#8314,.F.);
#11971=ORIENTED_EDGE('',*,*,#8394,.T.);
#11972=ORIENTED_EDGE('',*,*,#8395,.F.);
#11973=ORIENTED_EDGE('',*,*,#8396,.F.);
#11974=ORIENTED_EDGE('',*,*,#8397,.F.);
#11975=ORIENTED_EDGE('',*,*,#8347,.F.);
#11976=ORIENTED_EDGE('',*,*,#8398,.T.);
#11977=ORIENTED_EDGE('',*,*,#8358,.T.);
#11978=ORIENTED_EDGE('',*,*,#8399,.T.);
#11979=ORIENTED_EDGE('',*,*,#8303,.T.);
#11980=ORIENTED_EDGE('',*,*,#8399,.F.);
#11981=ORIENTED_EDGE('',*,*,#8357,.F.);
#11982=ORIENTED_EDGE('',*,*,#8400,.T.);
#11983=ORIENTED_EDGE('',*,*,#8401,.F.);
#11984=ORIENTED_EDGE('',*,*,#8402,.F.);
#11985=ORIENTED_EDGE('',*,*,#8403,.T.);
#11986=ORIENTED_EDGE('',*,*,#8304,.F.);
#11987=ORIENTED_EDGE('',*,*,#8404,.T.);
#11988=ORIENTED_EDGE('',*,*,#8323,.T.);
#11989=ORIENTED_EDGE('',*,*,#8405,.T.);
#11990=ORIENTED_EDGE('',*,*,#8338,.T.);
#11991=ORIENTED_EDGE('',*,*,#8404,.F.);
#11992=ORIENTED_EDGE('',*,*,#8337,.F.);
#11993=ORIENTED_EDGE('',*,*,#8406,.F.);
#11994=ORIENTED_EDGE('',*,*,#8407,.F.);
#11995=ORIENTED_EDGE('',*,*,#8408,.F.);
#11996=ORIENTED_EDGE('',*,*,#8409,.F.);
#11997=ORIENTED_EDGE('',*,*,#8410,.F.);
#11998=ORIENTED_EDGE('',*,*,#8411,.F.);
#11999=ORIENTED_EDGE('',*,*,#8412,.F.);
#12000=ORIENTED_EDGE('',*,*,#8413,.F.);
#12001=ORIENTED_EDGE('',*,*,#8324,.F.);
#12002=ORIENTED_EDGE('',*,*,#8414,.F.);
#12003=ORIENTED_EDGE('',*,*,#8415,.F.);
#12004=ORIENTED_EDGE('',*,*,#8416,.T.);
#12005=ORIENTED_EDGE('',*,*,#8327,.F.);
#12006=ORIENTED_EDGE('',*,*,#8416,.F.);
#12007=ORIENTED_EDGE('',*,*,#8417,.F.);
#12008=ORIENTED_EDGE('',*,*,#8418,.T.);
#12009=ORIENTED_EDGE('',*,*,#8326,.F.);
#12010=ORIENTED_EDGE('',*,*,#8418,.F.);
#12011=ORIENTED_EDGE('',*,*,#8419,.F.);
#12012=ORIENTED_EDGE('',*,*,#8420,.T.);
#12013=ORIENTED_EDGE('',*,*,#8421,.F.);
#12014=ORIENTED_EDGE('',*,*,#8420,.F.);
#12015=ORIENTED_EDGE('',*,*,#8422,.F.);
#12016=ORIENTED_EDGE('',*,*,#8423,.T.);
#12017=ORIENTED_EDGE('',*,*,#8424,.F.);
#12018=ORIENTED_EDGE('',*,*,#8425,.F.);
#12019=ORIENTED_EDGE('',*,*,#8426,.T.);
#12020=ORIENTED_EDGE('',*,*,#8427,.F.);
#12021=ORIENTED_EDGE('',*,*,#8428,.F.);
#12022=ORIENTED_EDGE('',*,*,#8429,.F.);
#12023=ORIENTED_EDGE('',*,*,#8430,.T.);
#12024=ORIENTED_EDGE('',*,*,#8429,.T.);
#12025=ORIENTED_EDGE('',*,*,#8431,.F.);
#12026=ORIENTED_EDGE('',*,*,#8423,.F.);
#12027=ORIENTED_EDGE('',*,*,#8430,.F.);
#12028=ORIENTED_EDGE('',*,*,#8422,.T.);
#12029=ORIENTED_EDGE('',*,*,#8432,.F.);
#12030=ORIENTED_EDGE('',*,*,#8426,.F.);
#12031=ORIENTED_EDGE('',*,*,#8421,.T.);
#12032=ORIENTED_EDGE('',*,*,#8431,.T.);
#12033=ORIENTED_EDGE('',*,*,#8428,.T.);
#12034=ORIENTED_EDGE('',*,*,#8433,.F.);
#12035=ORIENTED_EDGE('',*,*,#8424,.T.);
#12036=ORIENTED_EDGE('',*,*,#8419,.T.);
#12037=ORIENTED_EDGE('',*,*,#8434,.F.);
#12038=ORIENTED_EDGE('',*,*,#8435,.T.);
#12039=ORIENTED_EDGE('',*,*,#8436,.F.);
#12040=ORIENTED_EDGE('',*,*,#8435,.F.);
#12041=ORIENTED_EDGE('',*,*,#8437,.T.);
#12042=ORIENTED_EDGE('',*,*,#8438,.T.);
#12043=ORIENTED_EDGE('',*,*,#8439,.F.);
#12044=ORIENTED_EDGE('',*,*,#8440,.F.);
#12045=ORIENTED_EDGE('',*,*,#8441,.T.);
#12046=ORIENTED_EDGE('',*,*,#8442,.F.);
#12047=ORIENTED_EDGE('',*,*,#8443,.F.);
#12048=ORIENTED_EDGE('',*,*,#8438,.F.);
#12049=ORIENTED_EDGE('',*,*,#8441,.F.);
#12050=ORIENTED_EDGE('',*,*,#8437,.F.);
#12051=ORIENTED_EDGE('',*,*,#8444,.F.);
#12052=ORIENTED_EDGE('',*,*,#8445,.F.);
#12053=ORIENTED_EDGE('',*,*,#8436,.T.);
#12054=ORIENTED_EDGE('',*,*,#8443,.T.);
#12055=ORIENTED_EDGE('',*,*,#8446,.F.);
#12056=ORIENTED_EDGE('',*,*,#8447,.F.);
#12057=ORIENTED_EDGE('',*,*,#8439,.T.);
#12058=ORIENTED_EDGE('',*,*,#8434,.T.);
#12059=ORIENTED_EDGE('',*,*,#8444,.T.);
#12060=ORIENTED_EDGE('',*,*,#8440,.T.);
#12061=ORIENTED_EDGE('',*,*,#8447,.T.);
#12062=ORIENTED_EDGE('',*,*,#8448,.F.);
#12063=ORIENTED_EDGE('',*,*,#8449,.T.);
#12064=ORIENTED_EDGE('',*,*,#8450,.T.);
#12065=ORIENTED_EDGE('',*,*,#8451,.T.);
#12066=ORIENTED_EDGE('',*,*,#8452,.F.);
#12067=ORIENTED_EDGE('',*,*,#8333,.T.);
#12068=ORIENTED_EDGE('',*,*,#8453,.T.);
#12069=ORIENTED_EDGE('',*,*,#8372,.T.);
#12070=ORIENTED_EDGE('',*,*,#8454,.F.);
#12071=ORIENTED_EDGE('',*,*,#8455,.T.);
#12072=ORIENTED_EDGE('',*,*,#8456,.T.);
#12073=ORIENTED_EDGE('',*,*,#8457,.T.);
#12074=ORIENTED_EDGE('',*,*,#8458,.F.);
#12075=ORIENTED_EDGE('',*,*,#8401,.T.);
#12076=ORIENTED_EDGE('',*,*,#8459,.T.);
#12077=ORIENTED_EDGE('',*,*,#8460,.T.);
#12078=ORIENTED_EDGE('',*,*,#8461,.F.);
#12079=ORIENTED_EDGE('',*,*,#8377,.T.);
#12080=ORIENTED_EDGE('',*,*,#8462,.T.);
#12081=ORIENTED_EDGE('',*,*,#8463,.T.);
#12082=ORIENTED_EDGE('',*,*,#8464,.F.);
#12083=ORIENTED_EDGE('',*,*,#8389,.T.);
#12084=ORIENTED_EDGE('',*,*,#8465,.T.);
#12085=ORIENTED_EDGE('',*,*,#8396,.T.);
#12086=ORIENTED_EDGE('',*,*,#8466,.F.);
#12087=ORIENTED_EDGE('',*,*,#8467,.T.);
#12088=ORIENTED_EDGE('',*,*,#8468,.T.);
#12089=ORIENTED_EDGE('',*,*,#8384,.T.);
#12090=ORIENTED_EDGE('',*,*,#8469,.F.);
#12091=ORIENTED_EDGE('',*,*,#8470,.T.);
#12092=ORIENTED_EDGE('',*,*,#8471,.T.);
#12093=ORIENTED_EDGE('',*,*,#8472,.T.);
#12094=ORIENTED_EDGE('',*,*,#8473,.F.);
#12095=ORIENTED_EDGE('',*,*,#8474,.T.);
#12096=ORIENTED_EDGE('',*,*,#8475,.T.);
#12097=ORIENTED_EDGE('',*,*,#8407,.T.);
#12098=ORIENTED_EDGE('',*,*,#8476,.T.);
#12099=ORIENTED_EDGE('',*,*,#8477,.T.);
#12100=ORIENTED_EDGE('',*,*,#8478,.T.);
#12101=ORIENTED_EDGE('',*,*,#8479,.T.);
#12102=ORIENTED_EDGE('',*,*,#8480,.T.);
#12103=ORIENTED_EDGE('',*,*,#8289,.F.);
#12104=ORIENTED_EDGE('',*,*,#8481,.F.);
#12105=ORIENTED_EDGE('',*,*,#8410,.T.);
#12106=ORIENTED_EDGE('',*,*,#8482,.F.);
#12107=ORIENTED_EDGE('',*,*,#8483,.F.);
#12108=ORIENTED_EDGE('',*,*,#8484,.F.);
#12109=ORIENTED_EDGE('',*,*,#8409,.T.);
#12110=ORIENTED_EDGE('',*,*,#8485,.T.);
#12111=ORIENTED_EDGE('',*,*,#8486,.F.);
#12112=ORIENTED_EDGE('',*,*,#8482,.T.);
#12113=ORIENTED_EDGE('',*,*,#8408,.T.);
#12114=ORIENTED_EDGE('',*,*,#8475,.F.);
#12115=ORIENTED_EDGE('',*,*,#8487,.F.);
#12116=ORIENTED_EDGE('',*,*,#8485,.F.);
#12117=ORIENTED_EDGE('',*,*,#8406,.T.);
#12118=ORIENTED_EDGE('',*,*,#8336,.F.);
#12119=ORIENTED_EDGE('',*,*,#8290,.F.);
#12120=ORIENTED_EDGE('',*,*,#8480,.F.);
#12121=ORIENTED_EDGE('',*,*,#8488,.F.);
#12122=ORIENTED_EDGE('',*,*,#8489,.F.);
#12123=ORIENTED_EDGE('',*,*,#8490,.F.);
#12124=ORIENTED_EDGE('',*,*,#8476,.F.);
#12125=ORIENTED_EDGE('',*,*,#8491,.F.);
#12126=ORIENTED_EDGE('',*,*,#8492,.F.);
#12127=ORIENTED_EDGE('',*,*,#8493,.F.);
#12128=ORIENTED_EDGE('',*,*,#8494,.F.);
#12129=ORIENTED_EDGE('',*,*,#8495,.F.);
#12130=ORIENTED_EDGE('',*,*,#8496,.T.);
#12131=ORIENTED_EDGE('',*,*,#8414,.T.);
#12132=ORIENTED_EDGE('',*,*,#8496,.F.);
#12133=ORIENTED_EDGE('',*,*,#8411,.T.);
#12134=ORIENTED_EDGE('',*,*,#8484,.T.);
#12135=ORIENTED_EDGE('',*,*,#8497,.F.);
#12136=ORIENTED_EDGE('',*,*,#8498,.F.);
#12137=ORIENTED_EDGE('',*,*,#8486,.T.);
#12138=ORIENTED_EDGE('',*,*,#8487,.T.);
#12139=ORIENTED_EDGE('',*,*,#8474,.F.);
#12140=ORIENTED_EDGE('',*,*,#8499,.F.);
#12141=ORIENTED_EDGE('',*,*,#8497,.T.);
#12142=ORIENTED_EDGE('',*,*,#8483,.T.);
#12143=ORIENTED_EDGE('',*,*,#8495,.T.);
#12144=ORIENTED_EDGE('',*,*,#8328,.F.);
#12145=ORIENTED_EDGE('',*,*,#8294,.F.);
#12146=ORIENTED_EDGE('',*,*,#8500,.T.);
#12147=ORIENTED_EDGE('',*,*,#8501,.F.);
#12148=ORIENTED_EDGE('',*,*,#8451,.F.);
#12149=ORIENTED_EDGE('',*,*,#8502,.F.);
#12150=ORIENTED_EDGE('',*,*,#8365,.F.);
#12151=ORIENTED_EDGE('',*,*,#8284,.F.);
#12152=ORIENTED_EDGE('',*,*,#8367,.F.);
#12153=ORIENTED_EDGE('',*,*,#8503,.T.);
#12154=ORIENTED_EDGE('',*,*,#8449,.F.);
#12155=ORIENTED_EDGE('',*,*,#8504,.F.);
#12156=ORIENTED_EDGE('',*,*,#8505,.T.);
#12157=ORIENTED_EDGE('',*,*,#8292,.F.);
#12158=ORIENTED_EDGE('',*,*,#8450,.F.);
#12159=ORIENTED_EDGE('',*,*,#8503,.F.);
#12160=ORIENTED_EDGE('',*,*,#8366,.F.);
#12161=ORIENTED_EDGE('',*,*,#8502,.T.);
#12162=ORIENTED_EDGE('',*,*,#8293,.F.);
#12163=ORIENTED_EDGE('',*,*,#8505,.F.);
#12164=ORIENTED_EDGE('',*,*,#8506,.F.);
#12165=ORIENTED_EDGE('',*,*,#8500,.F.);
#12166=ORIENTED_EDGE('',*,*,#8445,.T.);
#12167=ORIENTED_EDGE('',*,*,#8481,.T.);
#12168=ORIENTED_EDGE('',*,*,#8288,.F.);
#12169=ORIENTED_EDGE('',*,*,#8507,.F.);
#12170=ORIENTED_EDGE('',*,*,#8412,.T.);
#12171=ORIENTED_EDGE('',*,*,#8498,.T.);
#12172=ORIENTED_EDGE('',*,*,#8499,.T.);
#12173=ORIENTED_EDGE('',*,*,#8473,.T.);
#12174=ORIENTED_EDGE('',*,*,#8508,.T.);
#12175=ORIENTED_EDGE('',*,*,#8509,.T.);
#12176=ORIENTED_EDGE('',*,*,#8510,.T.);
#12177=ORIENTED_EDGE('',*,*,#8469,.T.);
#12178=ORIENTED_EDGE('',*,*,#8383,.T.);
#12179=ORIENTED_EDGE('',*,*,#8511,.T.);
#12180=ORIENTED_EDGE('',*,*,#8512,.T.);
#12181=ORIENTED_EDGE('',*,*,#8466,.T.);
#12182=ORIENTED_EDGE('',*,*,#8395,.T.);
#12183=ORIENTED_EDGE('',*,*,#8513,.T.);
#12184=ORIENTED_EDGE('',*,*,#8390,.T.);
#12185=ORIENTED_EDGE('',*,*,#8464,.T.);
#12186=ORIENTED_EDGE('',*,*,#8514,.T.);
#12187=ORIENTED_EDGE('',*,*,#8515,.T.);
#12188=ORIENTED_EDGE('',*,*,#8378,.T.);
#12189=ORIENTED_EDGE('',*,*,#8461,.T.);
#12190=ORIENTED_EDGE('',*,*,#8516,.T.);
#12191=ORIENTED_EDGE('',*,*,#8517,.T.);
#12192=ORIENTED_EDGE('',*,*,#8402,.T.);
#12193=ORIENTED_EDGE('',*,*,#8458,.T.);
#12194=ORIENTED_EDGE('',*,*,#8518,.T.);
#12195=ORIENTED_EDGE('',*,*,#8519,.T.);
#12196=ORIENTED_EDGE('',*,*,#8520,.T.);
#12197=ORIENTED_EDGE('',*,*,#8454,.T.);
#12198=ORIENTED_EDGE('',*,*,#8371,.T.);
#12199=ORIENTED_EDGE('',*,*,#8521,.T.);
#12200=ORIENTED_EDGE('',*,*,#8334,.T.);
#12201=ORIENTED_EDGE('',*,*,#8452,.T.);
#12202=ORIENTED_EDGE('',*,*,#8501,.T.);
#12203=ORIENTED_EDGE('',*,*,#8506,.T.);
#12204=ORIENTED_EDGE('',*,*,#8504,.T.);
#12205=ORIENTED_EDGE('',*,*,#8448,.T.);
#12206=ORIENTED_EDGE('',*,*,#8446,.T.);
#12207=ORIENTED_EDGE('',*,*,#8442,.T.);
#12208=ORIENTED_EDGE('',*,*,#8415,.T.);
#12209=ORIENTED_EDGE('',*,*,#8417,.T.);
#12210=ORIENTED_EDGE('',*,*,#8427,.T.);
#12211=ORIENTED_EDGE('',*,*,#8432,.T.);
#12212=ORIENTED_EDGE('',*,*,#8425,.T.);
#12213=ORIENTED_EDGE('',*,*,#8433,.T.);
#12214=ORIENTED_EDGE('',*,*,#8453,.F.);
#12215=ORIENTED_EDGE('',*,*,#8332,.F.);
#12216=ORIENTED_EDGE('',*,*,#8364,.F.);
#12217=ORIENTED_EDGE('',*,*,#8373,.T.);
#12218=ORIENTED_EDGE('',*,*,#8297,.F.);
#12219=ORIENTED_EDGE('',*,*,#8335,.F.);
#12220=ORIENTED_EDGE('',*,*,#8521,.F.);
#12221=ORIENTED_EDGE('',*,*,#8370,.F.);
#12222=ORIENTED_EDGE('',*,*,#8398,.F.);
#12223=ORIENTED_EDGE('',*,*,#8302,.F.);
#12224=ORIENTED_EDGE('',*,*,#8522,.T.);
#12225=ORIENTED_EDGE('',*,*,#8518,.F.);
#12226=ORIENTED_EDGE('',*,*,#8457,.F.);
#12227=ORIENTED_EDGE('',*,*,#8523,.F.);
#12228=ORIENTED_EDGE('',*,*,#8359,.F.);
#12229=ORIENTED_EDGE('',*,*,#8369,.F.);
#12230=ORIENTED_EDGE('',*,*,#8361,.F.);
#12231=ORIENTED_EDGE('',*,*,#8524,.T.);
#12232=ORIENTED_EDGE('',*,*,#8455,.F.);
#12233=ORIENTED_EDGE('',*,*,#8520,.F.);
#12234=ORIENTED_EDGE('',*,*,#8525,.T.);
#12235=ORIENTED_EDGE('',*,*,#8300,.F.);
#12236=ORIENTED_EDGE('',*,*,#8456,.F.);
#12237=ORIENTED_EDGE('',*,*,#8524,.F.);
#12238=ORIENTED_EDGE('',*,*,#8360,.F.);
#12239=ORIENTED_EDGE('',*,*,#8523,.T.);
#12240=ORIENTED_EDGE('',*,*,#8301,.F.);
#12241=ORIENTED_EDGE('',*,*,#8525,.F.);
#12242=ORIENTED_EDGE('',*,*,#8519,.F.);
#12243=ORIENTED_EDGE('',*,*,#8522,.F.);
#12244=ORIENTED_EDGE('',*,*,#8374,.F.);
#12245=ORIENTED_EDGE('',*,*,#8306,.F.);
#12246=ORIENTED_EDGE('',*,*,#8526,.T.);
#12247=ORIENTED_EDGE('',*,*,#8516,.F.);
#12248=ORIENTED_EDGE('',*,*,#8460,.F.);
#12249=ORIENTED_EDGE('',*,*,#8527,.F.);
#12250=ORIENTED_EDGE('',*,*,#8355,.F.);
#12251=ORIENTED_EDGE('',*,*,#8459,.F.);
#12252=ORIENTED_EDGE('',*,*,#8400,.F.);
#12253=ORIENTED_EDGE('',*,*,#8356,.F.);
#12254=ORIENTED_EDGE('',*,*,#8527,.T.);
#12255=ORIENTED_EDGE('',*,*,#8305,.F.);
#12256=ORIENTED_EDGE('',*,*,#8403,.F.);
#12257=ORIENTED_EDGE('',*,*,#8517,.F.);
#12258=ORIENTED_EDGE('',*,*,#8526,.F.);
#12259=ORIENTED_EDGE('',*,*,#8386,.F.);
#12260=ORIENTED_EDGE('',*,*,#8310,.F.);
#12261=ORIENTED_EDGE('',*,*,#8528,.T.);
#12262=ORIENTED_EDGE('',*,*,#8514,.F.);
#12263=ORIENTED_EDGE('',*,*,#8463,.F.);
#12264=ORIENTED_EDGE('',*,*,#8529,.F.);
#12265=ORIENTED_EDGE('',*,*,#8351,.F.);
#12266=ORIENTED_EDGE('',*,*,#8462,.F.);
#12267=ORIENTED_EDGE('',*,*,#8376,.F.);
#12268=ORIENTED_EDGE('',*,*,#8352,.F.);
#12269=ORIENTED_EDGE('',*,*,#8529,.T.);
#12270=ORIENTED_EDGE('',*,*,#8309,.F.);
#12271=ORIENTED_EDGE('',*,*,#8379,.F.);
#12272=ORIENTED_EDGE('',*,*,#8515,.F.);
#12273=ORIENTED_EDGE('',*,*,#8528,.F.);
#12274=ORIENTED_EDGE('',*,*,#8465,.F.);
#12275=ORIENTED_EDGE('',*,*,#8388,.F.);
#12276=ORIENTED_EDGE('',*,*,#8348,.F.);
#12277=ORIENTED_EDGE('',*,*,#8397,.T.);
#12278=ORIENTED_EDGE('',*,*,#8313,.F.);
#12279=ORIENTED_EDGE('',*,*,#8391,.F.);
#12280=ORIENTED_EDGE('',*,*,#8513,.F.);
#12281=ORIENTED_EDGE('',*,*,#8394,.F.);
#12282=ORIENTED_EDGE('',*,*,#8393,.F.);
#12283=ORIENTED_EDGE('',*,*,#8345,.F.);
#12284=ORIENTED_EDGE('',*,*,#8530,.T.);
#12285=ORIENTED_EDGE('',*,*,#8467,.F.);
#12286=ORIENTED_EDGE('',*,*,#8512,.F.);
#12287=ORIENTED_EDGE('',*,*,#8531,.T.);
#12288=ORIENTED_EDGE('',*,*,#8316,.F.);
#12289=ORIENTED_EDGE('',*,*,#8468,.F.);
#12290=ORIENTED_EDGE('',*,*,#8530,.F.);
#12291=ORIENTED_EDGE('',*,*,#8344,.F.);
#12292=ORIENTED_EDGE('',*,*,#8385,.T.);
#12293=ORIENTED_EDGE('',*,*,#8317,.F.);
#12294=ORIENTED_EDGE('',*,*,#8531,.F.);
#12295=ORIENTED_EDGE('',*,*,#8511,.F.);
#12296=ORIENTED_EDGE('',*,*,#8382,.F.);
#12297=ORIENTED_EDGE('',*,*,#8405,.F.);
#12298=ORIENTED_EDGE('',*,*,#8322,.F.);
#12299=ORIENTED_EDGE('',*,*,#8532,.T.);
#12300=ORIENTED_EDGE('',*,*,#8508,.F.);
#12301=ORIENTED_EDGE('',*,*,#8472,.F.);
#12302=ORIENTED_EDGE('',*,*,#8533,.F.);
#12303=ORIENTED_EDGE('',*,*,#8339,.F.);
#12304=ORIENTED_EDGE('',*,*,#8381,.F.);
#12305=ORIENTED_EDGE('',*,*,#8341,.F.);
#12306=ORIENTED_EDGE('',*,*,#8534,.T.);
#12307=ORIENTED_EDGE('',*,*,#8470,.F.);
#12308=ORIENTED_EDGE('',*,*,#8510,.F.);
#12309=ORIENTED_EDGE('',*,*,#8535,.T.);
#12310=ORIENTED_EDGE('',*,*,#8320,.F.);
#12311=ORIENTED_EDGE('',*,*,#8471,.F.);
#12312=ORIENTED_EDGE('',*,*,#8534,.F.);
#12313=ORIENTED_EDGE('',*,*,#8340,.F.);
#12314=ORIENTED_EDGE('',*,*,#8533,.T.);
#12315=ORIENTED_EDGE('',*,*,#8321,.F.);
#12316=ORIENTED_EDGE('',*,*,#8535,.F.);
#12317=ORIENTED_EDGE('',*,*,#8509,.F.);
#12318=ORIENTED_EDGE('',*,*,#8532,.F.);
#12319=ORIENTED_EDGE('',*,*,#8490,.T.);
#12320=ORIENTED_EDGE('',*,*,#8536,.F.);
#12321=ORIENTED_EDGE('',*,*,#8537,.F.);
#12322=ORIENTED_EDGE('',*,*,#8477,.F.);
#12323=ORIENTED_EDGE('',*,*,#8489,.T.);
#12324=ORIENTED_EDGE('',*,*,#8538,.T.);
#12325=ORIENTED_EDGE('',*,*,#8539,.T.);
#12326=ORIENTED_EDGE('',*,*,#8536,.T.);
#12327=ORIENTED_EDGE('',*,*,#8488,.T.);
#12328=ORIENTED_EDGE('',*,*,#8479,.F.);
#12329=ORIENTED_EDGE('',*,*,#8540,.T.);
#12330=ORIENTED_EDGE('',*,*,#8538,.F.);
#12331=ORIENTED_EDGE('',*,*,#8491,.T.);
#12332=ORIENTED_EDGE('',*,*,#8541,.T.);
#12333=ORIENTED_EDGE('',*,*,#8542,.F.);
#12334=ORIENTED_EDGE('',*,*,#8541,.F.);
#12335=ORIENTED_EDGE('',*,*,#8492,.T.);
#12336=ORIENTED_EDGE('',*,*,#8543,.T.);
#12337=ORIENTED_EDGE('',*,*,#8544,.F.);
#12338=ORIENTED_EDGE('',*,*,#8543,.F.);
#12339=ORIENTED_EDGE('',*,*,#8493,.T.);
#12340=ORIENTED_EDGE('',*,*,#8545,.T.);
#12341=ORIENTED_EDGE('',*,*,#8546,.F.);
#12342=ORIENTED_EDGE('',*,*,#8545,.F.);
#12343=ORIENTED_EDGE('',*,*,#8494,.T.);
#12344=ORIENTED_EDGE('',*,*,#8547,.T.);
#12345=ORIENTED_EDGE('',*,*,#8548,.F.);
#12346=ORIENTED_EDGE('',*,*,#8547,.F.);
#12347=ORIENTED_EDGE('',*,*,#8478,.F.);
#12348=ORIENTED_EDGE('',*,*,#8537,.T.);
#12349=ORIENTED_EDGE('',*,*,#8539,.F.);
#12350=ORIENTED_EDGE('',*,*,#8540,.F.);
#12351=ORIENTED_EDGE('',*,*,#8542,.T.);
#12352=ORIENTED_EDGE('',*,*,#8544,.T.);
#12353=ORIENTED_EDGE('',*,*,#8546,.T.);
#12354=ORIENTED_EDGE('',*,*,#8548,.T.);
#12355=ORIENTED_EDGE('',*,*,#8413,.T.);
#12356=ORIENTED_EDGE('',*,*,#8507,.T.);
#12357=ORIENTED_EDGE('',*,*,#8287,.F.);
#12358=ORIENTED_EDGE('',*,*,#8325,.F.);
#12359=ORIENTED_EDGE('',*,*,#8549,.F.);
#12360=ORIENTED_EDGE('',*,*,#8550,.F.);
#12361=ORIENTED_EDGE('',*,*,#8551,.F.);
#12362=ORIENTED_EDGE('',*,*,#8552,.F.);
#12363=ORIENTED_EDGE('',*,*,#8552,.T.);
#12364=ORIENTED_EDGE('',*,*,#8553,.F.);
#12365=ORIENTED_EDGE('',*,*,#8554,.F.);
#12366=ORIENTED_EDGE('',*,*,#8555,.F.);
#12367=ORIENTED_EDGE('',*,*,#8556,.T.);
#12368=ORIENTED_EDGE('',*,*,#8557,.F.);
#12369=ORIENTED_EDGE('',*,*,#8551,.T.);
#12370=ORIENTED_EDGE('',*,*,#8558,.T.);
#12371=ORIENTED_EDGE('',*,*,#8559,.T.);
#12372=ORIENTED_EDGE('',*,*,#8553,.T.);
#12373=ORIENTED_EDGE('',*,*,#8560,.F.);
#12374=ORIENTED_EDGE('',*,*,#8554,.T.);
#12375=ORIENTED_EDGE('',*,*,#8559,.F.);
#12376=ORIENTED_EDGE('',*,*,#8561,.F.);
#12377=ORIENTED_EDGE('',*,*,#8550,.T.);
#12378=ORIENTED_EDGE('',*,*,#8562,.F.);
#12379=ORIENTED_EDGE('',*,*,#8563,.F.);
#12380=ORIENTED_EDGE('',*,*,#8564,.F.);
#12381=ORIENTED_EDGE('',*,*,#8561,.T.);
#12382=ORIENTED_EDGE('',*,*,#8558,.F.);
#12383=ORIENTED_EDGE('',*,*,#8565,.T.);
#12384=ORIENTED_EDGE('',*,*,#8563,.T.);
#12385=ORIENTED_EDGE('',*,*,#8566,.F.);
#12386=ORIENTED_EDGE('',*,*,#8556,.F.);
#12387=ORIENTED_EDGE('',*,*,#8549,.T.);
#12388=ORIENTED_EDGE('',*,*,#8557,.T.);
#12389=ORIENTED_EDGE('',*,*,#8566,.T.);
#12390=ORIENTED_EDGE('',*,*,#8562,.T.);
#12391=ORIENTED_EDGE('',*,*,#8565,.F.);
#12392=ORIENTED_EDGE('',*,*,#8555,.T.);
#12393=ORIENTED_EDGE('',*,*,#8560,.T.);
#12394=ORIENTED_EDGE('',*,*,#8564,.T.);
#12395=PLANE('',#13485);
#12396=PLANE('',#13489);
#12397=PLANE('',#13490);
#12398=PLANE('',#13491);
#12399=PLANE('',#13492);
#12400=PLANE('',#13493);
#12401=PLANE('',#13494);
#12402=PLANE('',#13495);
#12403=PLANE('',#13496);
#12404=PLANE('',#13500);
#12405=PLANE('',#13507);
#12406=PLANE('',#13514);
#12407=PLANE('',#13515);
#12408=PLANE('',#13516);
#12409=PLANE('',#13517);
#12410=PLANE('',#13518);
#12411=PLANE('',#13519);
#12412=PLANE('',#13520);
#12413=PLANE('',#13526);
#12414=PLANE('',#13527);
#12415=PLANE('',#13536);
#12416=PLANE('',#13537);
#12417=PLANE('',#13538);
#12418=PLANE('',#13539);
#12419=PLANE('',#13540);
#12420=PLANE('',#13541);
#12421=PLANE('',#13543);
#12422=PLANE('',#13544);
#12423=PLANE('',#13545);
#12424=PLANE('',#13546);
#12425=PLANE('',#13547);
#12426=PLANE('',#13548);
#12427=PLANE('',#13550);
#12428=PLANE('',#13551);
#12429=PLANE('',#13552);
#12430=PLANE('',#13553);
#12431=PLANE('',#13554);
#12432=PLANE('',#13555);
#12433=PLANE('',#13558);
#12434=PLANE('',#13559);
#12435=PLANE('',#13563);
#12436=PLANE('',#13564);
#12437=PLANE('',#13568);
#12438=PLANE('',#13569);
#12439=PLANE('',#13573);
#12440=PLANE('',#13577);
#12441=PLANE('',#13581);
#12442=PLANE('',#13585);
#12443=PLANE('',#13589);
#12444=PLANE('',#13593);
#12445=PLANE('',#13597);
#12446=PLANE('',#13601);
#12447=PLANE('',#13605);
#12448=PLANE('',#13609);
#12449=PLANE('',#13613);
#12450=PLANE('',#13620);
#12451=PLANE('',#13621);
#12452=PLANE('',#13622);
#12453=PLANE('',#13623);
#12454=PLANE('',#13636);
#12455=PLANE('',#13637);
#12456=PLANE('',#13638);
#12457=PLANE('',#13639);
#12458=PLANE('',#13640);
#12459=PLANE('',#13641);
#12460=PLANE('',#13642);
#12461=PLANE('',#13643);
#12462=PLANE('',#13644);
#12463=PLANE('',#13645);
#12464=PLANE('',#13646);
#12465=PLANE('',#13647);
#12466=PLANE('',#13648);
#12467=PLANE('',#13649);
#12468=PLANE('',#13650);
#12469=PLANE('',#13651);
#12470=PLANE('',#13652);
#12471=PLANE('',#13653);
#12472=PLANE('',#13654);
#12473=PLANE('',#13655);
#12474=PLANE('',#13656);
#12475=PLANE('',#13657);
#12476=PLANE('',#13658);
#12477=PLANE('',#13659);
#12478=PLANE('',#13660);
#12479=PLANE('',#13661);
#12480=PLANE('',#13662);
#12481=PLANE('',#13663);
#12482=PLANE('',#13664);
#12483=PLANE('',#13665);
#12484=PLANE('',#13666);
#12485=PLANE('',#13667);
#12486=PLANE('',#13668);
#12487=PLANE('',#13669);
#12488=PLANE('',#13670);
#12489=PLANE('',#13671);
#12490=PLANE('',#13672);
#12491=PLANE('',#13673);
#12492=PLANE('',#13674);
#12493=PLANE('',#13675);
#12494=PLANE('',#13676);
#12495=PLANE('',#13677);
#12496=PLANE('',#13678);
#12497=PLANE('',#13679);
#12498=PLANE('',#13680);
#12499=PLANE('',#13681);
#12500=PLANE('',#13682);
#12501=PLANE('',#13683);
#12502=PLANE('',#13684);
#12503=PLANE('',#13685);
#12504=PLANE('',#13686);
#12505=PLANE('',#13687);
#12506=PLANE('',#13688);
#12507=PLANE('',#13689);
#12508=PLANE('',#13690);
#12509=PLANE('',#13691);
#12510=PLANE('',#13692);
#12511=PLANE('',#13693);
#12512=PLANE('',#13694);
#12513=PLANE('',#13695);
#12514=PLANE('',#13696);
#12515=PLANE('',#13697);
#12516=PLANE('',#13698);
#12517=PLANE('',#13699);
#12518=PLANE('',#13700);
#12519=PLANE('',#13701);
#12520=PLANE('',#13702);
#12521=PLANE('',#13703);
#12522=PLANE('',#13704);
#12523=PLANE('',#13705);
#12524=PLANE('',#13706);
#12525=PLANE('',#13707);
#12526=PLANE('',#13708);
#12527=PLANE('',#13709);
#12528=PLANE('',#13710);
#12529=PLANE('',#13711);
#12530=PLANE('',#13712);
#12531=PLANE('',#13713);
#12532=PLANE('',#13714);
#12533=PLANE('',#13715);
#12534=PLANE('',#13716);
#12535=PLANE('',#13717);
#12536=PLANE('',#13718);
#12537=PLANE('',#13719);
#12538=PLANE('',#13720);
#12539=PLANE('',#13721);
#12540=PLANE('',#13722);
#12541=PLANE('',#13723);
#12542=PLANE('',#13724);
#12543=PLANE('',#13725);
#12544=PLANE('',#13726);
#12545=PLANE('',#13727);
#12546=PLANE('',#13728);
#12547=PLANE('',#13729);
#12548=PLANE('',#13730);
#12549=PLANE('',#13731);
#12550=PLANE('',#13732);
#12551=PLANE('',#13733);
#12552=PLANE('',#13734);
#12553=PLANE('',#13735);
#12554=PLANE('',#13736);
#12555=PLANE('',#13737);
#12556=PLANE('',#13738);
#12557=PLANE('',#13739);
#12558=PLANE('',#13740);
#12559=PLANE('',#13744);
#12560=PLANE('',#13763);
#12561=PLANE('',#13764);
#12562=PLANE('',#13765);
#12563=PLANE('',#13766);
#12564=PLANE('',#13767);
#12565=PLANE('',#13768);
#12566=PLANE('',#13769);
#12567=PLANE('',#13770);
#12568=PLANE('',#13771);
#12569=PLANE('',#13772);
#12570=PLANE('',#13773);
#12571=PLANE('',#13774);
#12572=PLANE('',#13778);
#12573=PLANE('',#13785);
#12574=PLANE('',#13786);
#12575=PLANE('',#13787);
#12576=PLANE('',#13792);
#12577=PLANE('',#13793);
#12578=PLANE('',#13803);
#12579=PLANE('',#13805);
#12580=PLANE('',#13806);
#12581=PLANE('',#13807);
#12582=PLANE('',#13808);
#12583=PLANE('',#13810);
#12584=PLANE('',#13814);
#12585=PLANE('',#13815);
#12586=PLANE('',#13816);
#12587=PLANE('',#13817);
#12588=PLANE('',#13818);
#12589=PLANE('',#13822);
#12590=PLANE('',#13823);
#12591=PLANE('',#13827);
#12592=PLANE('',#13831);
#12593=PLANE('',#13835);
#12594=PLANE('',#13839);
#12595=PLANE('',#13843);
#12596=PLANE('',#13847);
#12597=PLANE('',#13851);
#12598=PLANE('',#13855);
#12599=PLANE('',#13859);
#12600=PLANE('',#13863);
#12601=PLANE('',#13867);
#12602=PLANE('',#13871);
#12603=PLANE('',#13875);
#12604=PLANE('',#13879);
#12605=PLANE('',#13883);
#12606=PLANE('',#13887);
#12607=PLANE('',#13894);
#12608=PLANE('',#13895);
#12609=PLANE('',#13900);
#12610=PLANE('',#13901);
#12611=PLANE('',#13910);
#12612=PLANE('',#13911);
#12613=PLANE('',#13912);
#12614=PLANE('',#13913);
#12615=PLANE('',#13914);
#12616=PLANE('',#13915);
#12617=PLANE('',#13916);
#12618=PLANE('',#13917);
#12619=PLANE('',#13918);
#12620=PLANE('',#13919);
#12621=PLANE('',#13920);
#12622=PLANE('',#13921);
#12623=PLANE('',#13922);
#12624=PLANE('',#13923);
#12625=PLANE('',#13924);
#12626=PLANE('',#13925);
#12627=PLANE('',#13926);
#12628=PLANE('',#13927);
#12629=PLANE('',#13928);
#12630=PLANE('',#13929);
#12631=PLANE('',#13930);
#12632=PLANE('',#13931);
#12633=PLANE('',#13932);
#12634=PLANE('',#13933);
#12635=PLANE('',#13934);
#12636=PLANE('',#13935);
#12637=PLANE('',#13936);
#12638=PLANE('',#13937);
#12639=PLANE('',#13938);
#12640=PLANE('',#13939);
#12641=PLANE('',#13940);
#12642=PLANE('',#13941);
#12643=PLANE('',#13942);
#12644=PLANE('',#13943);
#12645=PLANE('',#13944);
#12646=PLANE('',#13945);
#12647=PLANE('',#13946);
#12648=PLANE('',#13947);
#12649=PLANE('',#13948);
#12650=PLANE('',#13949);
#12651=PLANE('',#13950);
#12652=PLANE('',#13951);
#12653=PLANE('',#13952);
#12654=PLANE('',#13953);
#12655=PLANE('',#13954);
#12656=PLANE('',#13955);
#12657=PLANE('',#13956);
#12658=PLANE('',#13957);
#12659=PLANE('',#13958);
#12660=PLANE('',#13959);
#12661=PLANE('',#13960);
#12662=PLANE('',#13961);
#12663=PLANE('',#13962);
#12664=PLANE('',#13963);
#12665=PLANE('',#13967);
#12666=PLANE('',#13968);
#12667=PLANE('',#13969);
#12668=PLANE('',#13970);
#12669=PLANE('',#13971);
#12670=PLANE('',#13972);
#12671=PLANE('',#13973);
#12672=PLANE('',#13974);
#12673=PLANE('',#13975);
#12674=PLANE('',#13976);
#12675=PLANE('',#13985);
#12676=PLANE('',#13992);
#12677=PLANE('',#13996);
#12678=PLANE('',#13997);
#12679=PLANE('',#13998);
#12680=PLANE('',#13999);
#12681=PLANE('',#14002);
#12682=PLANE('',#14003);
#12683=PLANE('',#14004);
#12684=PLANE('',#14005);
#12685=PLANE('',#14016);
#12686=PLANE('',#14019);
#12687=PLANE('',#14022);
#12688=PLANE('',#14025);
#12689=PLANE('',#14034);
#12690=PLANE('',#14039);
#12691=PLANE('',#14040);
#12692=PLANE('',#14041);
#12693=PLANE('',#14050);
#12694=PLANE('',#14051);
#12695=PLANE('',#14052);
#12696=PLANE('',#14053);
#12697=PLANE('',#14054);
#12698=PLANE('',#14055);
#12699=PLANE('',#14056);
#12700=PLANE('',#14057);
#12701=PLANE('',#14058);
#12702=PLANE('',#14059);
#12703=PLANE('',#14060);
#12704=PLANE('',#14061);
#12705=PLANE('',#14073);
#12706=PLANE('',#14080);
#12707=PLANE('',#14087);
#12708=PLANE('',#14091);
#12709=PLANE('',#14092);
#12710=PLANE('',#14093);
#12711=PLANE('',#14096);
#12712=PLANE('',#14097);
#12713=PLANE('',#14098);
#12714=PLANE('',#14099);
#12715=PLANE('',#14102);
#12716=PLANE('',#14103);
#12717=PLANE('',#14104);
#12718=PLANE('',#14105);
#12719=PLANE('',#14109);
#12720=PLANE('',#14110);
#12721=PLANE('',#14111);
#12722=PLANE('',#14112);
#12723=PLANE('',#14113);
#12724=PLANE('',#14114);
#12725=PLANE('',#14119);
#12726=PLANE('',#14128);
#12727=PLANE('',#14129);
#12728=PLANE('',#14130);
#12729=PLANE('',#14131);
#12730=PLANE('',#14132);
#12731=PLANE('',#14136);
#12732=PLANE('',#14137);
#12733=PLANE('',#14154);
#12734=PLANE('',#14155);
#12735=PLANE('',#14156);
#12736=PLANE('',#14157);
#12737=PLANE('',#14158);
#12738=PLANE('',#14162);
#12739=PLANE('',#14163);
#12740=PLANE('',#14164);
#12741=PLANE('',#14165);
#12742=PLANE('',#14166);
#12743=PLANE('',#14167);
#12744=PLANE('',#14168);
#12745=PLANE('',#14169);
#12746=PLANE('',#14170);
#12747=PLANE('',#14171);
#12748=PLANE('',#14172);
#12749=PLANE('',#14181);
#12750=PLANE('',#14182);
#12751=PLANE('',#14183);
#12752=PLANE('',#14184);
#12753=PLANE('',#14191);
#12754=PLANE('',#14192);
#12755=PLANE('',#14193);
#12756=PLANE('',#14194);
#12757=PLANE('',#14195);
#12758=PLANE('',#14196);
#12759=PLANE('',#14197);
#12760=PLANE('',#14198);
#12761=PLANE('',#14199);
#12762=PLANE('',#14200);
#12763=PLANE('',#14201);
#12764=PLANE('',#14202);
#12765=PLANE('',#14203);
#12766=PLANE('',#14204);
#12767=PLANE('',#14205);
#12768=PLANE('',#14206);
#12769=PLANE('',#14207);
#12770=PLANE('',#14208);
#12771=PLANE('',#14209);
#12772=PLANE('',#14210);
#12773=PLANE('',#14211);
#12774=PLANE('',#14212);
#12775=PLANE('',#14213);
#12776=PLANE('',#14214);
#12777=PLANE('',#14215);
#12778=PLANE('',#14216);
#12779=PLANE('',#14217);
#12780=PLANE('',#14218);
#12781=PLANE('',#14219);
#12782=PLANE('',#14220);
#12783=PLANE('',#14221);
#12784=PLANE('',#14222);
#12785=PLANE('',#14223);
#12786=PLANE('',#14224);
#12787=PLANE('',#14225);
#12788=PLANE('',#14226);
#12789=PLANE('',#14227);
#12790=PLANE('',#14228);
#12791=PLANE('',#14233);
#12792=PLANE('',#14242);
#12793=PLANE('',#14246);
#12794=PLANE('',#14247);
#12795=PLANE('',#14253);
#12796=PLANE('',#14254);
#12797=PLANE('',#14258);
#12798=PLANE('',#14262);
#12799=PLANE('',#14266);
#12800=PLANE('',#14270);
#12801=PLANE('',#14274);
#12802=PLANE('',#14278);
#12803=PLANE('',#14282);
#12804=PLANE('',#14291);
#12805=PLANE('',#14292);
#12806=PLANE('',#14293);
#12807=PLANE('',#14294);
#12808=PLANE('',#14295);
#12809=PLANE('',#14299);
#12810=PLANE('',#14300);
#12811=PLANE('',#14301);
#12812=PLANE('',#14302);
#12813=PLANE('',#14303);
#12814=PLANE('',#14304);
#12815=PLANE('',#14305);
#12816=PLANE('',#14306);
#12817=PLANE('',#14307);
#12818=PLANE('',#14314);
#12819=PLANE('',#14315);
#12820=PLANE('',#14316);
#12821=PLANE('',#14317);
#12822=PLANE('',#14318);
#12823=PLANE('',#14319);
#12824=PLANE('',#14320);
#12825=PLANE('',#14321);
#12826=PLANE('',#14322);
#12827=PLANE('',#14323);
#12828=PLANE('',#14324);
#12829=PLANE('',#14325);
#12830=PLANE('',#14326);
#12831=PLANE('',#14327);
#12832=PLANE('',#14328);
#12833=PLANE('',#14329);
#12834=PLANE('',#14330);
#12835=PLANE('',#14331);
#12836=PLANE('',#14332);
#12837=PLANE('',#14333);
#12838=PLANE('',#14334);
#12839=PLANE('',#14335);
#12840=PLANE('',#14336);
#12841=PLANE('',#14337);
#12842=PLANE('',#14338);
#12843=PLANE('',#14339);
#12844=PLANE('',#14340);
#12845=PLANE('',#14341);
#12846=PLANE('',#14342);
#12847=PLANE('',#14343);
#12848=PLANE('',#14344);
#12849=PLANE('',#14353);
#12850=PLANE('',#14354);
#12851=PLANE('',#14358);
#12852=PLANE('',#14359);
#12853=PLANE('',#14360);
#12854=PLANE('',#14361);
#12855=PLANE('',#14362);
#12856=PLANE('',#14363);
#12857=PLANE('',#14364);
#12858=ADVANCED_FACE('',(#678),#12395,.T.);
#12859=ADVANCED_FACE('',(#679),#547,.T.);
#12860=ADVANCED_FACE('',(#680),#12396,.T.);
#12861=ADVANCED_FACE('',(#681),#12397,.F.);
#12862=ADVANCED_FACE('',(#682),#12398,.T.);
#12863=ADVANCED_FACE('',(#683),#12399,.T.);
#12864=ADVANCED_FACE('',(#684),#12400,.T.);
#12865=ADVANCED_FACE('',(#685),#12401,.T.);
#12866=ADVANCED_FACE('',(#686),#12402,.T.);
#12867=ADVANCED_FACE('',(#687,#24,#25,#26),#12403,.T.);
#12868=ADVANCED_FACE('',(#688,#27,#28,#29),#12404,.T.);
#12869=ADVANCED_FACE('',(#689),#548,.F.);
#12870=ADVANCED_FACE('',(#690),#12405,.F.);
#12871=ADVANCED_FACE('',(#691),#549,.F.);
#12872=ADVANCED_FACE('',(#692),#550,.F.);
#12873=ADVANCED_FACE('',(#693),#12406,.F.);
#12874=ADVANCED_FACE('',(#694),#12407,.F.);
#12875=ADVANCED_FACE('',(#695),#12408,.F.);
#12876=ADVANCED_FACE('',(#696),#12409,.F.);
#12877=ADVANCED_FACE('',(#697),#12410,.F.);
#12878=ADVANCED_FACE('',(#698),#12411,.F.);
#12879=ADVANCED_FACE('',(#699,#30,#31,#32,#33),#12412,.T.);
#12880=ADVANCED_FACE('',(#700),#12413,.T.);
#12881=ADVANCED_FACE('',(#701),#12414,.T.);
#12882=ADVANCED_FACE('',(#702),#551,.F.);
#12883=ADVANCED_FACE('',(#703),#552,.F.);
#12884=ADVANCED_FACE('',(#704),#15,.F.);
#12885=ADVANCED_FACE('',(#705),#16,.F.);
#12886=ADVANCED_FACE('',(#706),#12415,.T.);
#12887=ADVANCED_FACE('',(#707),#12416,.T.);
#12888=ADVANCED_FACE('',(#708),#12417,.T.);
#12889=ADVANCED_FACE('',(#709),#12418,.T.);
#12890=ADVANCED_FACE('',(#710),#12419,.T.);
#12891=ADVANCED_FACE('',(#711),#12420,.F.);
#12892=ADVANCED_FACE('',(#712),#12421,.T.);
#12893=ADVANCED_FACE('',(#713),#12422,.T.);
#12894=ADVANCED_FACE('',(#714),#12423,.T.);
#12895=ADVANCED_FACE('',(#715),#12424,.T.);
#12896=ADVANCED_FACE('',(#716),#12425,.T.);
#12897=ADVANCED_FACE('',(#717,#34,#35,#36,#37,#38),#12426,.F.);
#12898=ADVANCED_FACE('',(#718),#12427,.F.);
#12899=ADVANCED_FACE('',(#719),#12428,.F.);
#12900=ADVANCED_FACE('',(#720),#12429,.F.);
#12901=ADVANCED_FACE('',(#721),#12430,.F.);
#12902=ADVANCED_FACE('',(#722),#12431,.T.);
#12903=ADVANCED_FACE('',(#723),#12432,.T.);
#12904=ADVANCED_FACE('',(#724),#553,.F.);
#12905=ADVANCED_FACE('',(#725),#12433,.T.);
#12906=ADVANCED_FACE('',(#726),#12434,.T.);
#12907=ADVANCED_FACE('',(#727),#554,.F.);
#12908=ADVANCED_FACE('',(#728),#555,.F.);
#12909=ADVANCED_FACE('',(#729),#556,.F.);
#12910=ADVANCED_FACE('',(#730),#12435,.F.);
#12911=ADVANCED_FACE('',(#731),#12436,.T.);
#12912=ADVANCED_FACE('',(#732),#557,.T.);
#12913=ADVANCED_FACE('',(#733),#12437,.F.);
#12914=ADVANCED_FACE('',(#734,#39,#40,#41,#42,#43,#44,#45,#46,#47,#48,#49,
#50,#51,#52,#53,#54),#12438,.T.);
#12915=ADVANCED_FACE('',(#735),#558,.T.);
#12916=ADVANCED_FACE('',(#736),#12439,.F.);
#12917=ADVANCED_FACE('',(#737),#559,.T.);
#12918=ADVANCED_FACE('',(#738),#12440,.F.);
#12919=ADVANCED_FACE('',(#739),#560,.T.);
#12920=ADVANCED_FACE('',(#740),#12441,.F.);
#12921=ADVANCED_FACE('',(#741),#561,.T.);
#12922=ADVANCED_FACE('',(#742),#12442,.F.);
#12923=ADVANCED_FACE('',(#743),#562,.T.);
#12924=ADVANCED_FACE('',(#744),#12443,.F.);
#12925=ADVANCED_FACE('',(#745),#563,.T.);
#12926=ADVANCED_FACE('',(#746),#12444,.F.);
#12927=ADVANCED_FACE('',(#747),#564,.T.);
#12928=ADVANCED_FACE('',(#748),#12445,.F.);
#12929=ADVANCED_FACE('',(#749),#565,.T.);
#12930=ADVANCED_FACE('',(#750),#12446,.F.);
#12931=ADVANCED_FACE('',(#751),#566,.T.);
#12932=ADVANCED_FACE('',(#752),#12447,.F.);
#12933=ADVANCED_FACE('',(#753),#567,.T.);
#12934=ADVANCED_FACE('',(#754),#12448,.F.);
#12935=ADVANCED_FACE('',(#755),#568,.T.);
#12936=ADVANCED_FACE('',(#756),#12449,.F.);
#12937=ADVANCED_FACE('',(#757),#569,.F.);
#12938=ADVANCED_FACE('',(#758),#570,.F.);
#12939=ADVANCED_FACE('',(#759),#12450,.T.);
#12940=ADVANCED_FACE('',(#760),#12451,.T.);
#12941=ADVANCED_FACE('',(#761),#12452,.T.);
#12942=ADVANCED_FACE('',(#762,#55,#56,#57,#58,#59,#60,#61,#62,#63,#64,#65,
#66,#67,#68,#69,#70),#12453,.T.);
#12943=ADVANCED_FACE('',(#763),#571,.F.);
#12944=ADVANCED_FACE('',(#764),#572,.F.);
#12945=ADVANCED_FACE('',(#765),#573,.F.);
#12946=ADVANCED_FACE('',(#766),#574,.F.);
#12947=ADVANCED_FACE('',(#767,#71,#72,#73,#74),#12454,.T.);
#12948=ADVANCED_FACE('',(#768),#12455,.T.);
#12949=ADVANCED_FACE('',(#769),#12456,.F.);
#12950=ADVANCED_FACE('',(#770),#12457,.F.);
#12951=ADVANCED_FACE('',(#771),#12458,.F.);
#12952=ADVANCED_FACE('',(#772),#12459,.F.);
#12953=ADVANCED_FACE('',(#773),#12460,.F.);
#12954=ADVANCED_FACE('',(#774),#12461,.F.);
#12955=ADVANCED_FACE('',(#775),#12462,.F.);
#12956=ADVANCED_FACE('',(#776),#12463,.F.);
#12957=ADVANCED_FACE('',(#777),#12464,.F.);
#12958=ADVANCED_FACE('',(#778),#12465,.F.);
#12959=ADVANCED_FACE('',(#779),#12466,.F.);
#12960=ADVANCED_FACE('',(#780),#12467,.F.);
#12961=ADVANCED_FACE('',(#781),#12468,.F.);
#12962=ADVANCED_FACE('',(#782),#12469,.F.);
#12963=ADVANCED_FACE('',(#783),#12470,.F.);
#12964=ADVANCED_FACE('',(#784),#12471,.F.);
#12965=ADVANCED_FACE('',(#785),#12472,.F.);
#12966=ADVANCED_FACE('',(#786),#12473,.F.);
#12967=ADVANCED_FACE('',(#787),#12474,.F.);
#12968=ADVANCED_FACE('',(#788),#12475,.F.);
#12969=ADVANCED_FACE('',(#789),#12476,.F.);
#12970=ADVANCED_FACE('',(#790),#12477,.F.);
#12971=ADVANCED_FACE('',(#791),#12478,.F.);
#12972=ADVANCED_FACE('',(#792),#12479,.F.);
#12973=ADVANCED_FACE('',(#793),#12480,.F.);
#12974=ADVANCED_FACE('',(#794),#12481,.F.);
#12975=ADVANCED_FACE('',(#795),#12482,.F.);
#12976=ADVANCED_FACE('',(#796),#12483,.F.);
#12977=ADVANCED_FACE('',(#797),#12484,.F.);
#12978=ADVANCED_FACE('',(#798),#12485,.F.);
#12979=ADVANCED_FACE('',(#799),#12486,.F.);
#12980=ADVANCED_FACE('',(#800),#12487,.F.);
#12981=ADVANCED_FACE('',(#801),#12488,.F.);
#12982=ADVANCED_FACE('',(#802),#12489,.F.);
#12983=ADVANCED_FACE('',(#803),#12490,.F.);
#12984=ADVANCED_FACE('',(#804),#12491,.F.);
#12985=ADVANCED_FACE('',(#805),#12492,.F.);
#12986=ADVANCED_FACE('',(#806),#12493,.F.);
#12987=ADVANCED_FACE('',(#807),#12494,.F.);
#12988=ADVANCED_FACE('',(#808),#12495,.F.);
#12989=ADVANCED_FACE('',(#809),#12496,.F.);
#12990=ADVANCED_FACE('',(#810),#12497,.F.);
#12991=ADVANCED_FACE('',(#811),#12498,.F.);
#12992=ADVANCED_FACE('',(#812),#12499,.F.);
#12993=ADVANCED_FACE('',(#813),#12500,.F.);
#12994=ADVANCED_FACE('',(#814),#12501,.F.);
#12995=ADVANCED_FACE('',(#815),#12502,.F.);
#12996=ADVANCED_FACE('',(#816),#12503,.F.);
#12997=ADVANCED_FACE('',(#817),#12504,.F.);
#12998=ADVANCED_FACE('',(#818),#12505,.F.);
#12999=ADVANCED_FACE('',(#819),#12506,.F.);
#13000=ADVANCED_FACE('',(#820),#12507,.F.);
#13001=ADVANCED_FACE('',(#821),#12508,.F.);
#13002=ADVANCED_FACE('',(#822),#12509,.F.);
#13003=ADVANCED_FACE('',(#823),#12510,.F.);
#13004=ADVANCED_FACE('',(#824),#12511,.F.);
#13005=ADVANCED_FACE('',(#825),#12512,.F.);
#13006=ADVANCED_FACE('',(#826),#12513,.F.);
#13007=ADVANCED_FACE('',(#827),#12514,.F.);
#13008=ADVANCED_FACE('',(#828),#12515,.F.);
#13009=ADVANCED_FACE('',(#829),#12516,.F.);
#13010=ADVANCED_FACE('',(#830),#12517,.F.);
#13011=ADVANCED_FACE('',(#831),#12518,.F.);
#13012=ADVANCED_FACE('',(#832),#12519,.F.);
#13013=ADVANCED_FACE('',(#833),#12520,.F.);
#13014=ADVANCED_FACE('',(#834),#12521,.F.);
#13015=ADVANCED_FACE('',(#835),#12522,.F.);
#13016=ADVANCED_FACE('',(#836),#12523,.F.);
#13017=ADVANCED_FACE('',(#837),#12524,.F.);
#13018=ADVANCED_FACE('',(#838),#12525,.F.);
#13019=ADVANCED_FACE('',(#839),#12526,.F.);
#13020=ADVANCED_FACE('',(#840),#12527,.F.);
#13021=ADVANCED_FACE('',(#841),#12528,.F.);
#13022=ADVANCED_FACE('',(#842),#12529,.F.);
#13023=ADVANCED_FACE('',(#843),#12530,.F.);
#13024=ADVANCED_FACE('',(#844),#12531,.F.);
#13025=ADVANCED_FACE('',(#845),#12532,.F.);
#13026=ADVANCED_FACE('',(#846),#12533,.F.);
#13027=ADVANCED_FACE('',(#847),#12534,.F.);
#13028=ADVANCED_FACE('',(#848),#12535,.F.);
#13029=ADVANCED_FACE('',(#849),#12536,.F.);
#13030=ADVANCED_FACE('',(#850),#12537,.F.);
#13031=ADVANCED_FACE('',(#851),#12538,.F.);
#13032=ADVANCED_FACE('',(#852),#12539,.F.);
#13033=ADVANCED_FACE('',(#853),#12540,.F.);
#13034=ADVANCED_FACE('',(#854),#12541,.F.);
#13035=ADVANCED_FACE('',(#855),#12542,.F.);
#13036=ADVANCED_FACE('',(#856),#12543,.F.);
#13037=ADVANCED_FACE('',(#857),#12544,.F.);
#13038=ADVANCED_FACE('',(#858),#12545,.F.);
#13039=ADVANCED_FACE('',(#859),#12546,.F.);
#13040=ADVANCED_FACE('',(#860),#12547,.F.);
#13041=ADVANCED_FACE('',(#861),#12548,.F.);
#13042=ADVANCED_FACE('',(#862),#12549,.F.);
#13043=ADVANCED_FACE('',(#863),#12550,.F.);
#13044=ADVANCED_FACE('',(#864),#12551,.F.);
#13045=ADVANCED_FACE('',(#865),#12552,.T.);
#13046=ADVANCED_FACE('',(#866,#75,#76),#12553,.T.);
#13047=ADVANCED_FACE('',(#867),#12554,.T.);
#13048=ADVANCED_FACE('',(#868),#12555,.T.);
#13049=ADVANCED_FACE('',(#869),#12556,.T.);
#13050=ADVANCED_FACE('',(#870),#12557,.T.);
#13051=ADVANCED_FACE('',(#871,#77,#78,#79),#12558,.F.);
#13052=ADVANCED_FACE('',(#872,#80,#81,#82,#83),#12559,.F.);
#13053=ADVANCED_FACE('',(#873),#575,.F.);
#13054=ADVANCED_FACE('',(#874),#576,.F.);
#13055=ADVANCED_FACE('',(#875),#577,.F.);
#13056=ADVANCED_FACE('',(#876),#578,.F.);
#13057=ADVANCED_FACE('',(#877),#579,.F.);
#13058=ADVANCED_FACE('',(#878),#580,.F.);
#13059=ADVANCED_FACE('',(#879),#581,.F.);
#13060=ADVANCED_FACE('',(#880,#84,#85),#12560,.T.);
#13061=ADVANCED_FACE('',(#881,#86,#87,#88,#89),#12561,.T.);
#13062=ADVANCED_FACE('',(#882),#12562,.T.);
#13063=ADVANCED_FACE('',(#883),#12563,.T.);
#13064=ADVANCED_FACE('',(#884),#12564,.T.);
#13065=ADVANCED_FACE('',(#885,#90,#91,#92,#93,#94,#95,#96),#12565,.T.);
#13066=ADVANCED_FACE('',(#886),#12566,.T.);
#13067=ADVANCED_FACE('',(#887),#12567,.T.);
#13068=ADVANCED_FACE('',(#888),#12568,.T.);
#13069=ADVANCED_FACE('',(#889),#12569,.T.);
#13070=ADVANCED_FACE('',(#890),#12570,.T.);
#13071=ADVANCED_FACE('',(#891,#97,#98,#99),#12571,.T.);
#13072=ADVANCED_FACE('',(#892,#100,#101,#102),#12572,.F.);
#13073=ADVANCED_FACE('',(#893),#582,.F.);
#13074=ADVANCED_FACE('',(#894),#12573,.F.);
#13075=ADVANCED_FACE('',(#895),#12574,.F.);
#13076=ADVANCED_FACE('',(#896,#103,#104,#105,#106,#107,#108),#12575,.F.);
#13077=ADVANCED_FACE('',(#897),#12576,.T.);
#13078=ADVANCED_FACE('',(#898,#109,#110,#111,#112,#113),#12577,.T.);
#13079=ADVANCED_FACE('',(#899),#583,.F.);
#13080=ADVANCED_FACE('',(#900),#17,.F.);
#13081=ADVANCED_FACE('',(#901),#18,.F.);
#13082=ADVANCED_FACE('',(#902),#584,.T.);
#13083=ADVANCED_FACE('',(#903,#114),#12578,.F.);
#13084=ADVANCED_FACE('',(#904),#12579,.F.);
#13085=ADVANCED_FACE('',(#905),#12580,.F.);
#13086=ADVANCED_FACE('',(#906),#12581,.F.);
#13087=ADVANCED_FACE('',(#907),#12582,.F.);
#13088=ADVANCED_FACE('',(#908),#585,.F.);
#13089=ADVANCED_FACE('',(#909),#12583,.T.);
#13090=ADVANCED_FACE('',(#910),#586,.F.);
#13091=ADVANCED_FACE('',(#911),#587,.F.);
#13092=ADVANCED_FACE('',(#912),#588,.F.);
#13093=ADVANCED_FACE('',(#913),#12584,.T.);
#13094=ADVANCED_FACE('',(#914),#12585,.F.);
#13095=ADVANCED_FACE('',(#915),#12586,.F.);
#13096=ADVANCED_FACE('',(#916),#12587,.T.);
#13097=ADVANCED_FACE('',(#917),#12588,.T.);
#13098=ADVANCED_FACE('',(#918),#589,.T.);
#13099=ADVANCED_FACE('',(#919),#12589,.F.);
#13100=ADVANCED_FACE('',(#920),#12590,.T.);
#13101=ADVANCED_FACE('',(#921),#590,.T.);
#13102=ADVANCED_FACE('',(#922),#12591,.T.);
#13103=ADVANCED_FACE('',(#923),#591,.T.);
#13104=ADVANCED_FACE('',(#924),#12592,.F.);
#13105=ADVANCED_FACE('',(#925),#592,.T.);
#13106=ADVANCED_FACE('',(#926),#12593,.F.);
#13107=ADVANCED_FACE('',(#927),#593,.T.);
#13108=ADVANCED_FACE('',(#928),#12594,.F.);
#13109=ADVANCED_FACE('',(#929),#594,.T.);
#13110=ADVANCED_FACE('',(#930),#12595,.F.);
#13111=ADVANCED_FACE('',(#931),#595,.T.);
#13112=ADVANCED_FACE('',(#932),#12596,.F.);
#13113=ADVANCED_FACE('',(#933),#596,.T.);
#13114=ADVANCED_FACE('',(#934),#12597,.F.);
#13115=ADVANCED_FACE('',(#935),#597,.T.);
#13116=ADVANCED_FACE('',(#936),#12598,.F.);
#13117=ADVANCED_FACE('',(#937),#598,.T.);
#13118=ADVANCED_FACE('',(#938),#12599,.F.);
#13119=ADVANCED_FACE('',(#939),#599,.T.);
#13120=ADVANCED_FACE('',(#940),#12600,.F.);
#13121=ADVANCED_FACE('',(#941),#600,.T.);
#13122=ADVANCED_FACE('',(#942),#12601,.F.);
#13123=ADVANCED_FACE('',(#943),#601,.T.);
#13124=ADVANCED_FACE('',(#944),#12602,.F.);
#13125=ADVANCED_FACE('',(#945),#602,.T.);
#13126=ADVANCED_FACE('',(#946),#12603,.F.);
#13127=ADVANCED_FACE('',(#947),#603,.T.);
#13128=ADVANCED_FACE('',(#948),#12604,.F.);
#13129=ADVANCED_FACE('',(#949),#604,.T.);
#13130=ADVANCED_FACE('',(#950),#12605,.F.);
#13131=ADVANCED_FACE('',(#951),#605,.T.);
#13132=ADVANCED_FACE('',(#952),#12606,.F.);
#13133=ADVANCED_FACE('',(#953),#606,.F.);
#13134=ADVANCED_FACE('',(#954),#607,.F.);
#13135=ADVANCED_FACE('',(#955),#12607,.T.);
#13136=ADVANCED_FACE('',(#956,#115,#116,#117,#118),#12608,.T.);
#13137=ADVANCED_FACE('',(#957),#12609,.T.);
#13138=ADVANCED_FACE('',(#958),#12610,.T.);
#13139=ADVANCED_FACE('',(#959),#608,.F.);
#13140=ADVANCED_FACE('',(#960),#609,.F.);
#13141=ADVANCED_FACE('',(#961),#610,.F.);
#13142=ADVANCED_FACE('',(#962),#611,.F.);
#13143=ADVANCED_FACE('',(#963,#119,#120,#121,#122),#12611,.F.);
#13144=ADVANCED_FACE('',(#964),#12612,.F.);
#13145=ADVANCED_FACE('',(#965),#12613,.F.);
#13146=ADVANCED_FACE('',(#966),#12614,.F.);
#13147=ADVANCED_FACE('',(#967),#12615,.F.);
#13148=ADVANCED_FACE('',(#968),#12616,.F.);
#13149=ADVANCED_FACE('',(#969),#12617,.F.);
#13150=ADVANCED_FACE('',(#970),#12618,.F.);
#13151=ADVANCED_FACE('',(#971),#12619,.F.);
#13152=ADVANCED_FACE('',(#972),#12620,.F.);
#13153=ADVANCED_FACE('',(#973),#12621,.F.);
#13154=ADVANCED_FACE('',(#974),#12622,.F.);
#13155=ADVANCED_FACE('',(#975),#12623,.F.);
#13156=ADVANCED_FACE('',(#976),#12624,.F.);
#13157=ADVANCED_FACE('',(#977),#12625,.F.);
#13158=ADVANCED_FACE('',(#978),#12626,.F.);
#13159=ADVANCED_FACE('',(#979),#12627,.F.);
#13160=ADVANCED_FACE('',(#980),#12628,.F.);
#13161=ADVANCED_FACE('',(#981),#12629,.F.);
#13162=ADVANCED_FACE('',(#982),#12630,.F.);
#13163=ADVANCED_FACE('',(#983),#12631,.F.);
#13164=ADVANCED_FACE('',(#984),#12632,.F.);
#13165=ADVANCED_FACE('',(#985),#12633,.F.);
#13166=ADVANCED_FACE('',(#986),#12634,.F.);
#13167=ADVANCED_FACE('',(#987),#12635,.F.);
#13168=ADVANCED_FACE('',(#988),#12636,.F.);
#13169=ADVANCED_FACE('',(#989),#12637,.F.);
#13170=ADVANCED_FACE('',(#990),#12638,.F.);
#13171=ADVANCED_FACE('',(#991),#12639,.F.);
#13172=ADVANCED_FACE('',(#992),#12640,.F.);
#13173=ADVANCED_FACE('',(#993),#12641,.F.);
#13174=ADVANCED_FACE('',(#994),#12642,.F.);
#13175=ADVANCED_FACE('',(#995),#12643,.F.);
#13176=ADVANCED_FACE('',(#996),#12644,.F.);
#13177=ADVANCED_FACE('',(#997),#12645,.F.);
#13178=ADVANCED_FACE('',(#998),#12646,.F.);
#13179=ADVANCED_FACE('',(#999),#12647,.F.);
#13180=ADVANCED_FACE('',(#1000),#12648,.F.);
#13181=ADVANCED_FACE('',(#1001),#12649,.F.);
#13182=ADVANCED_FACE('',(#1002),#12650,.F.);
#13183=ADVANCED_FACE('',(#1003),#12651,.F.);
#13184=ADVANCED_FACE('',(#1004),#12652,.F.);
#13185=ADVANCED_FACE('',(#1005),#12653,.F.);
#13186=ADVANCED_FACE('',(#1006),#12654,.F.);
#13187=ADVANCED_FACE('',(#1007),#12655,.F.);
#13188=ADVANCED_FACE('',(#1008),#12656,.F.);
#13189=ADVANCED_FACE('',(#1009),#12657,.F.);
#13190=ADVANCED_FACE('',(#1010),#12658,.F.);
#13191=ADVANCED_FACE('',(#1011),#12659,.F.);
#13192=ADVANCED_FACE('',(#1012),#12660,.T.);
#13193=ADVANCED_FACE('',(#1013),#12661,.T.);
#13194=ADVANCED_FACE('',(#1014),#12662,.T.);
#13195=ADVANCED_FACE('',(#1015),#12663,.T.);
#13196=ADVANCED_FACE('',(#1016,#123),#12664,.F.);
#13197=ADVANCED_FACE('',(#1017),#612,.F.);
#13198=ADVANCED_FACE('',(#1018,#124,#125),#12665,.T.);
#13199=ADVANCED_FACE('',(#1019),#12666,.T.);
#13200=ADVANCED_FACE('',(#1020,#126,#127),#12667,.T.);
#13201=ADVANCED_FACE('',(#1021),#12668,.T.);
#13202=ADVANCED_FACE('',(#1022,#128),#12669,.T.);
#13203=ADVANCED_FACE('',(#1023),#12670,.T.);
#13204=ADVANCED_FACE('',(#1024),#12671,.T.);
#13205=ADVANCED_FACE('',(#1025),#12672,.T.);
#13206=ADVANCED_FACE('',(#1026),#12673,.T.);
#13207=ADVANCED_FACE('',(#1027),#12674,.T.);
#13208=ADVANCED_FACE('',(#1028),#613,.F.);
#13209=ADVANCED_FACE('',(#1029),#19,.F.);
#13210=ADVANCED_FACE('',(#1030),#614,.F.);
#13211=ADVANCED_FACE('',(#1031,#129),#12675,.F.);
#13212=ADVANCED_FACE('',(#1032),#20,.F.);
#13213=ADVANCED_FACE('',(#1033),#615,.F.);
#13214=ADVANCED_FACE('',(#1034,#130),#12676,.F.);
#13215=ADVANCED_FACE('',(#1035),#616,.F.);
#13216=ADVANCED_FACE('',(#1036),#12677,.T.);
#13217=ADVANCED_FACE('',(#1037),#12678,.T.);
#13218=ADVANCED_FACE('',(#1038),#12679,.T.);
#13219=ADVANCED_FACE('',(#1039,#131),#12680,.T.);
#13220=ADVANCED_FACE('',(#1040),#617,.F.);
#13221=ADVANCED_FACE('',(#1041),#12681,.T.);
#13222=ADVANCED_FACE('',(#1042),#12682,.T.);
#13223=ADVANCED_FACE('',(#1043,#132),#12683,.T.);
#13224=ADVANCED_FACE('',(#1044,#133,#134,#135,#136,#137,#138,#139),#12684,
 .T.);
#13225=ADVANCED_FACE('',(#1045),#618,.F.);
#13226=ADVANCED_FACE('',(#1046),#12685,.F.);
#13227=ADVANCED_FACE('',(#1047),#619,.F.);
#13228=ADVANCED_FACE('',(#1048),#12686,.F.);
#13229=ADVANCED_FACE('',(#1049),#620,.F.);
#13230=ADVANCED_FACE('',(#1050),#12687,.F.);
#13231=ADVANCED_FACE('',(#1051),#621,.F.);
#13232=ADVANCED_FACE('',(#1052),#12688,.F.);
#13233=ADVANCED_FACE('',(#1053),#622,.F.);
#13234=ADVANCED_FACE('',(#1054),#623,.F.);
#13235=ADVANCED_FACE('',(#1055),#624,.F.);
#13236=ADVANCED_FACE('',(#1056),#625,.F.);
#13237=ADVANCED_FACE('',(#1057,#140,#141,#142,#143),#12689,.T.);
#13238=ADVANCED_FACE('',(#1058),#12690,.F.);
#13239=ADVANCED_FACE('',(#1059),#12691,.F.);
#13240=ADVANCED_FACE('',(#1060),#12692,.F.);
#13241=ADVANCED_FACE('',(#1061),#626,.F.);
#13242=ADVANCED_FACE('',(#1062),#627,.F.);
#13243=ADVANCED_FACE('',(#1063),#628,.F.);
#13244=ADVANCED_FACE('',(#1064),#629,.F.);
#13245=ADVANCED_FACE('',(#1065),#12693,.F.);
#13246=ADVANCED_FACE('',(#1066,#144,#145,#146,#147),#12694,.F.);
#13247=ADVANCED_FACE('',(#1067),#12695,.T.);
#13248=ADVANCED_FACE('',(#1068),#12696,.T.);
#13249=ADVANCED_FACE('',(#1069,#148,#149,#150,#151,#152,#153,#154,#155),
#12697,.F.);
#13250=ADVANCED_FACE('',(#1070),#12698,.F.);
#13251=ADVANCED_FACE('',(#1071),#12699,.F.);
#13252=ADVANCED_FACE('',(#1072),#12700,.T.);
#13253=ADVANCED_FACE('',(#1073),#12701,.T.);
#13254=ADVANCED_FACE('',(#1074),#12702,.T.);
#13255=ADVANCED_FACE('',(#1075),#12703,.T.);
#13256=ADVANCED_FACE('',(#1076),#12704,.T.);
#13257=ADVANCED_FACE('',(#1077),#630,.F.);
#13258=ADVANCED_FACE('',(#1078),#631,.F.);
#13259=ADVANCED_FACE('',(#1079),#21,.F.);
#13260=ADVANCED_FACE('',(#1080),#632,.F.);
#13261=ADVANCED_FACE('',(#1081,#156),#12705,.F.);
#13262=ADVANCED_FACE('',(#1082),#22,.F.);
#13263=ADVANCED_FACE('',(#1083),#633,.F.);
#13264=ADVANCED_FACE('',(#1084,#157),#12706,.F.);
#13265=ADVANCED_FACE('',(#1085),#23,.F.);
#13266=ADVANCED_FACE('',(#1086),#634,.F.);
#13267=ADVANCED_FACE('',(#1087,#158),#12707,.F.);
#13268=ADVANCED_FACE('',(#1088),#635,.F.);
#13269=ADVANCED_FACE('',(#1089),#12708,.T.);
#13270=ADVANCED_FACE('',(#1090),#12709,.T.);
#13271=ADVANCED_FACE('',(#1091,#159),#12710,.T.);
#13272=ADVANCED_FACE('',(#1092),#636,.F.);
#13273=ADVANCED_FACE('',(#1093),#12711,.T.);
#13274=ADVANCED_FACE('',(#1094),#12712,.T.);
#13275=ADVANCED_FACE('',(#1095),#12713,.T.);
#13276=ADVANCED_FACE('',(#1096,#160),#12714,.T.);
#13277=ADVANCED_FACE('',(#1097),#637,.F.);
#13278=ADVANCED_FACE('',(#1098),#12715,.T.);
#13279=ADVANCED_FACE('',(#1099),#12716,.T.);
#13280=ADVANCED_FACE('',(#1100),#12717,.T.);
#13281=ADVANCED_FACE('',(#1101,#161),#12718,.T.);
#13282=ADVANCED_FACE('',(#1102),#638,.F.);
#13283=ADVANCED_FACE('',(#1103),#12719,.F.);
#13284=ADVANCED_FACE('',(#1104),#12720,.F.);
#13285=ADVANCED_FACE('',(#1105,#162,#163,#164,#165,#166,#167),#12721,.F.);
#13286=ADVANCED_FACE('',(#1106),#12722,.T.);
#13287=ADVANCED_FACE('',(#1107),#12723,.F.);
#13288=ADVANCED_FACE('',(#1108,#168,#169,#170,#171),#12724,.F.);
#13289=ADVANCED_FACE('',(#1109),#12725,.F.);
#13290=ADVANCED_FACE('',(#1110),#639,.F.);
#13291=ADVANCED_FACE('',(#1111),#640,.F.);
#13292=ADVANCED_FACE('',(#1112),#641,.F.);
#13293=ADVANCED_FACE('',(#1113),#642,.F.);
#13294=ADVANCED_FACE('',(#1114),#12726,.T.);
#13295=ADVANCED_FACE('',(#1115),#12727,.F.);
#13296=ADVANCED_FACE('',(#1116,#172,#173,#174,#175),#12728,.T.);
#13297=ADVANCED_FACE('',(#1117),#12729,.F.);
#13298=ADVANCED_FACE('',(#1118,#176,#177,#178,#179),#12730,.F.);
#13299=ADVANCED_FACE('',(#1119),#643,.T.);
#13300=ADVANCED_FACE('',(#1120,#180,#181,#182,#183,#184,#185,#186,#187),
#12731,.T.);
#13301=ADVANCED_FACE('',(#1121,#188,#189,#190,#191,#192,#193,#194),#12732,
 .F.);
#13302=ADVANCED_FACE('',(#1122),#644,.F.);
#13303=ADVANCED_FACE('',(#1123),#645,.F.);
#13304=ADVANCED_FACE('',(#1124),#646,.F.);
#13305=ADVANCED_FACE('',(#1125),#12733,.T.);
#13306=ADVANCED_FACE('',(#1126),#12734,.T.);
#13307=ADVANCED_FACE('',(#1127,#195),#12735,.T.);
#13308=ADVANCED_FACE('',(#1128,#196),#12736,.F.);
#13309=ADVANCED_FACE('',(#1129,#197,#198,#199,#200,#201,#202,#203,#204,
#205),#12737,.T.);
#13310=ADVANCED_FACE('',(#1130),#647,.F.);
#13311=ADVANCED_FACE('',(#1131),#12738,.T.);
#13312=ADVANCED_FACE('',(#1132),#12739,.T.);
#13313=ADVANCED_FACE('',(#1133),#12740,.T.);
#13314=ADVANCED_FACE('',(#1134,#206),#12741,.T.);
#13315=ADVANCED_FACE('',(#1135,#207),#12742,.F.);
#13316=ADVANCED_FACE('',(#1136),#12743,.T.);
#13317=ADVANCED_FACE('',(#1137),#12744,.T.);
#13318=ADVANCED_FACE('',(#1138),#12745,.T.);
#13319=ADVANCED_FACE('',(#1139),#12746,.T.);
#13320=ADVANCED_FACE('',(#1140,#208,#209),#12747,.T.);
#13321=ADVANCED_FACE('',(#1141),#12748,.T.);
#13322=ADVANCED_FACE('',(#1142),#648,.F.);
#13323=ADVANCED_FACE('',(#1143),#649,.F.);
#13324=ADVANCED_FACE('',(#1144),#650,.F.);
#13325=ADVANCED_FACE('',(#1145),#651,.F.);
#13326=ADVANCED_FACE('',(#1146),#12749,.T.);
#13327=ADVANCED_FACE('',(#1147),#12750,.T.);
#13328=ADVANCED_FACE('',(#1148),#12751,.T.);
#13329=ADVANCED_FACE('',(#1149,#210,#211,#212,#213),#12752,.T.);
#13330=ADVANCED_FACE('',(#1150),#652,.F.);
#13331=ADVANCED_FACE('',(#1151),#653,.F.);
#13332=ADVANCED_FACE('',(#1152),#654,.F.);
#13333=ADVANCED_FACE('',(#1153,#214,#215,#216),#12753,.T.);
#13334=ADVANCED_FACE('',(#1154),#12754,.F.);
#13335=ADVANCED_FACE('',(#1155),#12755,.F.);
#13336=ADVANCED_FACE('',(#1156),#12756,.F.);
#13337=ADVANCED_FACE('',(#1157),#12757,.F.);
#13338=ADVANCED_FACE('',(#1158),#12758,.F.);
#13339=ADVANCED_FACE('',(#1159),#12759,.F.);
#13340=ADVANCED_FACE('',(#1160),#12760,.F.);
#13341=ADVANCED_FACE('',(#1161),#12761,.F.);
#13342=ADVANCED_FACE('',(#1162),#12762,.F.);
#13343=ADVANCED_FACE('',(#1163),#12763,.F.);
#13344=ADVANCED_FACE('',(#1164),#12764,.F.);
#13345=ADVANCED_FACE('',(#1165),#12765,.F.);
#13346=ADVANCED_FACE('',(#1166),#12766,.F.);
#13347=ADVANCED_FACE('',(#1167),#12767,.F.);
#13348=ADVANCED_FACE('',(#1168),#12768,.F.);
#13349=ADVANCED_FACE('',(#1169),#12769,.F.);
#13350=ADVANCED_FACE('',(#1170),#12770,.F.);
#13351=ADVANCED_FACE('',(#1171),#12771,.F.);
#13352=ADVANCED_FACE('',(#1172),#12772,.F.);
#13353=ADVANCED_FACE('',(#1173),#12773,.F.);
#13354=ADVANCED_FACE('',(#1174),#12774,.F.);
#13355=ADVANCED_FACE('',(#1175),#12775,.F.);
#13356=ADVANCED_FACE('',(#1176),#12776,.F.);
#13357=ADVANCED_FACE('',(#1177),#12777,.F.);
#13358=ADVANCED_FACE('',(#1178),#12778,.F.);
#13359=ADVANCED_FACE('',(#1179),#12779,.F.);
#13360=ADVANCED_FACE('',(#1180),#12780,.F.);
#13361=ADVANCED_FACE('',(#1181),#12781,.F.);
#13362=ADVANCED_FACE('',(#1182),#12782,.F.);
#13363=ADVANCED_FACE('',(#1183),#12783,.F.);
#13364=ADVANCED_FACE('',(#1184),#12784,.F.);
#13365=ADVANCED_FACE('',(#1185),#12785,.F.);
#13366=ADVANCED_FACE('',(#1186,#217,#218),#12786,.T.);
#13367=ADVANCED_FACE('',(#1187),#12787,.T.);
#13368=ADVANCED_FACE('',(#1188),#12788,.T.);
#13369=ADVANCED_FACE('',(#1189),#12789,.T.);
#13370=ADVANCED_FACE('',(#1190,#219,#220,#221,#222),#12790,.T.);
#13371=ADVANCED_FACE('',(#1191),#12791,.T.);
#13372=ADVANCED_FACE('',(#1192),#655,.F.);
#13373=ADVANCED_FACE('',(#1193),#656,.F.);
#13374=ADVANCED_FACE('',(#1194),#657,.F.);
#13375=ADVANCED_FACE('',(#1195),#658,.F.);
#13376=ADVANCED_FACE('',(#1196,#223,#224,#225,#226),#12792,.T.);
#13377=ADVANCED_FACE('',(#1197),#659,.T.);
#13378=ADVANCED_FACE('',(#1198),#12793,.T.);
#13379=ADVANCED_FACE('',(#1199,#227,#228),#12794,.T.);
#13380=ADVANCED_FACE('',(#1200),#660,.T.);
#13381=ADVANCED_FACE('',(#1201),#12795,.F.);
#13382=ADVANCED_FACE('',(#1202),#12796,.T.);
#13383=ADVANCED_FACE('',(#1203),#661,.T.);
#13384=ADVANCED_FACE('',(#1204),#12797,.F.);
#13385=ADVANCED_FACE('',(#1205),#662,.T.);
#13386=ADVANCED_FACE('',(#1206),#12798,.F.);
#13387=ADVANCED_FACE('',(#1207),#663,.T.);
#13388=ADVANCED_FACE('',(#1208),#12799,.F.);
#13389=ADVANCED_FACE('',(#1209),#664,.T.);
#13390=ADVANCED_FACE('',(#1210),#12800,.F.);
#13391=ADVANCED_FACE('',(#1211),#665,.T.);
#13392=ADVANCED_FACE('',(#1212),#12801,.F.);
#13393=ADVANCED_FACE('',(#1213),#666,.T.);
#13394=ADVANCED_FACE('',(#1214),#12802,.F.);
#13395=ADVANCED_FACE('',(#1215),#667,.T.);
#13396=ADVANCED_FACE('',(#1216,#229),#12803,.F.);
#13397=ADVANCED_FACE('',(#1217),#668,.F.);
#13398=ADVANCED_FACE('',(#1218),#669,.F.);
#13399=ADVANCED_FACE('',(#1219),#670,.F.);
#13400=ADVANCED_FACE('',(#1220),#12804,.T.);
#13401=ADVANCED_FACE('',(#1221),#12805,.T.);
#13402=ADVANCED_FACE('',(#1222),#12806,.T.);
#13403=ADVANCED_FACE('',(#1223,#230),#12807,.T.);
#13404=ADVANCED_FACE('',(#1224,#231),#12808,.F.);
#13405=ADVANCED_FACE('',(#1225),#671,.F.);
#13406=ADVANCED_FACE('',(#1226),#12809,.T.);
#13407=ADVANCED_FACE('',(#1227),#12810,.T.);
#13408=ADVANCED_FACE('',(#1228,#232),#12811,.T.);
#13409=ADVANCED_FACE('',(#1229,#233),#12812,.F.);
#13410=ADVANCED_FACE('',(#1230),#12813,.T.);
#13411=ADVANCED_FACE('',(#1231),#12814,.T.);
#13412=ADVANCED_FACE('',(#1232),#12815,.T.);
#13413=ADVANCED_FACE('',(#1233),#12816,.T.);
#13414=ADVANCED_FACE('',(#1234,#234,#235,#236,#237),#12817,.F.);
#13415=ADVANCED_FACE('',(#1235),#672,.F.);
#13416=ADVANCED_FACE('',(#1236),#12818,.T.);
#13417=ADVANCED_FACE('',(#1237,#238),#12819,.T.);
#13418=ADVANCED_FACE('',(#1238),#12820,.F.);
#13419=ADVANCED_FACE('',(#1239),#12821,.F.);
#13420=ADVANCED_FACE('',(#1240),#12822,.F.);
#13421=ADVANCED_FACE('',(#1241),#12823,.F.);
#13422=ADVANCED_FACE('',(#1242,#239,#240,#241),#12824,.T.);
#13423=ADVANCED_FACE('',(#1243),#12825,.F.);
#13424=ADVANCED_FACE('',(#1244),#12826,.F.);
#13425=ADVANCED_FACE('',(#1245),#12827,.F.);
#13426=ADVANCED_FACE('',(#1246),#12828,.F.);
#13427=ADVANCED_FACE('',(#1247),#12829,.F.);
#13428=ADVANCED_FACE('',(#1248),#12830,.F.);
#13429=ADVANCED_FACE('',(#1249),#12831,.F.);
#13430=ADVANCED_FACE('',(#1250),#12832,.F.);
#13431=ADVANCED_FACE('',(#1251),#12833,.F.);
#13432=ADVANCED_FACE('',(#1252),#12834,.F.);
#13433=ADVANCED_FACE('',(#1253),#12835,.F.);
#13434=ADVANCED_FACE('',(#1254),#12836,.F.);
#13435=ADVANCED_FACE('',(#1255),#12837,.F.);
#13436=ADVANCED_FACE('',(#1256),#12838,.F.);
#13437=ADVANCED_FACE('',(#1257),#12839,.F.);
#13438=ADVANCED_FACE('',(#1258),#12840,.F.);
#13439=ADVANCED_FACE('',(#1259),#12841,.F.);
#13440=ADVANCED_FACE('',(#1260),#12842,.F.);
#13441=ADVANCED_FACE('',(#1261),#12843,.F.);
#13442=ADVANCED_FACE('',(#1262),#12844,.F.);
#13443=ADVANCED_FACE('',(#1263),#12845,.F.);
#13444=ADVANCED_FACE('',(#1264),#12846,.T.);
#13445=ADVANCED_FACE('',(#1265),#12847,.T.);
#13446=ADVANCED_FACE('',(#1266),#12848,.T.);
#13447=ADVANCED_FACE('',(#1267),#673,.F.);
#13448=ADVANCED_FACE('',(#1268),#674,.F.);
#13449=ADVANCED_FACE('',(#1269),#675,.F.);
#13450=ADVANCED_FACE('',(#1270),#676,.F.);
#13451=ADVANCED_FACE('',(#1271,#242,#243,#244,#245),#12849,.T.);
#13452=ADVANCED_FACE('',(#1272),#12850,.T.);
#13453=ADVANCED_FACE('',(#1273),#677,.F.);
#13454=ADVANCED_FACE('',(#1274),#12851,.T.);
#13455=ADVANCED_FACE('',(#1275),#12852,.T.);
#13456=ADVANCED_FACE('',(#1276),#12853,.T.);
#13457=ADVANCED_FACE('',(#1277),#12854,.T.);
#13458=ADVANCED_FACE('',(#1278),#12855,.T.);
#13459=ADVANCED_FACE('',(#1279),#12856,.T.);
#13460=ADVANCED_FACE('',(#1280),#12857,.F.);
#13461=CLOSED_SHELL('',(#12858,#12859,#12860,#12861));
#13462=CLOSED_SHELL('',(#12862,#12863,#12864,#12865,#12866,#12867,#12868,
#12869,#12870,#12871,#12872,#12873,#12874,#12875,#12876,#12877,#12878,#12879,
#12880,#12881,#12882,#12883,#12884,#12885,#12886,#12887,#12888,#12889,#12890,
#12891,#12892,#12893,#12894,#12895,#12896,#12897,#12898,#12899,#12900,#12901,
#12902,#12903,#12904,#12905,#12906,#12907,#12908,#12909,#12910,#12911));
#13463=CLOSED_SHELL('',(#12912,#12913,#12914,#12915,#12916,#12917,#12918,
#12919,#12920,#12921,#12922,#12923,#12924,#12925,#12926,#12927,#12928,#12929,
#12930,#12931,#12932,#12933,#12934,#12935,#12936,#12937,#12938,#12939,#12940,
#12941,#12942,#12943,#12944,#12945,#12946,#12947,#12948,#12949,#12950,#12951,
#12952,#12953,#12954,#12955,#12956,#12957,#12958,#12959,#12960,#12961,#12962,
#12963,#12964,#12965,#12966,#12967,#12968,#12969,#12970,#12971,#12972,#12973,
#12974,#12975,#12976,#12977,#12978,#12979,#12980,#12981,#12982,#12983,#12984,
#12985,#12986,#12987,#12988,#12989,#12990,#12991,#12992,#12993,#12994,#12995,
#12996,#12997,#12998,#12999,#13000,#13001,#13002,#13003,#13004,#13005,#13006,
#13007,#13008,#13009,#13010,#13011,#13012,#13013,#13014,#13015,#13016,#13017,
#13018,#13019,#13020,#13021,#13022,#13023,#13024,#13025,#13026,#13027,#13028,
#13029,#13030,#13031,#13032,#13033,#13034,#13035,#13036,#13037,#13038,#13039,
#13040,#13041,#13042,#13043,#13044,#13045,#13046,#13047,#13048,#13049,#13050,
#13051,#13052,#13053,#13054,#13055,#13056,#13057,#13058,#13059,#13060,#13061,
#13062,#13063,#13064,#13065));
#13464=CLOSED_SHELL('',(#13066,#13067,#13068,#13069,#13070,#13071,#13072,
#13073,#13074,#13075,#13076,#13077,#13078,#13079,#13080,#13081,#13082,#13083,
#13084,#13085,#13086,#13087,#13088,#13089,#13090,#13091,#13092,#13093,#13094,
#13095,#13096,#13097));
#13465=CLOSED_SHELL('',(#13098,#13099,#13100,#13101,#13102,#13103,#13104,
#13105,#13106,#13107,#13108,#13109,#13110,#13111,#13112,#13113,#13114,#13115,
#13116,#13117,#13118,#13119,#13120,#13121,#13122,#13123,#13124,#13125,#13126,
#13127,#13128,#13129,#13130,#13131,#13132,#13133,#13134,#13135,#13136,#13137,
#13138,#13139,#13140,#13141,#13142,#13143,#13144,#13145,#13146,#13147,#13148,
#13149,#13150,#13151,#13152,#13153,#13154,#13155,#13156,#13157,#13158,#13159,
#13160,#13161,#13162,#13163,#13164,#13165,#13166,#13167,#13168,#13169,#13170,
#13171,#13172,#13173,#13174,#13175,#13176,#13177,#13178,#13179,#13180,#13181,
#13182,#13183,#13184,#13185,#13186,#13187,#13188,#13189,#13190,#13191,#13192,
#13193,#13194,#13195,#13196,#13197,#13198,#13199,#13200,#13201,#13202));
#13466=CLOSED_SHELL('',(#13203,#13204,#13205,#13206,#13207,#13208,#13209,
#13210,#13211,#13212,#13213,#13214,#13215,#13216,#13217,#13218,#13219,#13220,
#13221,#13222,#13223,#13224,#13225,#13226,#13227,#13228,#13229,#13230,#13231,
#13232,#13233,#13234,#13235,#13236,#13237,#13238,#13239,#13240,#13241,#13242,
#13243,#13244,#13245,#13246,#13247,#13248,#13249,#13250,#13251));
#13467=CLOSED_SHELL('',(#13252,#13253,#13254,#13255,#13256,#13257,#13258,
#13259,#13260,#13261,#13262,#13263,#13264,#13265,#13266,#13267,#13268,#13269,
#13270,#13271,#13272,#13273,#13274,#13275,#13276,#13277,#13278,#13279,#13280,
#13281,#13282,#13283,#13284,#13285,#13286,#13287,#13288,#13289,#13290,#13291,
#13292,#13293,#13294,#13295,#13296,#13297,#13298));
#13468=CLOSED_SHELL('',(#13299,#13300,#13301,#13302,#13303,#13304,#13305,
#13306,#13307,#13308,#13309,#13310,#13311,#13312,#13313,#13314,#13315,#13316,
#13317,#13318,#13319,#13320,#13321,#13322,#13323,#13324,#13325,#13326,#13327,
#13328,#13329,#13330,#13331,#13332,#13333,#13334,#13335,#13336,#13337,#13338,
#13339,#13340,#13341,#13342,#13343,#13344,#13345,#13346,#13347,#13348,#13349,
#13350,#13351,#13352,#13353,#13354,#13355,#13356,#13357,#13358,#13359,#13360,
#13361,#13362,#13363,#13364,#13365,#13366,#13367,#13368,#13369,#13370,#13371,
#13372,#13373,#13374,#13375,#13376));
#13469=CLOSED_SHELL('',(#13377,#13378,#13379,#13380,#13381,#13382,#13383,
#13384,#13385,#13386,#13387,#13388,#13389,#13390,#13391,#13392,#13393,#13394,
#13395,#13396,#13397,#13398,#13399,#13400,#13401,#13402,#13403,#13404,#13405,
#13406,#13407,#13408,#13409,#13410,#13411,#13412,#13413,#13414,#13415,#13416,
#13417,#13418,#13419,#13420,#13421,#13422,#13423,#13424,#13425,#13426,#13427,
#13428,#13429,#13430,#13431,#13432,#13433,#13434,#13435,#13436,#13437,#13438,
#13439,#13440,#13441,#13442,#13443,#13444,#13445,#13446,#13447,#13448,#13449,
#13450,#13451,#13452));
#13470=CLOSED_SHELL('',(#13453,#13454,#13455,#13456,#13457,#13458,#13459,
#13460));
#13471=DERIVED_UNIT_ELEMENT(#13473,1.);
#13472=DERIVED_UNIT_ELEMENT(#21569,-3.);
#13473=(
MASS_UNIT()
NAMED_UNIT(*)
SI_UNIT(.KILO.,.GRAM.)
);
#13474=DERIVED_UNIT((#13471,#13472));
#13475=MEASURE_REPRESENTATION_ITEM('density measure',
POSITIVE_RATIO_MEASURE(7850.),#13474);
#13476=PROPERTY_DEFINITION_REPRESENTATION(#13481,#13478);
#13477=PROPERTY_DEFINITION_REPRESENTATION(#13482,#13479);
#13478=REPRESENTATION('material name',(#13480),#21566);
#13479=REPRESENTATION('density',(#13475),#21566);
#13480=DESCRIPTIVE_REPRESENTATION_ITEM('Steel','Steel');
#13481=PROPERTY_DEFINITION('material property','material name',#21581);
#13482=PROPERTY_DEFINITION('material property','density of part',#21581);
#13483=AXIS2_PLACEMENT_3D('',#17769,#14366,#14367);
#13484=AXIS2_PLACEMENT_3D('',#17770,#14368,#14369);
#13485=AXIS2_PLACEMENT_3D('',#17771,#14370,#14371);
#13486=AXIS2_PLACEMENT_3D('',#17780,#14376,#14377);
#13487=AXIS2_PLACEMENT_3D('',#17781,#14378,#14379);
#13488=AXIS2_PLACEMENT_3D('',#17782,#14380,#14381);
#13489=AXIS2_PLACEMENT_3D('',#17783,#14382,#14383);
#13490=AXIS2_PLACEMENT_3D('',#17784,#14384,#14385);
#13491=AXIS2_PLACEMENT_3D('',#17785,#14386,#14387);
#13492=AXIS2_PLACEMENT_3D('',#17794,#14392,#14393);
#13493=AXIS2_PLACEMENT_3D('',#17800,#14397,#14398);
#13494=AXIS2_PLACEMENT_3D('',#17806,#14402,#14403);
#13495=AXIS2_PLACEMENT_3D('',#17809,#14406,#14407);
#13496=AXIS2_PLACEMENT_3D('',#17810,#14408,#14409);
#13497=AXIS2_PLACEMENT_3D('',#17820,#14414,#14415);
#13498=AXIS2_PLACEMENT_3D('',#17822,#14416,#14417);
#13499=AXIS2_PLACEMENT_3D('',#17824,#14418,#14419);
#13500=AXIS2_PLACEMENT_3D('',#17825,#14420,#14421);
#13501=AXIS2_PLACEMENT_3D('',#17839,#14428,#14429);
#13502=AXIS2_PLACEMENT_3D('',#17841,#14430,#14431);
#13503=AXIS2_PLACEMENT_3D('',#17843,#14432,#14433);
#13504=AXIS2_PLACEMENT_3D('',#17844,#14434,#14435);
#13505=AXIS2_PLACEMENT_3D('',#17847,#14436,#14437);
#13506=AXIS2_PLACEMENT_3D('',#17851,#14439,#14440);
#13507=AXIS2_PLACEMENT_3D('',#17853,#14442,#14443);
#13508=AXIS2_PLACEMENT_3D('',#17859,#14447,#14448);
#13509=AXIS2_PLACEMENT_3D('',#17861,#14449,#14450);
#13510=AXIS2_PLACEMENT_3D('',#17863,#14451,#14452);
#13511=AXIS2_PLACEMENT_3D('',#17865,#14454,#14455);
#13512=AXIS2_PLACEMENT_3D('',#17868,#14456,#14457);
#13513=AXIS2_PLACEMENT_3D('',#17872,#14459,#14460);
#13514=AXIS2_PLACEMENT_3D('',#17874,#14462,#14463);
#13515=AXIS2_PLACEMENT_3D('',#17880,#14467,#14468);
#13516=AXIS2_PLACEMENT_3D('',#17888,#14474,#14475);
#13517=AXIS2_PLACEMENT_3D('',#17894,#14479,#14480);
#13518=AXIS2_PLACEMENT_3D('',#17900,#14484,#14485);
#13519=AXIS2_PLACEMENT_3D('',#17904,#14488,#14489);
#13520=AXIS2_PLACEMENT_3D('',#17908,#14492,#14493);
#13521=AXIS2_PLACEMENT_3D('',#17921,#14500,#14501);
#13522=AXIS2_PLACEMENT_3D('',#17928,#14505,#14506);
#13523=AXIS2_PLACEMENT_3D('',#17930,#14507,#14508);
#13524=AXIS2_PLACEMENT_3D('',#17932,#14509,#14510);
#13525=AXIS2_PLACEMENT_3D('',#17934,#14511,#14512);
#13526=AXIS2_PLACEMENT_3D('',#17935,#14513,#14514);
#13527=AXIS2_PLACEMENT_3D('',#17939,#14517,#14518);
#13528=AXIS2_PLACEMENT_3D('',#17941,#14520,#14521);
#13529=AXIS2_PLACEMENT_3D('',#17944,#14523,#14524);
#13530=AXIS2_PLACEMENT_3D('',#17945,#14525,#14526);
#13531=AXIS2_PLACEMENT_3D('',#17948,#14528,#14529);
#13532=AXIS2_PLACEMENT_3D('',#17949,#14530,#14531);
#13533=AXIS2_PLACEMENT_3D('',#17952,#14533,#14534);
#13534=AXIS2_PLACEMENT_3D('',#17953,#14535,#14536);
#13535=AXIS2_PLACEMENT_3D('',#17956,#14538,#14539);
#13536=AXIS2_PLACEMENT_3D('',#17957,#14540,#14541);
#13537=AXIS2_PLACEMENT_3D('',#17970,#14548,#14549);
#13538=AXIS2_PLACEMENT_3D('',#17976,#14553,#14554);
#13539=AXIS2_PLACEMENT_3D('',#17982,#14558,#14559);
#13540=AXIS2_PLACEMENT_3D('',#17988,#14563,#14564);
#13541=AXIS2_PLACEMENT_3D('',#17990,#14566,#14567);
#13542=AXIS2_PLACEMENT_3D('',#17992,#14568,#14569);
#13543=AXIS2_PLACEMENT_3D('',#17994,#14571,#14572);
#13544=AXIS2_PLACEMENT_3D('',#18003,#14577,#14578);
#13545=AXIS2_PLACEMENT_3D('',#18009,#14582,#14583);
#13546=AXIS2_PLACEMENT_3D('',#18019,#14589,#14590);
#13547=AXIS2_PLACEMENT_3D('',#18025,#14594,#14595);
#13548=AXIS2_PLACEMENT_3D('',#18027,#14597,#14598);
#13549=AXIS2_PLACEMENT_3D('',#18030,#14601,#14602);
#13550=AXIS2_PLACEMENT_3D('',#18034,#14605,#14606);
#13551=AXIS2_PLACEMENT_3D('',#18037,#14609,#14610);
#13552=AXIS2_PLACEMENT_3D('',#18039,#14612,#14613);
#13553=AXIS2_PLACEMENT_3D('',#18042,#14616,#14617);
#13554=AXIS2_PLACEMENT_3D('',#18046,#14620,#14621);
#13555=AXIS2_PLACEMENT_3D('',#18048,#14623,#14624);
#13556=AXIS2_PLACEMENT_3D('',#18049,#14625,#14626);
#13557=AXIS2_PLACEMENT_3D('',#18050,#14627,#14628);
#13558=AXIS2_PLACEMENT_3D('',#18051,#14629,#14630);
#13559=AXIS2_PLACEMENT_3D('',#18052,#14631,#14632);
#13560=AXIS2_PLACEMENT_3D('',#18054,#14634,#14635);
#13561=AXIS2_PLACEMENT_3D('',#18056,#14637,#14638);
#13562=AXIS2_PLACEMENT_3D('',#18058,#14640,#14641);
#13563=AXIS2_PLACEMENT_3D('',#18060,#14643,#14644);
#13564=AXIS2_PLACEMENT_3D('',#18061,#14645,#14646);
#13565=AXIS2_PLACEMENT_3D('',#18062,#14647,#14648);
#13566=AXIS2_PLACEMENT_3D('',#18065,#14649,#14650);
#13567=AXIS2_PLACEMENT_3D('',#18069,#14652,#14653);
#13568=AXIS2_PLACEMENT_3D('',#18071,#14655,#14656);
#13569=AXIS2_PLACEMENT_3D('',#18083,#14663,#14664);
#13570=AXIS2_PLACEMENT_3D('',#18303,#14775,#14776);
#13571=AXIS2_PLACEMENT_3D('',#18305,#14777,#14778);
#13572=AXIS2_PLACEMENT_3D('',#18308,#14780,#14781);
#13573=AXIS2_PLACEMENT_3D('',#18309,#14782,#14783);
#13574=AXIS2_PLACEMENT_3D('',#18319,#14789,#14790);
#13575=AXIS2_PLACEMENT_3D('',#18321,#14791,#14792);
#13576=AXIS2_PLACEMENT_3D('',#18324,#14794,#14795);
#13577=AXIS2_PLACEMENT_3D('',#18325,#14796,#14797);
#13578=AXIS2_PLACEMENT_3D('',#18335,#14803,#14804);
#13579=AXIS2_PLACEMENT_3D('',#18337,#14805,#14806);
#13580=AXIS2_PLACEMENT_3D('',#18340,#14808,#14809);
#13581=AXIS2_PLACEMENT_3D('',#18341,#14810,#14811);
#13582=AXIS2_PLACEMENT_3D('',#18351,#14817,#14818);
#13583=AXIS2_PLACEMENT_3D('',#18353,#14819,#14820);
#13584=AXIS2_PLACEMENT_3D('',#18356,#14822,#14823);
#13585=AXIS2_PLACEMENT_3D('',#18357,#14824,#14825);
#13586=AXIS2_PLACEMENT_3D('',#18367,#14831,#14832);
#13587=AXIS2_PLACEMENT_3D('',#18369,#14833,#14834);
#13588=AXIS2_PLACEMENT_3D('',#18372,#14836,#14837);
#13589=AXIS2_PLACEMENT_3D('',#18373,#14838,#14839);
#13590=AXIS2_PLACEMENT_3D('',#18383,#14845,#14846);
#13591=AXIS2_PLACEMENT_3D('',#18385,#14847,#14848);
#13592=AXIS2_PLACEMENT_3D('',#18388,#14850,#14851);
#13593=AXIS2_PLACEMENT_3D('',#18389,#14852,#14853);
#13594=AXIS2_PLACEMENT_3D('',#18399,#14859,#14860);
#13595=AXIS2_PLACEMENT_3D('',#18401,#14861,#14862);
#13596=AXIS2_PLACEMENT_3D('',#18404,#14864,#14865);
#13597=AXIS2_PLACEMENT_3D('',#18405,#14866,#14867);
#13598=AXIS2_PLACEMENT_3D('',#18415,#14873,#14874);
#13599=AXIS2_PLACEMENT_3D('',#18417,#14875,#14876);
#13600=AXIS2_PLACEMENT_3D('',#18420,#14878,#14879);
#13601=AXIS2_PLACEMENT_3D('',#18421,#14880,#14881);
#13602=AXIS2_PLACEMENT_3D('',#18431,#14887,#14888);
#13603=AXIS2_PLACEMENT_3D('',#18433,#14889,#14890);
#13604=AXIS2_PLACEMENT_3D('',#18436,#14892,#14893);
#13605=AXIS2_PLACEMENT_3D('',#18437,#14894,#14895);
#13606=AXIS2_PLACEMENT_3D('',#18447,#14901,#14902);
#13607=AXIS2_PLACEMENT_3D('',#18449,#14903,#14904);
#13608=AXIS2_PLACEMENT_3D('',#18452,#14906,#14907);
#13609=AXIS2_PLACEMENT_3D('',#18453,#14908,#14909);
#13610=AXIS2_PLACEMENT_3D('',#18463,#14915,#14916);
#13611=AXIS2_PLACEMENT_3D('',#18465,#14917,#14918);
#13612=AXIS2_PLACEMENT_3D('',#18468,#14920,#14921);
#13613=AXIS2_PLACEMENT_3D('',#18469,#14922,#14923);
#13614=AXIS2_PLACEMENT_3D('',#18479,#14929,#14930);
#13615=AXIS2_PLACEMENT_3D('',#18481,#14931,#14932);
#13616=AXIS2_PLACEMENT_3D('',#18484,#14934,#14935);
#13617=AXIS2_PLACEMENT_3D('',#18485,#14936,#14937);
#13618=AXIS2_PLACEMENT_3D('',#18487,#14938,#14939);
#13619=AXIS2_PLACEMENT_3D('',#18490,#14941,#14942);
#13620=AXIS2_PLACEMENT_3D('',#18491,#14943,#14944);
#13621=AXIS2_PLACEMENT_3D('',#18500,#14949,#14950);
#13622=AXIS2_PLACEMENT_3D('',#18506,#14954,#14955);
#13623=AXIS2_PLACEMENT_3D('',#18512,#14959,#14960);
#13624=AXIS2_PLACEMENT_3D('',#18715,#15069,#15070);
#13625=AXIS2_PLACEMENT_3D('',#18717,#15071,#15072);
#13626=AXIS2_PLACEMENT_3D('',#18720,#15074,#15075);
#13627=AXIS2_PLACEMENT_3D('',#18721,#15076,#15077);
#13628=AXIS2_PLACEMENT_3D('',#18723,#15078,#15079);
#13629=AXIS2_PLACEMENT_3D('',#18726,#15081,#15082);
#13630=AXIS2_PLACEMENT_3D('',#18727,#15083,#15084);
#13631=AXIS2_PLACEMENT_3D('',#18729,#15085,#15086);
#13632=AXIS2_PLACEMENT_3D('',#18732,#15088,#15089);
#13633=AXIS2_PLACEMENT_3D('',#18733,#15090,#15091);
#13634=AXIS2_PLACEMENT_3D('',#18735,#15092,#15093);
#13635=AXIS2_PLACEMENT_3D('',#18738,#15095,#15096);
#13636=AXIS2_PLACEMENT_3D('',#18739,#15097,#15098);
#13637=AXIS2_PLACEMENT_3D('',#18740,#15099,#15100);
#13638=AXIS2_PLACEMENT_3D('',#18749,#15105,#15106);
#13639=AXIS2_PLACEMENT_3D('',#18751,#15108,#15109);
#13640=AXIS2_PLACEMENT_3D('',#18757,#15113,#15114);
#13641=AXIS2_PLACEMENT_3D('',#18760,#15117,#15118);
#13642=AXIS2_PLACEMENT_3D('',#18763,#15121,#15122);
#13643=AXIS2_PLACEMENT_3D('',#18765,#15124,#15125);
#13644=AXIS2_PLACEMENT_3D('',#18767,#15127,#15128);
#13645=AXIS2_PLACEMENT_3D('',#18768,#15129,#15130);
#13646=AXIS2_PLACEMENT_3D('',#18770,#15132,#15133);
#13647=AXIS2_PLACEMENT_3D('',#18776,#15137,#15138);
#13648=AXIS2_PLACEMENT_3D('',#18779,#15141,#15142);
#13649=AXIS2_PLACEMENT_3D('',#18782,#15145,#15146);
#13650=AXIS2_PLACEMENT_3D('',#18784,#15148,#15149);
#13651=AXIS2_PLACEMENT_3D('',#18786,#15151,#15152);
#13652=AXIS2_PLACEMENT_3D('',#18787,#15153,#15154);
#13653=AXIS2_PLACEMENT_3D('',#18789,#15156,#15157);
#13654=AXIS2_PLACEMENT_3D('',#18795,#15161,#15162);
#13655=AXIS2_PLACEMENT_3D('',#18798,#15165,#15166);
#13656=AXIS2_PLACEMENT_3D('',#18801,#15169,#15170);
#13657=AXIS2_PLACEMENT_3D('',#18803,#15172,#15173);
#13658=AXIS2_PLACEMENT_3D('',#18805,#15175,#15176);
#13659=AXIS2_PLACEMENT_3D('',#18806,#15177,#15178);
#13660=AXIS2_PLACEMENT_3D('',#18808,#15180,#15181);
#13661=AXIS2_PLACEMENT_3D('',#18814,#15185,#15186);
#13662=AXIS2_PLACEMENT_3D('',#18817,#15189,#15190);
#13663=AXIS2_PLACEMENT_3D('',#18820,#15193,#15194);
#13664=AXIS2_PLACEMENT_3D('',#18822,#15196,#15197);
#13665=AXIS2_PLACEMENT_3D('',#18824,#15199,#15200);
#13666=AXIS2_PLACEMENT_3D('',#18825,#15201,#15202);
#13667=AXIS2_PLACEMENT_3D('',#18827,#15204,#15205);
#13668=AXIS2_PLACEMENT_3D('',#18833,#15209,#15210);
#13669=AXIS2_PLACEMENT_3D('',#18836,#15213,#15214);
#13670=AXIS2_PLACEMENT_3D('',#18839,#15217,#15218);
#13671=AXIS2_PLACEMENT_3D('',#18841,#15220,#15221);
#13672=AXIS2_PLACEMENT_3D('',#18843,#15223,#15224);
#13673=AXIS2_PLACEMENT_3D('',#18844,#15225,#15226);
#13674=AXIS2_PLACEMENT_3D('',#18846,#15228,#15229);
#13675=AXIS2_PLACEMENT_3D('',#18852,#15233,#15234);
#13676=AXIS2_PLACEMENT_3D('',#18855,#15237,#15238);
#13677=AXIS2_PLACEMENT_3D('',#18858,#15241,#15242);
#13678=AXIS2_PLACEMENT_3D('',#18860,#15244,#15245);
#13679=AXIS2_PLACEMENT_3D('',#18862,#15247,#15248);
#13680=AXIS2_PLACEMENT_3D('',#18863,#15249,#15250);
#13681=AXIS2_PLACEMENT_3D('',#18865,#15252,#15253);
#13682=AXIS2_PLACEMENT_3D('',#18871,#15257,#15258);
#13683=AXIS2_PLACEMENT_3D('',#18874,#15261,#15262);
#13684=AXIS2_PLACEMENT_3D('',#18877,#15265,#15266);
#13685=AXIS2_PLACEMENT_3D('',#18879,#15268,#15269);
#13686=AXIS2_PLACEMENT_3D('',#18881,#15271,#15272);
#13687=AXIS2_PLACEMENT_3D('',#18882,#15273,#15274);
#13688=AXIS2_PLACEMENT_3D('',#18884,#15276,#15277);
#13689=AXIS2_PLACEMENT_3D('',#18890,#15281,#15282);
#13690=AXIS2_PLACEMENT_3D('',#18893,#15285,#15286);
#13691=AXIS2_PLACEMENT_3D('',#18896,#15289,#15290);
#13692=AXIS2_PLACEMENT_3D('',#18898,#15292,#15293);
#13693=AXIS2_PLACEMENT_3D('',#18900,#15295,#15296);
#13694=AXIS2_PLACEMENT_3D('',#18901,#15297,#15298);
#13695=AXIS2_PLACEMENT_3D('',#18903,#15300,#15301);
#13696=AXIS2_PLACEMENT_3D('',#18909,#15305,#15306);
#13697=AXIS2_PLACEMENT_3D('',#18912,#15309,#15310);
#13698=AXIS2_PLACEMENT_3D('',#18915,#15313,#15314);
#13699=AXIS2_PLACEMENT_3D('',#18917,#15316,#15317);
#13700=AXIS2_PLACEMENT_3D('',#18919,#15319,#15320);
#13701=AXIS2_PLACEMENT_3D('',#18920,#15321,#15322);
#13702=AXIS2_PLACEMENT_3D('',#18922,#15324,#15325);
#13703=AXIS2_PLACEMENT_3D('',#18928,#15329,#15330);
#13704=AXIS2_PLACEMENT_3D('',#18931,#15333,#15334);
#13705=AXIS2_PLACEMENT_3D('',#18934,#15337,#15338);
#13706=AXIS2_PLACEMENT_3D('',#18936,#15340,#15341);
#13707=AXIS2_PLACEMENT_3D('',#18938,#15343,#15344);
#13708=AXIS2_PLACEMENT_3D('',#18939,#15345,#15346);
#13709=AXIS2_PLACEMENT_3D('',#18940,#15347,#15348);
#13710=AXIS2_PLACEMENT_3D('',#18943,#15351,#15352);
#13711=AXIS2_PLACEMENT_3D('',#18946,#15355,#15356);
#13712=AXIS2_PLACEMENT_3D('',#18948,#15358,#15359);
#13713=AXIS2_PLACEMENT_3D('',#18950,#15361,#15362);
#13714=AXIS2_PLACEMENT_3D('',#18951,#15363,#15364);
#13715=AXIS2_PLACEMENT_3D('',#18954,#15367,#15368);
#13716=AXIS2_PLACEMENT_3D('',#18956,#15370,#15371);
#13717=AXIS2_PLACEMENT_3D('',#18958,#15373,#15374);
#13718=AXIS2_PLACEMENT_3D('',#18959,#15375,#15376);
#13719=AXIS2_PLACEMENT_3D('',#18962,#15379,#15380);
#13720=AXIS2_PLACEMENT_3D('',#18964,#15382,#15383);
#13721=AXIS2_PLACEMENT_3D('',#18966,#15385,#15386);
#13722=AXIS2_PLACEMENT_3D('',#18967,#15387,#15388);
#13723=AXIS2_PLACEMENT_3D('',#18970,#15391,#15392);
#13724=AXIS2_PLACEMENT_3D('',#18972,#15394,#15395);
#13725=AXIS2_PLACEMENT_3D('',#18974,#15397,#15398);
#13726=AXIS2_PLACEMENT_3D('',#18975,#15399,#15400);
#13727=AXIS2_PLACEMENT_3D('',#18978,#15403,#15404);
#13728=AXIS2_PLACEMENT_3D('',#18980,#15406,#15407);
#13729=AXIS2_PLACEMENT_3D('',#18982,#15409,#15410);
#13730=AXIS2_PLACEMENT_3D('',#18983,#15411,#15412);
#13731=AXIS2_PLACEMENT_3D('',#18986,#15415,#15416);
#13732=AXIS2_PLACEMENT_3D('',#18988,#15418,#15419);
#13733=AXIS2_PLACEMENT_3D('',#18990,#15421,#15422);
#13734=AXIS2_PLACEMENT_3D('',#18991,#15423,#15424);
#13735=AXIS2_PLACEMENT_3D('',#18995,#15428,#15429);
#13736=AXIS2_PLACEMENT_3D('',#19001,#15433,#15434);
#13737=AXIS2_PLACEMENT_3D('',#19007,#15438,#15439);
#13738=AXIS2_PLACEMENT_3D('',#19013,#15443,#15444);
#13739=AXIS2_PLACEMENT_3D('',#19019,#15448,#15449);
#13740=AXIS2_PLACEMENT_3D('',#19022,#15452,#15453);
#13741=AXIS2_PLACEMENT_3D('',#19024,#15454,#15455);
#13742=AXIS2_PLACEMENT_3D('',#19026,#15456,#15457);
#13743=AXIS2_PLACEMENT_3D('',#19028,#15458,#15459);
#13744=AXIS2_PLACEMENT_3D('',#19029,#15460,#15461);
#13745=AXIS2_PLACEMENT_3D('',#19036,#15465,#15466);
#13746=AXIS2_PLACEMENT_3D('',#19038,#15467,#15468);
#13747=AXIS2_PLACEMENT_3D('',#19040,#15469,#15470);
#13748=AXIS2_PLACEMENT_3D('',#19042,#15471,#15472);
#13749=AXIS2_PLACEMENT_3D('',#19043,#15473,#15474);
#13750=AXIS2_PLACEMENT_3D('',#19045,#15475,#15476);
#13751=AXIS2_PLACEMENT_3D('',#19047,#15478,#15479);
#13752=AXIS2_PLACEMENT_3D('',#19049,#15480,#15481);
#13753=AXIS2_PLACEMENT_3D('',#19051,#15483,#15484);
#13754=AXIS2_PLACEMENT_3D('',#19053,#15485,#15486);
#13755=AXIS2_PLACEMENT_3D('',#19055,#15488,#15489);
#13756=AXIS2_PLACEMENT_3D('',#19057,#15490,#15491);
#13757=AXIS2_PLACEMENT_3D('',#19059,#15493,#15494);
#13758=AXIS2_PLACEMENT_3D('',#19061,#15495,#15496);
#13759=AXIS2_PLACEMENT_3D('',#19063,#15498,#15499);
#13760=AXIS2_PLACEMENT_3D('',#19065,#15500,#15501);
#13761=AXIS2_PLACEMENT_3D('',#19067,#15503,#15504);
#13762=AXIS2_PLACEMENT_3D('',#19069,#15505,#15506);
#13763=AXIS2_PLACEMENT_3D('',#19071,#15508,#15509);
#13764=AXIS2_PLACEMENT_3D('',#19073,#15511,#15512);
#13765=AXIS2_PLACEMENT_3D('',#19075,#15514,#15515);
#13766=AXIS2_PLACEMENT_3D('',#19079,#15518,#15519);
#13767=AXIS2_PLACEMENT_3D('',#19083,#15522,#15523);
#13768=AXIS2_PLACEMENT_3D('',#19085,#15525,#15526);
#13769=AXIS2_PLACEMENT_3D('',#19086,#15527,#15528);
#13770=AXIS2_PLACEMENT_3D('',#19095,#15533,#15534);
#13771=AXIS2_PLACEMENT_3D('',#19101,#15538,#15539);
#13772=AXIS2_PLACEMENT_3D('',#19107,#15543,#15544);
#13773=AXIS2_PLACEMENT_3D('',#19110,#15547,#15548);
#13774=AXIS2_PLACEMENT_3D('',#19111,#15549,#15550);
#13775=AXIS2_PLACEMENT_3D('',#19121,#15555,#15556);
#13776=AXIS2_PLACEMENT_3D('',#19123,#15557,#15558);
#13777=AXIS2_PLACEMENT_3D('',#19125,#15559,#15560);
#13778=AXIS2_PLACEMENT_3D('',#19126,#15561,#15562);
#13779=AXIS2_PLACEMENT_3D('',#19140,#15569,#15570);
#13780=AXIS2_PLACEMENT_3D('',#19142,#15571,#15572);
#13781=AXIS2_PLACEMENT_3D('',#19144,#15573,#15574);
#13782=AXIS2_PLACEMENT_3D('',#19145,#15575,#15576);
#13783=AXIS2_PLACEMENT_3D('',#19148,#15577,#15578);
#13784=AXIS2_PLACEMENT_3D('',#19152,#15580,#15581);
#13785=AXIS2_PLACEMENT_3D('',#19154,#15583,#15584);
#13786=AXIS2_PLACEMENT_3D('',#19162,#15590,#15591);
#13787=AXIS2_PLACEMENT_3D('',#19168,#15595,#15596);
#13788=AXIS2_PLACEMENT_3D('',#19184,#15605,#15606);
#13789=AXIS2_PLACEMENT_3D('',#19186,#15607,#15608);
#13790=AXIS2_PLACEMENT_3D('',#19188,#15609,#15610);
#13791=AXIS2_PLACEMENT_3D('',#19190,#15611,#15612);
#13792=AXIS2_PLACEMENT_3D('',#19191,#15613,#15614);
#13793=AXIS2_PLACEMENT_3D('',#19195,#15617,#15618);
#13794=AXIS2_PLACEMENT_3D('',#19202,#15622,#15623);
#13795=AXIS2_PLACEMENT_3D('',#19212,#15628,#15629);
#13796=AXIS2_PLACEMENT_3D('',#19214,#15630,#15631);
#13797=AXIS2_PLACEMENT_3D('',#19216,#15632,#15633);
#13798=AXIS2_PLACEMENT_3D('',#19217,#15634,#15635);
#13799=AXIS2_PLACEMENT_3D('',#19219,#15637,#15638);
#13800=AXIS2_PLACEMENT_3D('',#19221,#15640,#15641);
#13801=AXIS2_PLACEMENT_3D('',#19223,#15643,#15644);
#13802=AXIS2_PLACEMENT_3D('',#19225,#15645,#15646);
#13803=AXIS2_PLACEMENT_3D('',#19227,#15648,#15649);
#13804=AXIS2_PLACEMENT_3D('',#19229,#15650,#15651);
#13805=AXIS2_PLACEMENT_3D('',#19230,#15652,#15653);
#13806=AXIS2_PLACEMENT_3D('',#19233,#15656,#15657);
#13807=AXIS2_PLACEMENT_3D('',#19235,#15659,#15660);
#13808=AXIS2_PLACEMENT_3D('',#19237,#15662,#15663);
#13809=AXIS2_PLACEMENT_3D('',#19238,#15664,#15665);
#13810=AXIS2_PLACEMENT_3D('',#19240,#15667,#15668);
#13811=AXIS2_PLACEMENT_3D('',#19242,#15670,#15671);
#13812=AXIS2_PLACEMENT_3D('',#19244,#15673,#15674);
#13813=AXIS2_PLACEMENT_3D('',#19246,#15676,#15677);
#13814=AXIS2_PLACEMENT_3D('',#19248,#15679,#15680);
#13815=AXIS2_PLACEMENT_3D('',#19249,#15681,#15682);
#13816=AXIS2_PLACEMENT_3D('',#19253,#15685,#15686);
#13817=AXIS2_PLACEMENT_3D('',#19255,#15688,#15689);
#13818=AXIS2_PLACEMENT_3D('',#19257,#15691,#15692);
#13819=AXIS2_PLACEMENT_3D('',#19258,#15693,#15694);
#13820=AXIS2_PLACEMENT_3D('',#19261,#15695,#15696);
#13821=AXIS2_PLACEMENT_3D('',#19265,#15698,#15699);
#13822=AXIS2_PLACEMENT_3D('',#19267,#15701,#15702);
#13823=AXIS2_PLACEMENT_3D('',#19279,#15709,#15710);
#13824=AXIS2_PLACEMENT_3D('',#19411,#15777,#15778);
#13825=AXIS2_PLACEMENT_3D('',#19413,#15779,#15780);
#13826=AXIS2_PLACEMENT_3D('',#19416,#15782,#15783);
#13827=AXIS2_PLACEMENT_3D('',#19417,#15784,#15785);
#13828=AXIS2_PLACEMENT_3D('',#19427,#15791,#15792);
#13829=AXIS2_PLACEMENT_3D('',#19429,#15793,#15794);
#13830=AXIS2_PLACEMENT_3D('',#19431,#15795,#15796);
#13831=AXIS2_PLACEMENT_3D('',#19433,#15798,#15799);
#13832=AXIS2_PLACEMENT_3D('',#19443,#15805,#15806);
#13833=AXIS2_PLACEMENT_3D('',#19445,#15807,#15808);
#13834=AXIS2_PLACEMENT_3D('',#19447,#15809,#15810);
#13835=AXIS2_PLACEMENT_3D('',#19449,#15812,#15813);
#13836=AXIS2_PLACEMENT_3D('',#19459,#15819,#15820);
#13837=AXIS2_PLACEMENT_3D('',#19461,#15821,#15822);
#13838=AXIS2_PLACEMENT_3D('',#19463,#15823,#15824);
#13839=AXIS2_PLACEMENT_3D('',#19465,#15826,#15827);
#13840=AXIS2_PLACEMENT_3D('',#19475,#15833,#15834);
#13841=AXIS2_PLACEMENT_3D('',#19477,#15835,#15836);
#13842=AXIS2_PLACEMENT_3D('',#19479,#15837,#15838);
#13843=AXIS2_PLACEMENT_3D('',#19481,#15840,#15841);
#13844=AXIS2_PLACEMENT_3D('',#19491,#15847,#15848);
#13845=AXIS2_PLACEMENT_3D('',#19493,#15849,#15850);
#13846=AXIS2_PLACEMENT_3D('',#19495,#15851,#15852);
#13847=AXIS2_PLACEMENT_3D('',#19497,#15854,#15855);
#13848=AXIS2_PLACEMENT_3D('',#19507,#15861,#15862);
#13849=AXIS2_PLACEMENT_3D('',#19509,#15863,#15864);
#13850=AXIS2_PLACEMENT_3D('',#19511,#15865,#15866);
#13851=AXIS2_PLACEMENT_3D('',#19513,#15868,#15869);
#13852=AXIS2_PLACEMENT_3D('',#19523,#15875,#15876);
#13853=AXIS2_PLACEMENT_3D('',#19525,#15877,#15878);
#13854=AXIS2_PLACEMENT_3D('',#19527,#15879,#15880);
#13855=AXIS2_PLACEMENT_3D('',#19529,#15882,#15883);
#13856=AXIS2_PLACEMENT_3D('',#19539,#15889,#15890);
#13857=AXIS2_PLACEMENT_3D('',#19541,#15891,#15892);
#13858=AXIS2_PLACEMENT_3D('',#19543,#15893,#15894);
#13859=AXIS2_PLACEMENT_3D('',#19545,#15896,#15897);
#13860=AXIS2_PLACEMENT_3D('',#19555,#15903,#15904);
#13861=AXIS2_PLACEMENT_3D('',#19557,#15905,#15906);
#13862=AXIS2_PLACEMENT_3D('',#19559,#15907,#15908);
#13863=AXIS2_PLACEMENT_3D('',#19561,#15910,#15911);
#13864=AXIS2_PLACEMENT_3D('',#19571,#15917,#15918);
#13865=AXIS2_PLACEMENT_3D('',#19573,#15919,#15920);
#13866=AXIS2_PLACEMENT_3D('',#19575,#15921,#15922);
#13867=AXIS2_PLACEMENT_3D('',#19577,#15924,#15925);
#13868=AXIS2_PLACEMENT_3D('',#19587,#15931,#15932);
#13869=AXIS2_PLACEMENT_3D('',#19589,#15933,#15934);
#13870=AXIS2_PLACEMENT_3D('',#19591,#15935,#15936);
#13871=AXIS2_PLACEMENT_3D('',#19593,#15938,#15939);
#13872=AXIS2_PLACEMENT_3D('',#19603,#15945,#15946);
#13873=AXIS2_PLACEMENT_3D('',#19605,#15947,#15948);
#13874=AXIS2_PLACEMENT_3D('',#19607,#15949,#15950);
#13875=AXIS2_PLACEMENT_3D('',#19609,#15952,#15953);
#13876=AXIS2_PLACEMENT_3D('',#19619,#15959,#15960);
#13877=AXIS2_PLACEMENT_3D('',#19621,#15961,#15962);
#13878=AXIS2_PLACEMENT_3D('',#19623,#15963,#15964);
#13879=AXIS2_PLACEMENT_3D('',#19625,#15966,#15967);
#13880=AXIS2_PLACEMENT_3D('',#19635,#15973,#15974);
#13881=AXIS2_PLACEMENT_3D('',#19637,#15975,#15976);
#13882=AXIS2_PLACEMENT_3D('',#19639,#15977,#15978);
#13883=AXIS2_PLACEMENT_3D('',#19641,#15980,#15981);
#13884=AXIS2_PLACEMENT_3D('',#19651,#15987,#15988);
#13885=AXIS2_PLACEMENT_3D('',#19653,#15989,#15990);
#13886=AXIS2_PLACEMENT_3D('',#19655,#15991,#15992);
#13887=AXIS2_PLACEMENT_3D('',#19657,#15994,#15995);
#13888=AXIS2_PLACEMENT_3D('',#19667,#16001,#16002);
#13889=AXIS2_PLACEMENT_3D('',#19669,#16003,#16004);
#13890=AXIS2_PLACEMENT_3D('',#19672,#16006,#16007);
#13891=AXIS2_PLACEMENT_3D('',#19673,#16008,#16009);
#13892=AXIS2_PLACEMENT_3D('',#19675,#16010,#16011);
#13893=AXIS2_PLACEMENT_3D('',#19678,#16013,#16014);
#13894=AXIS2_PLACEMENT_3D('',#19679,#16015,#16016);
#13895=AXIS2_PLACEMENT_3D('',#19688,#16021,#16022);
#13896=AXIS2_PLACEMENT_3D('',#19695,#16026,#16027);
#13897=AXIS2_PLACEMENT_3D('',#19697,#16028,#16029);
#13898=AXIS2_PLACEMENT_3D('',#19699,#16030,#16031);
#13899=AXIS2_PLACEMENT_3D('',#19701,#16032,#16033);
#13900=AXIS2_PLACEMENT_3D('',#19702,#16034,#16035);
#13901=AXIS2_PLACEMENT_3D('',#19706,#16038,#16039);
#13902=AXIS2_PLACEMENT_3D('',#19710,#16042,#16043);
#13903=AXIS2_PLACEMENT_3D('',#19712,#16044,#16045);
#13904=AXIS2_PLACEMENT_3D('',#19714,#16047,#16048);
#13905=AXIS2_PLACEMENT_3D('',#19716,#16049,#16050);
#13906=AXIS2_PLACEMENT_3D('',#19718,#16052,#16053);
#13907=AXIS2_PLACEMENT_3D('',#19720,#16054,#16055);
#13908=AXIS2_PLACEMENT_3D('',#19722,#16057,#16058);
#13909=AXIS2_PLACEMENT_3D('',#19724,#16059,#16060);
#13910=AXIS2_PLACEMENT_3D('',#19726,#16062,#16063);
#13911=AXIS2_PLACEMENT_3D('',#19731,#16067,#16068);
#13912=AXIS2_PLACEMENT_3D('',#19735,#16071,#16072);
#13913=AXIS2_PLACEMENT_3D('',#19743,#16077,#16078);
#13914=AXIS2_PLACEMENT_3D('',#19746,#16081,#16082);
#13915=AXIS2_PLACEMENT_3D('',#19752,#16086,#16087);
#13916=AXIS2_PLACEMENT_3D('',#19759,#16092,#16093);
#13917=AXIS2_PLACEMENT_3D('',#19761,#16095,#16096);
#13918=AXIS2_PLACEMENT_3D('',#19765,#16099,#16100);
#13919=AXIS2_PLACEMENT_3D('',#19771,#16104,#16105);
#13920=AXIS2_PLACEMENT_3D('',#19776,#16109,#16110);
#13921=AXIS2_PLACEMENT_3D('',#19782,#16114,#16115);
#13922=AXIS2_PLACEMENT_3D('',#19789,#16120,#16121);
#13923=AXIS2_PLACEMENT_3D('',#19791,#16123,#16124);
#13924=AXIS2_PLACEMENT_3D('',#19795,#16127,#16128);
#13925=AXIS2_PLACEMENT_3D('',#19801,#16132,#16133);
#13926=AXIS2_PLACEMENT_3D('',#19806,#16137,#16138);
#13927=AXIS2_PLACEMENT_3D('',#19812,#16142,#16143);
#13928=AXIS2_PLACEMENT_3D('',#19819,#16148,#16149);
#13929=AXIS2_PLACEMENT_3D('',#19821,#16151,#16152);
#13930=AXIS2_PLACEMENT_3D('',#19825,#16155,#16156);
#13931=AXIS2_PLACEMENT_3D('',#19831,#16160,#16161);
#13932=AXIS2_PLACEMENT_3D('',#19836,#16165,#16166);
#13933=AXIS2_PLACEMENT_3D('',#19842,#16170,#16171);
#13934=AXIS2_PLACEMENT_3D('',#19849,#16176,#16177);
#13935=AXIS2_PLACEMENT_3D('',#19851,#16179,#16180);
#13936=AXIS2_PLACEMENT_3D('',#19855,#16183,#16184);
#13937=AXIS2_PLACEMENT_3D('',#19861,#16188,#16189);
#13938=AXIS2_PLACEMENT_3D('',#19866,#16193,#16194);
#13939=AXIS2_PLACEMENT_3D('',#19872,#16198,#16199);
#13940=AXIS2_PLACEMENT_3D('',#19879,#16204,#16205);
#13941=AXIS2_PLACEMENT_3D('',#19881,#16207,#16208);
#13942=AXIS2_PLACEMENT_3D('',#19885,#16211,#16212);
#13943=AXIS2_PLACEMENT_3D('',#19891,#16216,#16217);
#13944=AXIS2_PLACEMENT_3D('',#19896,#16221,#16222);
#13945=AXIS2_PLACEMENT_3D('',#19902,#16226,#16227);
#13946=AXIS2_PLACEMENT_3D('',#19906,#16230,#16231);
#13947=AXIS2_PLACEMENT_3D('',#19911,#16235,#16236);
#13948=AXIS2_PLACEMENT_3D('',#19917,#16240,#16241);
#13949=AXIS2_PLACEMENT_3D('',#19921,#16244,#16245);
#13950=AXIS2_PLACEMENT_3D('',#19926,#16249,#16250);
#13951=AXIS2_PLACEMENT_3D('',#19932,#16254,#16255);
#13952=AXIS2_PLACEMENT_3D('',#19936,#16258,#16259);
#13953=AXIS2_PLACEMENT_3D('',#19941,#16263,#16264);
#13954=AXIS2_PLACEMENT_3D('',#19950,#16269,#16270);
#13955=AXIS2_PLACEMENT_3D('',#19956,#16274,#16275);
#13956=AXIS2_PLACEMENT_3D('',#19961,#16279,#16280);
#13957=AXIS2_PLACEMENT_3D('',#19966,#16284,#16285);
#13958=AXIS2_PLACEMENT_3D('',#19969,#16288,#16289);
#13959=AXIS2_PLACEMENT_3D('',#19971,#16291,#16292);
#13960=AXIS2_PLACEMENT_3D('',#19995,#16313,#16314);
#13961=AXIS2_PLACEMENT_3D('',#20004,#16319,#16320);
#13962=AXIS2_PLACEMENT_3D('',#20007,#16323,#16324);
#13963=AXIS2_PLACEMENT_3D('',#20013,#16328,#16329);
#13964=AXIS2_PLACEMENT_3D('',#20018,#16332,#16333);
#13965=AXIS2_PLACEMENT_3D('',#20019,#16334,#16335);
#13966=AXIS2_PLACEMENT_3D('',#20021,#16336,#16337);
#13967=AXIS2_PLACEMENT_3D('',#20023,#16339,#16340);
#13968=AXIS2_PLACEMENT_3D('',#20027,#16343,#16344);
#13969=AXIS2_PLACEMENT_3D('',#20031,#16347,#16348);
#13970=AXIS2_PLACEMENT_3D('',#20035,#16351,#16352);
#13971=AXIS2_PLACEMENT_3D('',#20037,#16354,#16355);
#13972=AXIS2_PLACEMENT_3D('',#20038,#16356,#16357);
#13973=AXIS2_PLACEMENT_3D('',#20047,#16362,#16363);
#13974=AXIS2_PLACEMENT_3D('',#20053,#16367,#16368);
#13975=AXIS2_PLACEMENT_3D('',#20059,#16372,#16373);
#13976=AXIS2_PLACEMENT_3D('',#20062,#16376,#16377);
#13977=AXIS2_PLACEMENT_3D('',#20063,#16378,#16379);
#13978=AXIS2_PLACEMENT_3D('',#20065,#16380,#16381);
#13979=AXIS2_PLACEMENT_3D('',#20068,#16383,#16384);
#13980=AXIS2_PLACEMENT_3D('',#20069,#16385,#16386);
#13981=AXIS2_PLACEMENT_3D('',#20071,#16387,#16388);
#13982=AXIS2_PLACEMENT_3D('',#20074,#16390,#16391);
#13983=AXIS2_PLACEMENT_3D('',#20075,#16392,#16393);
#13984=AXIS2_PLACEMENT_3D('',#20078,#16395,#16396);
#13985=AXIS2_PLACEMENT_3D('',#20079,#16397,#16398);
#13986=AXIS2_PLACEMENT_3D('',#20081,#16399,#16400);
#13987=AXIS2_PLACEMENT_3D('',#20082,#16401,#16402);
#13988=AXIS2_PLACEMENT_3D('',#20084,#16403,#16404);
#13989=AXIS2_PLACEMENT_3D('',#20087,#16406,#16407);
#13990=AXIS2_PLACEMENT_3D('',#20088,#16408,#16409);
#13991=AXIS2_PLACEMENT_3D('',#20091,#16411,#16412);
#13992=AXIS2_PLACEMENT_3D('',#20092,#16413,#16414);
#13993=AXIS2_PLACEMENT_3D('',#20094,#16415,#16416);
#13994=AXIS2_PLACEMENT_3D('',#20095,#16417,#16418);
#13995=AXIS2_PLACEMENT_3D('',#20097,#16419,#16420);
#13996=AXIS2_PLACEMENT_3D('',#20099,#16422,#16423);
#13997=AXIS2_PLACEMENT_3D('',#20108,#16428,#16429);
#13998=AXIS2_PLACEMENT_3D('',#20114,#16433,#16434);
#13999=AXIS2_PLACEMENT_3D('',#20120,#16438,#16439);
#14000=AXIS2_PLACEMENT_3D('',#20122,#16441,#16442);
#14001=AXIS2_PLACEMENT_3D('',#20124,#16443,#16444);
#14002=AXIS2_PLACEMENT_3D('',#20126,#16446,#16447);
#14003=AXIS2_PLACEMENT_3D('',#20135,#16452,#16453);
#14004=AXIS2_PLACEMENT_3D('',#20141,#16457,#16458);
#14005=AXIS2_PLACEMENT_3D('',#20145,#16461,#16462);
#14006=AXIS2_PLACEMENT_3D('',#20163,#16472,#16473);
#14007=AXIS2_PLACEMENT_3D('',#20168,#16475,#16476);
#14008=AXIS2_PLACEMENT_3D('',#20172,#16478,#16479);
#14009=AXIS2_PLACEMENT_3D('',#20176,#16481,#16482);
#14010=AXIS2_PLACEMENT_3D('',#20179,#16484,#16485);
#14011=AXIS2_PLACEMENT_3D('',#20181,#16486,#16487);
#14012=AXIS2_PLACEMENT_3D('',#20183,#16488,#16489);
#14013=AXIS2_PLACEMENT_3D('',#20185,#16490,#16491);
#14014=AXIS2_PLACEMENT_3D('',#20186,#16492,#16493);
#14015=AXIS2_PLACEMENT_3D('',#20189,#16494,#16495);
#14016=AXIS2_PLACEMENT_3D('',#20192,#16498,#16499);
#14017=AXIS2_PLACEMENT_3D('',#20196,#16502,#16503);
#14018=AXIS2_PLACEMENT_3D('',#20198,#16504,#16505);
#14019=AXIS2_PLACEMENT_3D('',#20200,#16507,#16508);
#14020=AXIS2_PLACEMENT_3D('',#20204,#16511,#16512);
#14021=AXIS2_PLACEMENT_3D('',#20206,#16513,#16514);
#14022=AXIS2_PLACEMENT_3D('',#20208,#16516,#16517);
#14023=AXIS2_PLACEMENT_3D('',#20212,#16520,#16521);
#14024=AXIS2_PLACEMENT_3D('',#20214,#16522,#16523);
#14025=AXIS2_PLACEMENT_3D('',#20216,#16525,#16526);
#14026=AXIS2_PLACEMENT_3D('',#20218,#16528,#16529);
#14027=AXIS2_PLACEMENT_3D('',#20220,#16530,#16531);
#14028=AXIS2_PLACEMENT_3D('',#20222,#16533,#16534);
#14029=AXIS2_PLACEMENT_3D('',#20224,#16535,#16536);
#14030=AXIS2_PLACEMENT_3D('',#20226,#16538,#16539);
#14031=AXIS2_PLACEMENT_3D('',#20228,#16540,#16541);
#14032=AXIS2_PLACEMENT_3D('',#20230,#16543,#16544);
#14033=AXIS2_PLACEMENT_3D('',#20232,#16545,#16546);
#14034=AXIS2_PLACEMENT_3D('',#20234,#16548,#16549);
#14035=AXIS2_PLACEMENT_3D('',#20246,#16556,#16557);
#14036=AXIS2_PLACEMENT_3D('',#20248,#16558,#16559);
#14037=AXIS2_PLACEMENT_3D('',#20250,#16560,#16561);
#14038=AXIS2_PLACEMENT_3D('',#20252,#16562,#16563);
#14039=AXIS2_PLACEMENT_3D('',#20253,#16564,#16565);
#14040=AXIS2_PLACEMENT_3D('',#20259,#16569,#16570);
#14041=AXIS2_PLACEMENT_3D('',#20261,#16572,#16573);
#14042=AXIS2_PLACEMENT_3D('',#20269,#16578,#16579);
#14043=AXIS2_PLACEMENT_3D('',#20272,#16581,#16582);
#14044=AXIS2_PLACEMENT_3D('',#20273,#16583,#16584);
#14045=AXIS2_PLACEMENT_3D('',#20276,#16586,#16587);
#14046=AXIS2_PLACEMENT_3D('',#20277,#16588,#16589);
#14047=AXIS2_PLACEMENT_3D('',#20280,#16591,#16592);
#14048=AXIS2_PLACEMENT_3D('',#20281,#16593,#16594);
#14049=AXIS2_PLACEMENT_3D('',#20284,#16596,#16597);
#14050=AXIS2_PLACEMENT_3D('',#20285,#16598,#16599);
#14051=AXIS2_PLACEMENT_3D('',#20287,#16601,#16602);
#14052=AXIS2_PLACEMENT_3D('',#20288,#16603,#16604);
#14053=AXIS2_PLACEMENT_3D('',#20294,#16608,#16609);
#14054=AXIS2_PLACEMENT_3D('',#20296,#16611,#16612);
#14055=AXIS2_PLACEMENT_3D('',#20300,#16615,#16616);
#14056=AXIS2_PLACEMENT_3D('',#20302,#16618,#16619);
#14057=AXIS2_PLACEMENT_3D('',#20303,#16620,#16621);
#14058=AXIS2_PLACEMENT_3D('',#20312,#16626,#16627);
#14059=AXIS2_PLACEMENT_3D('',#20318,#16631,#16632);
#14060=AXIS2_PLACEMENT_3D('',#20324,#16636,#16637);
#14061=AXIS2_PLACEMENT_3D('',#20327,#16640,#16641);
#14062=AXIS2_PLACEMENT_3D('',#20328,#16642,#16643);
#14063=AXIS2_PLACEMENT_3D('',#20330,#16644,#16645);
#14064=AXIS2_PLACEMENT_3D('',#20333,#16647,#16648);
#14065=AXIS2_PLACEMENT_3D('',#20334,#16649,#16650);
#14066=AXIS2_PLACEMENT_3D('',#20336,#16651,#16652);
#14067=AXIS2_PLACEMENT_3D('',#20339,#16654,#16655);
#14068=AXIS2_PLACEMENT_3D('',#20340,#16656,#16657);
#14069=AXIS2_PLACEMENT_3D('',#20342,#16658,#16659);
#14070=AXIS2_PLACEMENT_3D('',#20345,#16661,#16662);
#14071=AXIS2_PLACEMENT_3D('',#20346,#16663,#16664);
#14072=AXIS2_PLACEMENT_3D('',#20349,#16666,#16667);
#14073=AXIS2_PLACEMENT_3D('',#20350,#16668,#16669);
#14074=AXIS2_PLACEMENT_3D('',#20352,#16670,#16671);
#14075=AXIS2_PLACEMENT_3D('',#20353,#16672,#16673);
#14076=AXIS2_PLACEMENT_3D('',#20355,#16674,#16675);
#14077=AXIS2_PLACEMENT_3D('',#20358,#16677,#16678);
#14078=AXIS2_PLACEMENT_3D('',#20359,#16679,#16680);
#14079=AXIS2_PLACEMENT_3D('',#20362,#16682,#16683);
#14080=AXIS2_PLACEMENT_3D('',#20363,#16684,#16685);
#14081=AXIS2_PLACEMENT_3D('',#20365,#16686,#16687);
#14082=AXIS2_PLACEMENT_3D('',#20366,#16688,#16689);
#14083=AXIS2_PLACEMENT_3D('',#20368,#16690,#16691);
#14084=AXIS2_PLACEMENT_3D('',#20371,#16693,#16694);
#14085=AXIS2_PLACEMENT_3D('',#20372,#16695,#16696);
#14086=AXIS2_PLACEMENT_3D('',#20375,#16698,#16699);
#14087=AXIS2_PLACEMENT_3D('',#20376,#16700,#16701);
#14088=AXIS2_PLACEMENT_3D('',#20378,#16702,#16703);
#14089=AXIS2_PLACEMENT_3D('',#20379,#16704,#16705);
#14090=AXIS2_PLACEMENT_3D('',#20381,#16706,#16707);
#14091=AXIS2_PLACEMENT_3D('',#20383,#16709,#16710);
#14092=AXIS2_PLACEMENT_3D('',#20392,#16715,#16716);
#14093=AXIS2_PLACEMENT_3D('',#20398,#16720,#16721);
#14094=AXIS2_PLACEMENT_3D('',#20402,#16724,#16725);
#14095=AXIS2_PLACEMENT_3D('',#20404,#16726,#16727);
#14096=AXIS2_PLACEMENT_3D('',#20406,#16729,#16730);
#14097=AXIS2_PLACEMENT_3D('',#20415,#16735,#16736);
#14098=AXIS2_PLACEMENT_3D('',#20421,#16740,#16741);
#14099=AXIS2_PLACEMENT_3D('',#20427,#16745,#16746);
#14100=AXIS2_PLACEMENT_3D('',#20429,#16748,#16749);
#14101=AXIS2_PLACEMENT_3D('',#20431,#16750,#16751);
#14102=AXIS2_PLACEMENT_3D('',#20433,#16753,#16754);
#14103=AXIS2_PLACEMENT_3D('',#20442,#16759,#16760);
#14104=AXIS2_PLACEMENT_3D('',#20448,#16764,#16765);
#14105=AXIS2_PLACEMENT_3D('',#20454,#16769,#16770);
#14106=AXIS2_PLACEMENT_3D('',#20456,#16772,#16773);
#14107=AXIS2_PLACEMENT_3D('',#20458,#16774,#16775);
#14108=AXIS2_PLACEMENT_3D('',#20461,#16777,#16778);
#14109=AXIS2_PLACEMENT_3D('',#20462,#16779,#16780);
#14110=AXIS2_PLACEMENT_3D('',#20475,#16787,#16788);
#14111=AXIS2_PLACEMENT_3D('',#20481,#16793,#16794);
#14112=AXIS2_PLACEMENT_3D('',#20485,#16797,#16798);
#14113=AXIS2_PLACEMENT_3D('',#20489,#16801,#16802);
#14114=AXIS2_PLACEMENT_3D('',#20498,#16807,#16808);
#14115=AXIS2_PLACEMENT_3D('',#20505,#16812,#16813);
#14116=AXIS2_PLACEMENT_3D('',#20507,#16814,#16815);
#14117=AXIS2_PLACEMENT_3D('',#20509,#16816,#16817);
#14118=AXIS2_PLACEMENT_3D('',#20511,#16818,#16819);
#14119=AXIS2_PLACEMENT_3D('',#20512,#16820,#16821);
#14120=AXIS2_PLACEMENT_3D('',#20516,#16824,#16825);
#14121=AXIS2_PLACEMENT_3D('',#20519,#16827,#16828);
#14122=AXIS2_PLACEMENT_3D('',#20520,#16829,#16830);
#14123=AXIS2_PLACEMENT_3D('',#20523,#16832,#16833);
#14124=AXIS2_PLACEMENT_3D('',#20524,#16834,#16835);
#14125=AXIS2_PLACEMENT_3D('',#20527,#16837,#16838);
#14126=AXIS2_PLACEMENT_3D('',#20528,#16839,#16840);
#14127=AXIS2_PLACEMENT_3D('',#20531,#16842,#16843);
#14128=AXIS2_PLACEMENT_3D('',#20532,#16844,#16845);
#14129=AXIS2_PLACEMENT_3D('',#20536,#16848,#16849);
#14130=AXIS2_PLACEMENT_3D('',#20541,#16853,#16854);
#14131=AXIS2_PLACEMENT_3D('',#20546,#16858,#16859);
#14132=AXIS2_PLACEMENT_3D('',#20548,#16861,#16862);
#14133=AXIS2_PLACEMENT_3D('',#20549,#16863,#16864);
#14134=AXIS2_PLACEMENT_3D('',#20552,#16865,#16866);
#14135=AXIS2_PLACEMENT_3D('',#20556,#16868,#16869);
#14136=AXIS2_PLACEMENT_3D('',#20558,#16871,#16872);
#14137=AXIS2_PLACEMENT_3D('',#20628,#16908,#16909);
#14138=AXIS2_PLACEMENT_3D('',#20655,#16923,#16924);
#14139=AXIS2_PLACEMENT_3D('',#20657,#16925,#16926);
#14140=AXIS2_PLACEMENT_3D('',#20659,#16927,#16928);
#14141=AXIS2_PLACEMENT_3D('',#20661,#16929,#16930);
#14142=AXIS2_PLACEMENT_3D('',#20663,#16931,#16932);
#14143=AXIS2_PLACEMENT_3D('',#20665,#16933,#16934);
#14144=AXIS2_PLACEMENT_3D('',#20667,#16935,#16936);
#14145=AXIS2_PLACEMENT_3D('',#20668,#16937,#16938);
#14146=AXIS2_PLACEMENT_3D('',#20670,#16939,#16940);
#14147=AXIS2_PLACEMENT_3D('',#20673,#16942,#16943);
#14148=AXIS2_PLACEMENT_3D('',#20674,#16944,#16945);
#14149=AXIS2_PLACEMENT_3D('',#20676,#16946,#16947);
#14150=AXIS2_PLACEMENT_3D('',#20679,#16949,#16950);
#14151=AXIS2_PLACEMENT_3D('',#20680,#16951,#16952);
#14152=AXIS2_PLACEMENT_3D('',#20682,#16953,#16954);
#14153=AXIS2_PLACEMENT_3D('',#20685,#16956,#16957);
#14154=AXIS2_PLACEMENT_3D('',#20686,#16958,#16959);
#14155=AXIS2_PLACEMENT_3D('',#20695,#16964,#16965);
#14156=AXIS2_PLACEMENT_3D('',#20701,#16969,#16970);
#14157=AXIS2_PLACEMENT_3D('',#20705,#16973,#16974);
#14158=AXIS2_PLACEMENT_3D('',#20709,#16977,#16978);
#14159=AXIS2_PLACEMENT_3D('',#20805,#17028,#17029);
#14160=AXIS2_PLACEMENT_3D('',#20807,#17030,#17031);
#14161=AXIS2_PLACEMENT_3D('',#20810,#17033,#17034);
#14162=AXIS2_PLACEMENT_3D('',#20811,#17035,#17036);
#14163=AXIS2_PLACEMENT_3D('',#20817,#17040,#17041);
#14164=AXIS2_PLACEMENT_3D('',#20823,#17045,#17046);
#14165=AXIS2_PLACEMENT_3D('',#20826,#17049,#17050);
#14166=AXIS2_PLACEMENT_3D('',#20827,#17051,#17052);
#14167=AXIS2_PLACEMENT_3D('',#20828,#17053,#17054);
#14168=AXIS2_PLACEMENT_3D('',#20832,#17057,#17058);
#14169=AXIS2_PLACEMENT_3D('',#20836,#17061,#17062);
#14170=AXIS2_PLACEMENT_3D('',#20840,#17065,#17066);
#14171=AXIS2_PLACEMENT_3D('',#20844,#17069,#17070);
#14172=AXIS2_PLACEMENT_3D('',#20849,#17074,#17075);
#14173=AXIS2_PLACEMENT_3D('',#20853,#17078,#17079);
#14174=AXIS2_PLACEMENT_3D('',#20855,#17080,#17081);
#14175=AXIS2_PLACEMENT_3D('',#20857,#17083,#17084);
#14176=AXIS2_PLACEMENT_3D('',#20859,#17085,#17086);
#14177=AXIS2_PLACEMENT_3D('',#20861,#17088,#17089);
#14178=AXIS2_PLACEMENT_3D('',#20863,#17090,#17091);
#14179=AXIS2_PLACEMENT_3D('',#20865,#17093,#17094);
#14180=AXIS2_PLACEMENT_3D('',#20867,#17095,#17096);
#14181=AXIS2_PLACEMENT_3D('',#20869,#17098,#17099);
#14182=AXIS2_PLACEMENT_3D('',#20873,#17102,#17103);
#14183=AXIS2_PLACEMENT_3D('',#20877,#17106,#17107);
#14184=AXIS2_PLACEMENT_3D('',#20879,#17109,#17110);
#14185=AXIS2_PLACEMENT_3D('',#20880,#17111,#17112);
#14186=AXIS2_PLACEMENT_3D('',#20882,#17113,#17114);
#14187=AXIS2_PLACEMENT_3D('',#20884,#17116,#17117);
#14188=AXIS2_PLACEMENT_3D('',#20886,#17118,#17119);
#14189=AXIS2_PLACEMENT_3D('',#20888,#17121,#17122);
#14190=AXIS2_PLACEMENT_3D('',#20890,#17123,#17124);
#14191=AXIS2_PLACEMENT_3D('',#20892,#17126,#17127);
#14192=AXIS2_PLACEMENT_3D('',#20893,#17128,#17129);
#14193=AXIS2_PLACEMENT_3D('',#20896,#17132,#17133);
#14194=AXIS2_PLACEMENT_3D('',#20898,#17135,#17136);
#14195=AXIS2_PLACEMENT_3D('',#20900,#17138,#17139);
#14196=AXIS2_PLACEMENT_3D('',#20901,#17140,#17141);
#14197=AXIS2_PLACEMENT_3D('',#20904,#17144,#17145);
#14198=AXIS2_PLACEMENT_3D('',#20906,#17147,#17148);
#14199=AXIS2_PLACEMENT_3D('',#20908,#17150,#17151);
#14200=AXIS2_PLACEMENT_3D('',#20909,#17152,#17153);
#14201=AXIS2_PLACEMENT_3D('',#20912,#17156,#17157);
#14202=AXIS2_PLACEMENT_3D('',#20914,#17159,#17160);
#14203=AXIS2_PLACEMENT_3D('',#20916,#17162,#17163);
#14204=AXIS2_PLACEMENT_3D('',#20917,#17164,#17165);
#14205=AXIS2_PLACEMENT_3D('',#20920,#17168,#17169);
#14206=AXIS2_PLACEMENT_3D('',#20922,#17171,#17172);
#14207=AXIS2_PLACEMENT_3D('',#20924,#17174,#17175);
#14208=AXIS2_PLACEMENT_3D('',#20925,#17176,#17177);
#14209=AXIS2_PLACEMENT_3D('',#20928,#17180,#17181);
#14210=AXIS2_PLACEMENT_3D('',#20930,#17183,#17184);
#14211=AXIS2_PLACEMENT_3D('',#20932,#17186,#17187);
#14212=AXIS2_PLACEMENT_3D('',#20933,#17188,#17189);
#14213=AXIS2_PLACEMENT_3D('',#20936,#17192,#17193);
#14214=AXIS2_PLACEMENT_3D('',#20938,#17195,#17196);
#14215=AXIS2_PLACEMENT_3D('',#20940,#17198,#17199);
#14216=AXIS2_PLACEMENT_3D('',#20941,#17200,#17201);
#14217=AXIS2_PLACEMENT_3D('',#20944,#17204,#17205);
#14218=AXIS2_PLACEMENT_3D('',#20946,#17207,#17208);
#14219=AXIS2_PLACEMENT_3D('',#20948,#17210,#17211);
#14220=AXIS2_PLACEMENT_3D('',#20949,#17212,#17213);
#14221=AXIS2_PLACEMENT_3D('',#20952,#17216,#17217);
#14222=AXIS2_PLACEMENT_3D('',#20954,#17219,#17220);
#14223=AXIS2_PLACEMENT_3D('',#20956,#17222,#17223);
#14224=AXIS2_PLACEMENT_3D('',#20957,#17224,#17225);
#14225=AXIS2_PLACEMENT_3D('',#20959,#17227,#17228);
#14226=AXIS2_PLACEMENT_3D('',#20961,#17230,#17231);
#14227=AXIS2_PLACEMENT_3D('',#20970,#17236,#17237);
#14228=AXIS2_PLACEMENT_3D('',#20973,#17240,#17241);
#14229=AXIS2_PLACEMENT_3D('',#20976,#17243,#17244);
#14230=AXIS2_PLACEMENT_3D('',#20978,#17245,#17246);
#14231=AXIS2_PLACEMENT_3D('',#20980,#17247,#17248);
#14232=AXIS2_PLACEMENT_3D('',#20982,#17249,#17250);
#14233=AXIS2_PLACEMENT_3D('',#20983,#17251,#17252);
#14234=AXIS2_PLACEMENT_3D('',#20985,#17254,#17255);
#14235=AXIS2_PLACEMENT_3D('',#20988,#17257,#17258);
#14236=AXIS2_PLACEMENT_3D('',#20989,#17259,#17260);
#14237=AXIS2_PLACEMENT_3D('',#20992,#17262,#17263);
#14238=AXIS2_PLACEMENT_3D('',#20993,#17264,#17265);
#14239=AXIS2_PLACEMENT_3D('',#20996,#17267,#17268);
#14240=AXIS2_PLACEMENT_3D('',#20997,#17269,#17270);
#14241=AXIS2_PLACEMENT_3D('',#21000,#17272,#17273);
#14242=AXIS2_PLACEMENT_3D('',#21001,#17274,#17275);
#14243=AXIS2_PLACEMENT_3D('',#21002,#17276,#17277);
#14244=AXIS2_PLACEMENT_3D('',#21005,#17278,#17279);
#14245=AXIS2_PLACEMENT_3D('',#21009,#17281,#17282);
#14246=AXIS2_PLACEMENT_3D('',#21011,#17284,#17285);
#14247=AXIS2_PLACEMENT_3D('',#21023,#17292,#17293);
#14248=AXIS2_PLACEMENT_3D('',#21092,#17328,#17329);
#14249=AXIS2_PLACEMENT_3D('',#21094,#17330,#17331);
#14250=AXIS2_PLACEMENT_3D('',#21095,#17332,#17333);
#14251=AXIS2_PLACEMENT_3D('',#21097,#17334,#17335);
#14252=AXIS2_PLACEMENT_3D('',#21100,#17337,#17338);
#14253=AXIS2_PLACEMENT_3D('',#21101,#17339,#17340);
#14254=AXIS2_PLACEMENT_3D('',#21111,#17346,#17347);
#14255=AXIS2_PLACEMENT_3D('',#21174,#17380,#17381);
#14256=AXIS2_PLACEMENT_3D('',#21175,#17382,#17383);
#14257=AXIS2_PLACEMENT_3D('',#21176,#17384,#17385);
#14258=AXIS2_PLACEMENT_3D('',#21177,#17386,#17387);
#14259=AXIS2_PLACEMENT_3D('',#21185,#17392,#17393);
#14260=AXIS2_PLACEMENT_3D('',#21186,#17394,#17395);
#14261=AXIS2_PLACEMENT_3D('',#21187,#17396,#17397);
#14262=AXIS2_PLACEMENT_3D('',#21188,#17398,#17399);
#14263=AXIS2_PLACEMENT_3D('',#21196,#17404,#17405);
#14264=AXIS2_PLACEMENT_3D('',#21197,#17406,#17407);
#14265=AXIS2_PLACEMENT_3D('',#21198,#17408,#17409);
#14266=AXIS2_PLACEMENT_3D('',#21199,#17410,#17411);
#14267=AXIS2_PLACEMENT_3D('',#21207,#17416,#17417);
#14268=AXIS2_PLACEMENT_3D('',#21208,#17418,#17419);
#14269=AXIS2_PLACEMENT_3D('',#21209,#17420,#17421);
#14270=AXIS2_PLACEMENT_3D('',#21210,#17422,#17423);
#14271=AXIS2_PLACEMENT_3D('',#21218,#17428,#17429);
#14272=AXIS2_PLACEMENT_3D('',#21219,#17430,#17431);
#14273=AXIS2_PLACEMENT_3D('',#21220,#17432,#17433);
#14274=AXIS2_PLACEMENT_3D('',#21221,#17434,#17435);
#14275=AXIS2_PLACEMENT_3D('',#21229,#17440,#17441);
#14276=AXIS2_PLACEMENT_3D('',#21230,#17442,#17443);
#14277=AXIS2_PLACEMENT_3D('',#21231,#17444,#17445);
#14278=AXIS2_PLACEMENT_3D('',#21232,#17446,#17447);
#14279=AXIS2_PLACEMENT_3D('',#21240,#17452,#17453);
#14280=AXIS2_PLACEMENT_3D('',#21241,#17454,#17455);
#14281=AXIS2_PLACEMENT_3D('',#21242,#17456,#17457);
#14282=AXIS2_PLACEMENT_3D('',#21243,#17458,#17459);
#14283=AXIS2_PLACEMENT_3D('',#21260,#17468,#17469);
#14284=AXIS2_PLACEMENT_3D('',#21261,#17470,#17471);
#14285=AXIS2_PLACEMENT_3D('',#21263,#17472,#17473);
#14286=AXIS2_PLACEMENT_3D('',#21265,#17475,#17476);
#14287=AXIS2_PLACEMENT_3D('',#21267,#17477,#17478);
#14288=AXIS2_PLACEMENT_3D('',#21269,#17480,#17481);
#14289=AXIS2_PLACEMENT_3D('',#21271,#17482,#17483);
#14290=AXIS2_PLACEMENT_3D('',#21274,#17485,#17486);
#14291=AXIS2_PLACEMENT_3D('',#21275,#17487,#17488);
#14292=AXIS2_PLACEMENT_3D('',#21284,#17493,#17494);
#14293=AXIS2_PLACEMENT_3D('',#21293,#17499,#17500);
#14294=AXIS2_PLACEMENT_3D('',#21296,#17503,#17504);
#14295=AXIS2_PLACEMENT_3D('',#21298,#17506,#17507);
#14296=AXIS2_PLACEMENT_3D('',#21300,#17509,#17510);
#14297=AXIS2_PLACEMENT_3D('',#21302,#17511,#17512);
#14298=AXIS2_PLACEMENT_3D('',#21305,#17514,#17515);
#14299=AXIS2_PLACEMENT_3D('',#21306,#17516,#17517);
#14300=AXIS2_PLACEMENT_3D('',#21315,#17522,#17523);
#14301=AXIS2_PLACEMENT_3D('',#21321,#17527,#17528);
#14302=AXIS2_PLACEMENT_3D('',#21325,#17531,#17532);
#14303=AXIS2_PLACEMENT_3D('',#21329,#17535,#17536);
#14304=AXIS2_PLACEMENT_3D('',#21388,#17571,#17572);
#14305=AXIS2_PLACEMENT_3D('',#21394,#17576,#17577);
#14306=AXIS2_PLACEMENT_3D('',#21398,#17580,#17581);
#14307=AXIS2_PLACEMENT_3D('',#21400,#17583,#17584);
#14308=AXIS2_PLACEMENT_3D('',#21407,#17588,#17589);
#14309=AXIS2_PLACEMENT_3D('',#21409,#17590,#17591);
#14310=AXIS2_PLACEMENT_3D('',#21411,#17592,#17593);
#14311=AXIS2_PLACEMENT_3D('',#21413,#17594,#17595);
#14312=AXIS2_PLACEMENT_3D('',#21414,#17596,#17597);
#14313=AXIS2_PLACEMENT_3D('',#21416,#17598,#17599);
#14314=AXIS2_PLACEMENT_3D('',#21418,#17601,#17602);
#14315=AXIS2_PLACEMENT_3D('',#21422,#17605,#17606);
#14316=AXIS2_PLACEMENT_3D('',#21424,#17608,#17609);
#14317=AXIS2_PLACEMENT_3D('',#21429,#17613,#17614);
#14318=AXIS2_PLACEMENT_3D('',#21434,#17618,#17619);
#14319=AXIS2_PLACEMENT_3D('',#21435,#17620,#17621);
#14320=AXIS2_PLACEMENT_3D('',#21437,#17623,#17624);
#14321=AXIS2_PLACEMENT_3D('',#21460,#17640,#17641);
#14322=AXIS2_PLACEMENT_3D('',#21461,#17642,#17643);
#14323=AXIS2_PLACEMENT_3D('',#21462,#17644,#17645);
#14324=AXIS2_PLACEMENT_3D('',#21465,#17648,#17649);
#14325=AXIS2_PLACEMENT_3D('',#21468,#17652,#17653);
#14326=AXIS2_PLACEMENT_3D('',#21469,#17654,#17655);
#14327=AXIS2_PLACEMENT_3D('',#21470,#17656,#17657);
#14328=AXIS2_PLACEMENT_3D('',#21473,#17660,#17661);
#14329=AXIS2_PLACEMENT_3D('',#21474,#17662,#17663);
#14330=AXIS2_PLACEMENT_3D('',#21475,#17664,#17665);
#14331=AXIS2_PLACEMENT_3D('',#21478,#17668,#17669);
#14332=AXIS2_PLACEMENT_3D('',#21479,#17670,#17671);
#14333=AXIS2_PLACEMENT_3D('',#21480,#17672,#17673);
#14334=AXIS2_PLACEMENT_3D('',#21481,#17674,#17675);
#14335=AXIS2_PLACEMENT_3D('',#21482,#17676,#17677);
#14336=AXIS2_PLACEMENT_3D('',#21485,#17680,#17681);
#14337=AXIS2_PLACEMENT_3D('',#21486,#17682,#17683);
#14338=AXIS2_PLACEMENT_3D('',#21487,#17684,#17685);
#14339=AXIS2_PLACEMENT_3D('',#21490,#17688,#17689);
#14340=AXIS2_PLACEMENT_3D('',#21493,#17692,#17693);
#14341=AXIS2_PLACEMENT_3D('',#21494,#17694,#17695);
#14342=AXIS2_PLACEMENT_3D('',#21495,#17696,#17697);
#14343=AXIS2_PLACEMENT_3D('',#21499,#17700,#17701);
#14344=AXIS2_PLACEMENT_3D('',#21503,#17704,#17705);
#14345=AXIS2_PLACEMENT_3D('',#21505,#17707,#17708);
#14346=AXIS2_PLACEMENT_3D('',#21508,#17710,#17711);
#14347=AXIS2_PLACEMENT_3D('',#21509,#17712,#17713);
#14348=AXIS2_PLACEMENT_3D('',#21512,#17715,#17716);
#14349=AXIS2_PLACEMENT_3D('',#21513,#17717,#17718);
#14350=AXIS2_PLACEMENT_3D('',#21516,#17720,#17721);
#14351=AXIS2_PLACEMENT_3D('',#21517,#17722,#17723);
#14352=AXIS2_PLACEMENT_3D('',#21520,#17725,#17726);
#14353=AXIS2_PLACEMENT_3D('',#21521,#17727,#17728);
#14354=AXIS2_PLACEMENT_3D('',#21522,#17729,#17730);
#14355=AXIS2_PLACEMENT_3D('',#21523,#17731,#17732);
#14356=AXIS2_PLACEMENT_3D('',#21528,#17734,#17735);
#14357=AXIS2_PLACEMENT_3D('',#21531,#17737,#17738);
#14358=AXIS2_PLACEMENT_3D('',#21532,#17739,#17740);
#14359=AXIS2_PLACEMENT_3D('',#21542,#17746,#17747);
#14360=AXIS2_PLACEMENT_3D('',#21546,#17750,#17751);
#14361=AXIS2_PLACEMENT_3D('',#21550,#17754,#17755);
#14362=AXIS2_PLACEMENT_3D('',#21556,#17759,#17760);
#14363=AXIS2_PLACEMENT_3D('',#21559,#17763,#17764);
#14364=AXIS2_PLACEMENT_3D('',#21560,#17765,#17766);
#14365=AXIS2_PLACEMENT_3D('',#21561,#17767,#17768);
#14366=DIRECTION('axis',(0.,0.,1.));
#14367=DIRECTION('refdir',(1.,0.,0.));
#14368=DIRECTION('axis',(0.,0.,1.));
#14369=DIRECTION('refdir',(1.,0.,0.));
#14370=DIRECTION('center_axis',(0.,1.,0.));
#14371=DIRECTION('ref_axis',(-1.,0.,0.));
#14372=DIRECTION('',(1.,0.,0.));
#14373=DIRECTION('',(0.,0.,1.));
#14374=DIRECTION('',(-1.,0.,0.));
#14375=DIRECTION('',(0.,0.,1.));
#14376=DIRECTION('center_axis',(0.,0.,1.));
#14377=DIRECTION('ref_axis',(-1.83697019872103E-16,-1.,0.));
#14378=DIRECTION('center_axis',(0.,0.,1.));
#14379=DIRECTION('ref_axis',(1.,0.,0.));
#14380=DIRECTION('center_axis',(0.,0.,1.));
#14381=DIRECTION('ref_axis',(1.,0.,0.));
#14382=DIRECTION('center_axis',(0.,0.,1.));
#14383=DIRECTION('ref_axis',(1.,0.,0.));
#14384=DIRECTION('center_axis',(0.,0.,1.));
#14385=DIRECTION('ref_axis',(1.,0.,0.));
#14386=DIRECTION('center_axis',(-1.,0.,0.));
#14387=DIRECTION('ref_axis',(0.,0.,1.));
#14388=DIRECTION('',(0.,0.,-1.));
#14389=DIRECTION('',(0.,1.,0.));
#14390=DIRECTION('',(0.,0.,1.));
#14391=DIRECTION('',(0.,1.,0.));
#14392=DIRECTION('center_axis',(6.06863571341864E-16,0.,-1.));
#14393=DIRECTION('ref_axis',(-1.,0.,-6.06863571341864E-16));
#14394=DIRECTION('',(1.,0.,6.06863571341864E-16));
#14395=DIRECTION('',(-1.,0.,-6.06863571341864E-16));
#14396=DIRECTION('',(0.,1.,0.));
#14397=DIRECTION('center_axis',(1.,0.,0.));
#14398=DIRECTION('ref_axis',(0.,0.,-1.));
#14399=DIRECTION('',(0.,0.,1.));
#14400=DIRECTION('',(0.,0.,-1.));
#14401=DIRECTION('',(0.,1.,0.));
#14402=DIRECTION('center_axis',(-9.99200722162641E-16,0.,1.));
#14403=DIRECTION('ref_axis',(1.,0.,9.99200722162641E-16));
#14404=DIRECTION('',(-1.,0.,-9.99200722162641E-16));
#14405=DIRECTION('',(1.,0.,9.99200722162641E-16));
#14406=DIRECTION('center_axis',(0.,1.,0.));
#14407=DIRECTION('ref_axis',(0.,0.,1.));
#14408=DIRECTION('center_axis',(1.,0.,-1.3356066461656E-16));
#14409=DIRECTION('ref_axis',(-1.3356066461656E-16,0.,-1.));
#14410=DIRECTION('',(0.,1.,0.));
#14411=DIRECTION('',(-1.3356066461656E-16,0.,-1.));
#14412=DIRECTION('',(0.,1.,0.));
#14413=DIRECTION('',(1.3356066461656E-16,0.,1.));
#14414=DIRECTION('center_axis',(-1.,0.,1.3356066461656E-16));
#14415=DIRECTION('ref_axis',(0.,1.,0.));
#14416=DIRECTION('center_axis',(-1.,0.,1.3356066461656E-16));
#14417=DIRECTION('ref_axis',(0.,1.,0.));
#14418=DIRECTION('center_axis',(-1.,0.,1.3356066461656E-16));
#14419=DIRECTION('ref_axis',(0.,1.,0.));
#14420=DIRECTION('center_axis',(-1.,0.,0.));
#14421=DIRECTION('ref_axis',(0.,0.,1.));
#14422=DIRECTION('',(0.,-1.,0.));
#14423=DIRECTION('',(0.,0.,1.));
#14424=DIRECTION('',(0.,-1.,0.));
#14425=DIRECTION('',(0.,0.,-1.));
#14426=DIRECTION('',(0.,1.,0.));
#14427=DIRECTION('',(0.,0.,-1.));
#14428=DIRECTION('center_axis',(1.,0.,0.));
#14429=DIRECTION('ref_axis',(0.,1.,0.));
#14430=DIRECTION('center_axis',(1.,0.,0.));
#14431=DIRECTION('ref_axis',(0.,1.,0.));
#14432=DIRECTION('center_axis',(1.,0.,0.));
#14433=DIRECTION('ref_axis',(0.,1.,0.));
#14434=DIRECTION('center_axis',(0.,-1.,0.));
#14435=DIRECTION('ref_axis',(-0.707106781186549,0.,0.707106781186546));
#14436=DIRECTION('center_axis',(0.,1.,0.));
#14437=DIRECTION('ref_axis',(-0.707106781186549,0.,0.707106781186546));
#14438=DIRECTION('',(0.,-1.,0.));
#14439=DIRECTION('center_axis',(0.,-1.,0.));
#14440=DIRECTION('ref_axis',(-0.707106781186549,0.,0.707106781186546));
#14441=DIRECTION('',(0.,1.,0.));
#14442=DIRECTION('center_axis',(0.,0.,1.));
#14443=DIRECTION('ref_axis',(-1.,0.,0.));
#14444=DIRECTION('',(-1.,0.,0.));
#14445=DIRECTION('',(0.,1.,0.));
#14446=DIRECTION('',(1.,0.,0.));
#14447=DIRECTION('center_axis',(0.,1.,0.));
#14448=DIRECTION('ref_axis',(0.707106781186546,0.,0.707106781186549));
#14449=DIRECTION('center_axis',(0.,-1.,0.));
#14450=DIRECTION('ref_axis',(0.707106781186546,0.,0.707106781186549));
#14451=DIRECTION('center_axis',(0.,1.,0.));
#14452=DIRECTION('ref_axis',(0.707106781186546,0.,0.707106781186549));
#14453=DIRECTION('',(0.,-1.,0.));
#14454=DIRECTION('center_axis',(0.,1.,0.));
#14455=DIRECTION('ref_axis',(0.707106781186546,0.,0.707106781186549));
#14456=DIRECTION('center_axis',(0.,-1.,0.));
#14457=DIRECTION('ref_axis',(0.707106781186546,0.,0.707106781186549));
#14458=DIRECTION('',(0.,1.,0.));
#14459=DIRECTION('center_axis',(0.,1.,0.));
#14460=DIRECTION('ref_axis',(0.707106781186546,0.,0.707106781186549));
#14461=DIRECTION('',(0.,-1.,0.));
#14462=DIRECTION('center_axis',(1.,0.,0.));
#14463=DIRECTION('ref_axis',(0.,0.,1.));
#14464=DIRECTION('',(0.,0.,1.));
#14465=DIRECTION('',(0.,1.,0.));
#14466=DIRECTION('',(0.,0.,-1.));
#14467=DIRECTION('center_axis',(-1.70803542250024E-16,0.,1.));
#14468=DIRECTION('ref_axis',(-1.,0.,-1.70803542250024E-16));
#14469=DIRECTION('',(-1.,0.,-1.70803542250024E-16));
#14470=DIRECTION('',(-1.,0.,-1.70803542250024E-16));
#14471=DIRECTION('',(1.,0.,1.70803542250024E-16));
#14472=DIRECTION('',(0.,-1.,0.));
#14473=DIRECTION('',(1.,0.,1.70803542250024E-16));
#14474=DIRECTION('center_axis',(1.,0.,1.1842378929335E-15));
#14475=DIRECTION('ref_axis',(-1.1842378929335E-15,0.,1.));
#14476=DIRECTION('',(-1.1842378929335E-15,0.,1.));
#14477=DIRECTION('',(0.,1.,0.));
#14478=DIRECTION('',(1.1842378929335E-15,0.,-1.));
#14479=DIRECTION('center_axis',(-1.,0.,-2.96059473233375E-15));
#14480=DIRECTION('ref_axis',(2.96059473233375E-15,0.,-1.));
#14481=DIRECTION('',(-2.96059473233375E-15,0.,1.));
#14482=DIRECTION('',(0.,-1.,0.));
#14483=DIRECTION('',(2.96059473233375E-15,0.,-1.));
#14484=DIRECTION('center_axis',(0.,1.,0.));
#14485=DIRECTION('ref_axis',(0.,0.,1.));
#14486=DIRECTION('',(1.73628864001528E-15,0.,-1.));
#14487=DIRECTION('',(-1.,0.,-4.44089209850065E-15));
#14488=DIRECTION('center_axis',(1.,0.,1.73628864001528E-15));
#14489=DIRECTION('ref_axis',(1.73628864001528E-15,0.,-1.));
#14490=DIRECTION('',(1.73628864001528E-15,0.,-1.));
#14491=DIRECTION('',(0.,1.,0.));
#14492=DIRECTION('center_axis',(0.,-1.,0.));
#14493=DIRECTION('ref_axis',(0.,0.,-1.));
#14494=DIRECTION('',(1.,0.,-3.20642028772608E-16));
#14495=DIRECTION('',(1.,0.,-3.20642028772608E-16));
#14496=DIRECTION('',(-9.86864910777915E-16,0.,-1.));
#14497=DIRECTION('',(1.,0.,4.44089209850065E-15));
#14498=DIRECTION('',(0.,0.,-1.));
#14499=DIRECTION('',(-1.,0.,0.));
#14500=DIRECTION('center_axis',(0.,1.,0.));
#14501=DIRECTION('ref_axis',(1.,0.,0.));
#14502=DIRECTION('',(-1.,0.,0.));
#14503=DIRECTION('',(0.,0.,1.));
#14504=DIRECTION('',(1.,0.,4.44089209850065E-15));
#14505=DIRECTION('center_axis',(0.,1.,0.));
#14506=DIRECTION('ref_axis',(0.,0.,-1.));
#14507=DIRECTION('center_axis',(0.,1.,0.));
#14508=DIRECTION('ref_axis',(0.,0.,-1.));
#14509=DIRECTION('center_axis',(0.,1.,0.));
#14510=DIRECTION('ref_axis',(1.,0.,0.));
#14511=DIRECTION('center_axis',(0.,1.,0.));
#14512=DIRECTION('ref_axis',(1.,0.,0.));
#14513=DIRECTION('center_axis',(-3.20642028772608E-16,0.,-1.));
#14514=DIRECTION('ref_axis',(1.,0.,-3.20642028772608E-16));
#14515=DIRECTION('',(1.,0.,-3.20642028772608E-16));
#14516=DIRECTION('',(0.,1.,0.));
#14517=DIRECTION('center_axis',(-3.20642028772608E-16,0.,-1.));
#14518=DIRECTION('ref_axis',(1.,0.,-3.20642028772608E-16));
#14519=DIRECTION('',(1.,0.,-3.20642028772608E-16));
#14520=DIRECTION('center_axis',(0.,1.,0.));
#14521=DIRECTION('ref_axis',(1.,0.,0.));
#14522=DIRECTION('',(0.,1.,0.));
#14523=DIRECTION('center_axis',(0.,-1.,0.));
#14524=DIRECTION('ref_axis',(1.,0.,0.));
#14525=DIRECTION('center_axis',(0.,1.,0.));
#14526=DIRECTION('ref_axis',(1.,0.,0.));
#14527=DIRECTION('',(0.,1.,0.));
#14528=DIRECTION('center_axis',(0.,-1.,0.));
#14529=DIRECTION('ref_axis',(1.,0.,0.));
#14530=DIRECTION('center_axis',(0.,-1.,0.));
#14531=DIRECTION('ref_axis',(0.,0.,-1.));
#14532=DIRECTION('',(-8.65956056235493E-17,0.707106781186547,-0.707106781186547));
#14533=DIRECTION('center_axis',(0.,-1.,0.));
#14534=DIRECTION('ref_axis',(0.,0.,-1.));
#14535=DIRECTION('center_axis',(0.,-1.,0.));
#14536=DIRECTION('ref_axis',(0.,0.,-1.));
#14537=DIRECTION('',(-8.65956056235493E-17,0.707106781186547,-0.707106781186547));
#14538=DIRECTION('center_axis',(0.,-1.,0.));
#14539=DIRECTION('ref_axis',(0.,0.,-1.));
#14540=DIRECTION('center_axis',(-1.,0.,-3.31409858097062E-16));
#14541=DIRECTION('ref_axis',(-3.31409858097062E-16,0.,1.));
#14542=DIRECTION('',(3.31409858097062E-16,0.,-1.));
#14543=DIRECTION('',(0.,1.,0.));
#14544=DIRECTION('',(3.31409858097062E-16,0.,-1.));
#14545=DIRECTION('',(0.,-1.,0.));
#14546=DIRECTION('',(-3.31409858097062E-16,0.,1.));
#14547=DIRECTION('',(0.,1.,0.));
#14548=DIRECTION('center_axis',(0.,0.,-1.));
#14549=DIRECTION('ref_axis',(-1.,0.,0.));
#14550=DIRECTION('',(1.,0.,0.));
#14551=DIRECTION('',(-1.,0.,0.));
#14552=DIRECTION('',(0.,1.,0.));
#14553=DIRECTION('center_axis',(1.,0.,6.62819716194123E-17));
#14554=DIRECTION('ref_axis',(6.62819716194123E-17,0.,-1.));
#14555=DIRECTION('',(-6.62819716194123E-17,0.,1.));
#14556=DIRECTION('',(6.62819716194123E-17,0.,-1.));
#14557=DIRECTION('',(0.,1.,0.));
#14558=DIRECTION('center_axis',(0.,-1.,0.));
#14559=DIRECTION('ref_axis',(1.,0.,0.));
#14560=DIRECTION('',(0.,0.,1.));
#14561=DIRECTION('',(1.,0.,4.44089209850065E-15));
#14562=DIRECTION('',(1.,0.,0.));
#14563=DIRECTION('center_axis',(0.,1.,0.));
#14564=DIRECTION('ref_axis',(0.,0.,1.));
#14565=DIRECTION('',(-1.,0.,-4.44089209850065E-15));
#14566=DIRECTION('center_axis',(0.,-1.,0.));
#14567=DIRECTION('ref_axis',(1.,0.,0.));
#14568=DIRECTION('center_axis',(0.,-1.,0.));
#14569=DIRECTION('ref_axis',(1.,0.,0.));
#14570=DIRECTION('',(1.,0.,0.));
#14571=DIRECTION('center_axis',(-1.,0.,-6.62819716194123E-17));
#14572=DIRECTION('ref_axis',(-6.62819716194123E-17,0.,1.));
#14573=DIRECTION('',(6.62819716194123E-17,0.,-1.));
#14574=DIRECTION('',(0.,-1.,0.));
#14575=DIRECTION('',(-6.62819716194123E-17,0.,1.));
#14576=DIRECTION('',(0.,1.,0.));
#14577=DIRECTION('center_axis',(0.,0.,-1.));
#14578=DIRECTION('ref_axis',(-1.,0.,0.));
#14579=DIRECTION('',(1.,0.,0.));
#14580=DIRECTION('',(-1.,0.,0.));
#14581=DIRECTION('',(0.,1.,0.));
#14582=DIRECTION('center_axis',(1.,0.,0.));
#14583=DIRECTION('ref_axis',(0.,0.,-1.));
#14584=DIRECTION('',(0.,0.,1.));
#14585=DIRECTION('',(0.,1.,0.));
#14586=DIRECTION('',(0.,0.,1.));
#14587=DIRECTION('',(0.,0.,-1.));
#14588=DIRECTION('',(0.,1.,0.));
#14589=DIRECTION('center_axis',(0.,-1.,0.));
#14590=DIRECTION('ref_axis',(1.,0.,0.));
#14591=DIRECTION('',(1.,0.,0.));
#14592=DIRECTION('',(1.,0.,4.44089209850065E-15));
#14593=DIRECTION('',(0.,0.,-1.));
#14594=DIRECTION('center_axis',(0.,1.,0.));
#14595=DIRECTION('ref_axis',(0.,0.,1.));
#14596=DIRECTION('',(-1.,0.,-4.44089209850065E-15));
#14597=DIRECTION('center_axis',(0.,-1.,0.));
#14598=DIRECTION('ref_axis',(1.,0.,0.));
#14599=DIRECTION('',(-1.,0.,0.));
#14600=DIRECTION('',(1.,0.,4.44089209850065E-15));
#14601=DIRECTION('center_axis',(0.,-1.,0.));
#14602=DIRECTION('ref_axis',(1.,0.,0.));
#14603=DIRECTION('',(1.,0.,4.44089209850065E-15));
#14604=DIRECTION('',(-9.86864910777915E-16,0.,-1.));
#14605=DIRECTION('center_axis',(0.,0.,-1.));
#14606=DIRECTION('ref_axis',(-1.,0.,0.));
#14607=DIRECTION('',(0.,1.,0.));
#14608=DIRECTION('',(-0.707106781186547,-0.707106781186548,0.));
#14609=DIRECTION('center_axis',(0.707106781186548,-0.707106781186547,0.));
#14610=DIRECTION('ref_axis',(-0.707106781186547,-0.707106781186548,0.));
#14611=DIRECTION('',(0.707106781186547,0.707106781186548,3.14018491736756E-15));
#14612=DIRECTION('center_axis',(-0.707106781186547,-0.707106781186548,0.));
#14613=DIRECTION('ref_axis',(-0.707106781186548,0.707106781186547,0.));
#14614=DIRECTION('',(0.707106781186548,-0.707106781186547,3.14018491736757E-15));
#14615=DIRECTION('',(-0.707106781186548,0.707106781186547,0.));
#14616=DIRECTION('center_axis',(0.,0.,-1.));
#14617=DIRECTION('ref_axis',(-1.,0.,0.));
#14618=DIRECTION('',(0.,-1.,0.));
#14619=DIRECTION('',(1.,0.,0.));
#14620=DIRECTION('center_axis',(-4.44089209850065E-15,0.,1.));
#14621=DIRECTION('ref_axis',(-1.,0.,-4.44089209850065E-15));
#14622=DIRECTION('',(0.,1.,0.));
#14623=DIRECTION('center_axis',(-4.44089209850065E-15,0.,1.));
#14624=DIRECTION('ref_axis',(-1.,0.,-4.44089209850065E-15));
#14625=DIRECTION('center_axis',(0.,-1.,0.));
#14626=DIRECTION('ref_axis',(-1.83697019872103E-16,0.,-1.));
#14627=DIRECTION('center_axis',(0.,-1.,0.));
#14628=DIRECTION('ref_axis',(1.,0.,0.));
#14629=DIRECTION('center_axis',(1.,0.,-9.86864910777915E-16));
#14630=DIRECTION('ref_axis',(9.86864910777915E-16,0.,1.));
#14631=DIRECTION('center_axis',(0.,1.,0.));
#14632=DIRECTION('ref_axis',(0.,0.,1.));
#14633=DIRECTION('',(1.,0.,0.));
#14634=DIRECTION('center_axis',(-1.,0.,0.));
#14635=DIRECTION('ref_axis',(0.,1.,0.));
#14636=DIRECTION('',(-1.,0.,0.));
#14637=DIRECTION('center_axis',(-1.,0.,0.));
#14638=DIRECTION('ref_axis',(0.,1.,0.));
#14639=DIRECTION('',(-1.,0.,0.));
#14640=DIRECTION('center_axis',(-1.,0.,0.));
#14641=DIRECTION('ref_axis',(0.,1.,0.));
#14642=DIRECTION('',(-1.,0.,0.));
#14643=DIRECTION('center_axis',(0.,-1.,0.));
#14644=DIRECTION('ref_axis',(1.,0.,0.));
#14645=DIRECTION('center_axis',(0.,0.,1.));
#14646=DIRECTION('ref_axis',(1.,0.,0.));
#14647=DIRECTION('center_axis',(0.,-1.,0.));
#14648=DIRECTION('ref_axis',(0.707106781186541,0.,0.707106781186554));
#14649=DIRECTION('center_axis',(0.,-1.,0.));
#14650=DIRECTION('ref_axis',(0.707106781186541,0.,0.707106781186554));
#14651=DIRECTION('',(0.,-1.,0.));
#14652=DIRECTION('center_axis',(4.90029472938E-16,1.,-1.55440572457342E-31));
#14653=DIRECTION('ref_axis',(0.707106781186541,0.,0.707106781186554));
#14654=DIRECTION('',(0.,1.,0.));
#14655=DIRECTION('center_axis',(4.90029472938E-16,1.,-1.55440572457342E-31));
#14656=DIRECTION('ref_axis',(1.,-4.90029472938E-16,-3.1834351960578E-16));
#14657=DIRECTION('',(1.,-4.90029472938E-16,-3.1834351960578E-16));
#14658=DIRECTION('',(-3.1720657846433E-16,0.,-1.));
#14659=DIRECTION('',(-1.,4.90029472938E-16,0.));
#14660=DIRECTION('',(0.,1.55440572457342E-31,1.));
#14661=DIRECTION('',(1.,-4.90029472938E-16,-3.1834351960578E-16));
#14662=DIRECTION('',(3.94745964311167E-16,-3.48877729293146E-31,-1.));
#14663=DIRECTION('center_axis',(3.1834351960578E-16,0.,1.));
#14664=DIRECTION('ref_axis',(-1.,0.,3.1834351960578E-16));
#14665=DIRECTION('',(1.,0.,-3.1834351960578E-16));
#14666=DIRECTION('',(0.,1.,0.));
#14667=DIRECTION('',(-1.,0.,3.1834351960578E-16));
#14668=DIRECTION('',(0.,-1.,0.));
#14669=DIRECTION('',(-1.,4.90029472938E-16,3.1834351960578E-16));
#14670=DIRECTION('',(1.77635683940027E-14,1.,-5.6549168833048E-30));
#14671=DIRECTION('',(1.,-4.90029472938E-16,-3.1834351960578E-16));
#14672=DIRECTION('',(0.,-1.,0.));
#14673=DIRECTION('',(-1.,4.90029472938E-16,3.1834351960578E-16));
#14674=DIRECTION('',(1.77635683940027E-14,1.,-5.6549168833048E-30));
#14675=DIRECTION('',(1.,-4.90029472938E-16,-3.1834351960578E-16));
#14676=DIRECTION('',(0.,-1.,0.));
#14677=DIRECTION('',(-1.,4.90029472938E-16,3.1834351960578E-16));
#14678=DIRECTION('',(1.77635683940027E-14,1.,-5.6549168833048E-30));
#14679=DIRECTION('',(1.,-4.90029472938E-16,-3.1834351960578E-16));
#14680=DIRECTION('',(0.,-1.,0.));
#14681=DIRECTION('',(-1.,4.90029472938E-16,3.1834351960578E-16));
#14682=DIRECTION('',(1.77635683940027E-14,1.,-5.6549168833048E-30));
#14683=DIRECTION('',(1.,-4.90029472938E-16,-3.1834351960578E-16));
#14684=DIRECTION('',(0.,-1.,0.));
#14685=DIRECTION('',(-1.,4.90029472938E-16,3.1834351960578E-16));
#14686=DIRECTION('',(1.77635683940027E-14,1.,-5.6549168833048E-30));
#14687=DIRECTION('',(1.,-4.90029472938E-16,-3.1834351960578E-16));
#14688=DIRECTION('',(0.,-1.,0.));
#14689=DIRECTION('',(-1.,4.90029472938E-16,3.1834351960578E-16));
#14690=DIRECTION('',(1.77635683940027E-14,1.,-5.6549168833048E-30));
#14691=DIRECTION('',(1.,-4.90029472938E-16,-3.1834351960578E-16));
#14692=DIRECTION('',(0.,-1.,0.));
#14693=DIRECTION('',(-1.,4.90029472938E-16,3.1834351960578E-16));
#14694=DIRECTION('',(1.77635683940027E-14,1.,-5.6549168833048E-30));
#14695=DIRECTION('',(1.,-4.90029472938E-16,-3.1834351960578E-16));
#14696=DIRECTION('',(0.,-1.,0.));
#14697=DIRECTION('',(-1.,4.90029472938E-16,3.1834351960578E-16));
#14698=DIRECTION('',(1.77635683940027E-14,1.,-5.6549168833048E-30));
#14699=DIRECTION('',(1.,-4.90029472938E-16,-3.1834351960578E-16));
#14700=DIRECTION('',(0.,-1.,0.));
#14701=DIRECTION('',(-1.,4.90029472938E-16,3.1834351960578E-16));
#14702=DIRECTION('',(1.77635683940027E-14,1.,-5.6549168833048E-30));
#14703=DIRECTION('',(1.,-4.90029472938E-16,-3.1834351960578E-16));
#14704=DIRECTION('',(0.,-1.,0.));
#14705=DIRECTION('',(-1.,4.90029472938E-16,3.1834351960578E-16));
#14706=DIRECTION('',(1.77635683940027E-14,1.,-5.6549168833048E-30));
#14707=DIRECTION('',(1.,-4.90029472938E-16,-3.1834351960578E-16));
#14708=DIRECTION('',(0.,-1.,0.));
#14709=DIRECTION('',(-1.,4.90029472938E-16,3.1834351960578E-16));
#14710=DIRECTION('',(1.77635683940027E-14,1.,-5.6549168833048E-30));
#14711=DIRECTION('',(2.96059473233378E-15,-1.,-9.42486147217467E-31));
#14712=DIRECTION('',(-1.,4.90029472938E-16,3.1834351960578E-16));
#14713=DIRECTION('',(8.88178419700113E-15,1.,-2.82745844165233E-30));
#14714=DIRECTION('',(1.,-4.90029472938E-16,-3.1834351960578E-16));
#14715=DIRECTION('',(2.96059473233378E-15,-1.,-9.42486147217467E-31));
#14716=DIRECTION('',(-1.,4.90029472938E-16,3.1834351960578E-16));
#14717=DIRECTION('',(8.88178419700113E-15,1.,-2.82745844165233E-30));
#14718=DIRECTION('',(1.,-4.90029472938E-16,-3.1834351960578E-16));
#14719=DIRECTION('',(2.96059473233378E-15,-1.,-9.42486147217467E-31));
#14720=DIRECTION('',(-1.,4.90029472938E-16,3.1834351960578E-16));
#14721=DIRECTION('',(8.88178419700113E-15,1.,-2.82745844165233E-30));
#14722=DIRECTION('',(1.,-4.90029472938E-16,-3.1834351960578E-16));
#14723=DIRECTION('',(2.96059473233378E-15,-1.,-9.42486147217467E-31));
#14724=DIRECTION('',(-1.,4.90029472938E-16,3.1834351960578E-16));
#14725=DIRECTION('',(8.88178419700113E-15,1.,-2.82745844165233E-30));
#14726=DIRECTION('',(1.,-4.90029472938E-16,-3.1834351960578E-16));
#14727=DIRECTION('',(2.96059473233378E-15,-1.,-9.42486147217467E-31));
#14728=DIRECTION('',(-1.,4.90029472938E-16,3.1834351960578E-16));
#14729=DIRECTION('',(8.88178419700113E-15,1.,-2.82745844165233E-30));
#14730=DIRECTION('',(1.,-4.90029472938E-16,-3.1834351960578E-16));
#14731=DIRECTION('',(2.96059473233378E-15,-1.,-9.42486147217467E-31));
#14732=DIRECTION('',(-1.,4.90029472938E-16,3.1834351960578E-16));
#14733=DIRECTION('',(8.88178419700113E-15,1.,-2.82745844165233E-30));
#14734=DIRECTION('',(1.,-4.90029472938E-16,-3.1834351960578E-16));
#14735=DIRECTION('',(2.96059473233378E-15,-1.,-9.42486147217467E-31));
#14736=DIRECTION('',(-1.,4.90029472938E-16,3.1834351960578E-16));
#14737=DIRECTION('',(8.88178419700113E-15,1.,-2.82745844165233E-30));
#14738=DIRECTION('',(1.,-4.90029472938E-16,-3.1834351960578E-16));
#14739=DIRECTION('',(2.96059473233378E-15,-1.,-9.42486147217467E-31));
#14740=DIRECTION('',(-1.,4.90029472938E-16,3.1834351960578E-16));
#14741=DIRECTION('',(8.88178419700113E-15,1.,-2.82745844165233E-30));
#14742=DIRECTION('',(1.,-4.90029472938E-16,-3.1834351960578E-16));
#14743=DIRECTION('',(2.96059473233378E-15,-1.,-9.42486147217467E-31));
#14744=DIRECTION('',(-1.,4.90029472938E-16,3.1834351960578E-16));
#14745=DIRECTION('',(8.88178419700113E-15,1.,-2.82745844165233E-30));
#14746=DIRECTION('',(1.,-4.90029472938E-16,-3.1834351960578E-16));
#14747=DIRECTION('',(2.96059473233378E-15,-1.,-9.42486147217467E-31));
#14748=DIRECTION('',(-1.,4.90029472938E-16,3.1834351960578E-16));
#14749=DIRECTION('',(8.88178419700113E-15,1.,-2.82745844165233E-30));
#14750=DIRECTION('',(1.,-4.90029472938E-16,-3.1834351960578E-16));
#14751=DIRECTION('',(2.96059473233378E-15,-1.,-9.42486147217467E-31));
#14752=DIRECTION('',(-1.,4.90029472938E-16,3.1834351960578E-16));
#14753=DIRECTION('',(8.88178419700113E-15,1.,-2.82745844165233E-30));
#14754=DIRECTION('',(1.,-4.90029472938E-16,-3.1834351960578E-16));
#14755=DIRECTION('',(0.,1.,0.));
#14756=DIRECTION('',(1.,1.4210854715202E-15,-3.1834351960578E-16));
#14757=DIRECTION('',(-7.40148683083357E-15,-1.,2.35621536804339E-30));
#14758=DIRECTION('',(-1.,1.8947806286936E-15,3.1834351960578E-16));
#14759=DIRECTION('',(0.,1.,0.));
#14760=DIRECTION('',(1.,1.4210854715202E-15,-3.1834351960578E-16));
#14761=DIRECTION('',(-7.40148683083357E-15,-1.,2.35621536804339E-30));
#14762=DIRECTION('',(-1.,1.8947806286936E-15,3.1834351960578E-16));
#14763=DIRECTION('',(0.,1.,0.));
#14764=DIRECTION('',(1.,1.4210854715202E-15,-3.1834351960578E-16));
#14765=DIRECTION('',(-7.40148683083357E-15,-1.,2.35621536804339E-30));
#14766=DIRECTION('',(-1.,1.8947806286936E-15,3.1834351960578E-16));
#14767=DIRECTION('',(0.,1.,0.));
#14768=DIRECTION('',(1.,1.4210854715202E-15,-3.1834351960578E-16));
#14769=DIRECTION('',(-7.40148683083357E-15,-1.,2.35621536804339E-30));
#14770=DIRECTION('',(-1.,1.8947806286936E-15,3.1834351960578E-16));
#14771=DIRECTION('',(0.,1.,0.));
#14772=DIRECTION('',(1.,1.4210854715202E-15,-3.1834351960578E-16));
#14773=DIRECTION('',(-7.40148683083357E-15,-1.,2.35621536804339E-30));
#14774=DIRECTION('',(-1.,1.8947806286936E-15,3.1834351960578E-16));
#14775=DIRECTION('center_axis',(0.,-1.,0.));
#14776=DIRECTION('ref_axis',(0.707106781186541,0.,0.707106781186554));
#14777=DIRECTION('center_axis',(4.90029472938E-16,1.,-1.55440572457342E-31));
#14778=DIRECTION('ref_axis',(0.707106781186541,0.,0.707106781186554));
#14779=DIRECTION('',(0.,1.,0.));
#14780=DIRECTION('center_axis',(-4.90029472938E-16,-1.,1.55440572457342E-31));
#14781=DIRECTION('ref_axis',(0.707106781186541,0.,0.707106781186554));
#14782=DIRECTION('center_axis',(4.90029472938E-16,1.,-1.55440572457342E-31));
#14783=DIRECTION('ref_axis',(1.,-4.90029472938E-16,-3.1834351960578E-16));
#14784=DIRECTION('',(-3.1720657846433E-16,0.,-1.));
#14785=DIRECTION('',(-1.,4.90029472938E-16,0.));
#14786=DIRECTION('',(0.,1.55440572457342E-31,1.));
#14787=DIRECTION('',(1.,-4.90029472938E-16,-3.1834351960578E-16));
#14788=DIRECTION('',(3.94745964311167E-16,-3.48877729293146E-31,-1.));
#14789=DIRECTION('center_axis',(0.,-1.,0.));
#14790=DIRECTION('ref_axis',(0.707106781186541,0.,0.707106781186554));
#14791=DIRECTION('center_axis',(4.90029472938E-16,1.,-1.55440572457342E-31));
#14792=DIRECTION('ref_axis',(0.707106781186541,0.,0.707106781186554));
#14793=DIRECTION('',(0.,1.,0.));
#14794=DIRECTION('center_axis',(-4.90029472938E-16,-1.,1.55440572457342E-31));
#14795=DIRECTION('ref_axis',(0.707106781186541,0.,0.707106781186554));
#14796=DIRECTION('center_axis',(4.90029472938E-16,1.,-1.55440572457342E-31));
#14797=DIRECTION('ref_axis',(1.,-4.90029472938E-16,-3.1834351960578E-16));
#14798=DIRECTION('',(-3.1720657846433E-16,0.,-1.));
#14799=DIRECTION('',(-1.,4.90029472938E-16,0.));
#14800=DIRECTION('',(0.,1.55440572457342E-31,1.));
#14801=DIRECTION('',(1.,-4.90029472938E-16,-3.1834351960578E-16));
#14802=DIRECTION('',(3.94745964311167E-16,-3.48877729293146E-31,-1.));
#14803=DIRECTION('center_axis',(0.,-1.,0.));
#14804=DIRECTION('ref_axis',(0.707106781186541,0.,0.707106781186554));
#14805=DIRECTION('center_axis',(4.90029472938E-16,1.,-1.55440572457342E-31));
#14806=DIRECTION('ref_axis',(0.707106781186541,0.,0.707106781186554));
#14807=DIRECTION('',(0.,1.,0.));
#14808=DIRECTION('center_axis',(-4.90029472938E-16,-1.,1.55440572457342E-31));
#14809=DIRECTION('ref_axis',(0.707106781186541,0.,0.707106781186554));
#14810=DIRECTION('center_axis',(4.90029472938E-16,1.,-1.55440572457342E-31));
#14811=DIRECTION('ref_axis',(1.,-4.90029472938E-16,-3.1834351960578E-16));
#14812=DIRECTION('',(-3.1720657846433E-16,0.,-1.));
#14813=DIRECTION('',(-1.,4.90029472938E-16,0.));
#14814=DIRECTION('',(0.,1.55440572457342E-31,1.));
#14815=DIRECTION('',(1.,-4.90029472938E-16,-3.1834351960578E-16));
#14816=DIRECTION('',(3.94745964311167E-16,-3.48877729293146E-31,-1.));
#14817=DIRECTION('center_axis',(0.,-1.,0.));
#14818=DIRECTION('ref_axis',(0.707106781186541,0.,0.707106781186554));
#14819=DIRECTION('center_axis',(4.90029472938E-16,1.,-1.55440572457342E-31));
#14820=DIRECTION('ref_axis',(0.707106781186541,0.,0.707106781186554));
#14821=DIRECTION('',(0.,1.,0.));
#14822=DIRECTION('center_axis',(-4.90029472938E-16,-1.,1.55440572457342E-31));
#14823=DIRECTION('ref_axis',(0.707106781186541,0.,0.707106781186554));
#14824=DIRECTION('center_axis',(4.90029472938E-16,1.,-1.55440572457342E-31));
#14825=DIRECTION('ref_axis',(1.,-4.90029472938E-16,-3.1834351960578E-16));
#14826=DIRECTION('',(-3.1720657846433E-16,0.,-1.));
#14827=DIRECTION('',(-1.,4.90029472938E-16,0.));
#14828=DIRECTION('',(0.,1.55440572457342E-31,1.));
#14829=DIRECTION('',(1.,-4.90029472938E-16,-3.1834351960578E-16));
#14830=DIRECTION('',(3.94745964311167E-16,-3.48877729293146E-31,-1.));
#14831=DIRECTION('center_axis',(0.,-1.,0.));
#14832=DIRECTION('ref_axis',(0.707106781186541,0.,0.707106781186554));
#14833=DIRECTION('center_axis',(4.90029472938E-16,1.,-1.55440572457342E-31));
#14834=DIRECTION('ref_axis',(0.707106781186541,0.,0.707106781186554));
#14835=DIRECTION('',(0.,1.,0.));
#14836=DIRECTION('center_axis',(-4.90029472938E-16,-1.,1.55440572457342E-31));
#14837=DIRECTION('ref_axis',(0.707106781186541,0.,0.707106781186554));
#14838=DIRECTION('center_axis',(4.90029472938E-16,1.,-1.55440572457342E-31));
#14839=DIRECTION('ref_axis',(1.,-4.90029472938E-16,-3.1834351960578E-16));
#14840=DIRECTION('',(-3.1720657846433E-16,0.,-1.));
#14841=DIRECTION('',(-1.,4.90029472938E-16,0.));
#14842=DIRECTION('',(0.,1.55440572457342E-31,1.));
#14843=DIRECTION('',(1.,-4.90029472938E-16,-3.1834351960578E-16));
#14844=DIRECTION('',(3.94745964311167E-16,-3.48877729293146E-31,-1.));
#14845=DIRECTION('center_axis',(0.,-1.,0.));
#14846=DIRECTION('ref_axis',(0.707106781186541,0.,0.707106781186554));
#14847=DIRECTION('center_axis',(4.90029472938E-16,1.,-1.55440572457342E-31));
#14848=DIRECTION('ref_axis',(0.707106781186541,0.,0.707106781186554));
#14849=DIRECTION('',(0.,1.,0.));
#14850=DIRECTION('center_axis',(-4.90029472938E-16,-1.,1.55440572457342E-31));
#14851=DIRECTION('ref_axis',(0.707106781186541,0.,0.707106781186554));
#14852=DIRECTION('center_axis',(4.90029472938E-16,1.,-1.55440572457342E-31));
#14853=DIRECTION('ref_axis',(1.,-4.90029472938E-16,-3.1834351960578E-16));
#14854=DIRECTION('',(-3.1720657846433E-16,0.,-1.));
#14855=DIRECTION('',(-1.,4.90029472938E-16,0.));
#14856=DIRECTION('',(0.,1.55440572457342E-31,1.));
#14857=DIRECTION('',(1.,-4.90029472938E-16,-3.1834351960578E-16));
#14858=DIRECTION('',(3.94745964311167E-16,-3.48877729293146E-31,-1.));
#14859=DIRECTION('center_axis',(0.,-1.,0.));
#14860=DIRECTION('ref_axis',(0.707106781186541,0.,0.707106781186554));
#14861=DIRECTION('center_axis',(4.90029472938E-16,1.,-1.55440572457342E-31));
#14862=DIRECTION('ref_axis',(0.707106781186541,0.,0.707106781186554));
#14863=DIRECTION('',(0.,1.,0.));
#14864=DIRECTION('center_axis',(-4.90029472938E-16,-1.,1.55440572457342E-31));
#14865=DIRECTION('ref_axis',(0.707106781186541,0.,0.707106781186554));
#14866=DIRECTION('center_axis',(4.90029472938E-16,1.,-1.55440572457342E-31));
#14867=DIRECTION('ref_axis',(1.,-4.90029472938E-16,-3.1834351960578E-16));
#14868=DIRECTION('',(-3.1720657846433E-16,0.,-1.));
#14869=DIRECTION('',(-1.,4.90029472938E-16,0.));
#14870=DIRECTION('',(0.,1.55440572457342E-31,1.));
#14871=DIRECTION('',(1.,-4.90029472938E-16,-3.1834351960578E-16));
#14872=DIRECTION('',(3.94745964311167E-16,-3.48877729293146E-31,-1.));
#14873=DIRECTION('center_axis',(0.,-1.,0.));
#14874=DIRECTION('ref_axis',(0.707106781186541,0.,0.707106781186554));
#14875=DIRECTION('center_axis',(4.90029472938E-16,1.,-1.55440572457342E-31));
#14876=DIRECTION('ref_axis',(0.707106781186541,0.,0.707106781186554));
#14877=DIRECTION('',(0.,1.,0.));
#14878=DIRECTION('center_axis',(-4.90029472938E-16,-1.,1.55440572457342E-31));
#14879=DIRECTION('ref_axis',(0.707106781186541,0.,0.707106781186554));
#14880=DIRECTION('center_axis',(4.90029472938E-16,1.,-1.55440572457342E-31));
#14881=DIRECTION('ref_axis',(1.,-4.90029472938E-16,-3.1834351960578E-16));
#14882=DIRECTION('',(-3.1720657846433E-16,0.,-1.));
#14883=DIRECTION('',(-1.,4.90029472938E-16,0.));
#14884=DIRECTION('',(0.,1.55440572457342E-31,1.));
#14885=DIRECTION('',(1.,-4.90029472938E-16,-3.1834351960578E-16));
#14886=DIRECTION('',(3.94745964311167E-16,-3.48877729293146E-31,-1.));
#14887=DIRECTION('center_axis',(0.,-1.,0.));
#14888=DIRECTION('ref_axis',(0.707106781186541,0.,0.707106781186554));
#14889=DIRECTION('center_axis',(4.90029472938E-16,1.,-1.55440572457342E-31));
#14890=DIRECTION('ref_axis',(0.707106781186541,0.,0.707106781186554));
#14891=DIRECTION('',(0.,1.,0.));
#14892=DIRECTION('center_axis',(-4.90029472938E-16,-1.,1.55440572457342E-31));
#14893=DIRECTION('ref_axis',(0.707106781186541,0.,0.707106781186554));
#14894=DIRECTION('center_axis',(4.90029472938E-16,1.,-1.55440572457342E-31));
#14895=DIRECTION('ref_axis',(1.,-4.90029472938E-16,-3.1834351960578E-16));
#14896=DIRECTION('',(-3.1720657846433E-16,0.,-1.));
#14897=DIRECTION('',(-1.,4.90029472938E-16,0.));
#14898=DIRECTION('',(0.,1.55440572457342E-31,1.));
#14899=DIRECTION('',(1.,-4.90029472938E-16,-3.1834351960578E-16));
#14900=DIRECTION('',(3.94745964311167E-16,-3.48877729293146E-31,-1.));
#14901=DIRECTION('center_axis',(0.,-1.,0.));
#14902=DIRECTION('ref_axis',(0.707106781186541,0.,0.707106781186554));
#14903=DIRECTION('center_axis',(4.90029472938E-16,1.,-1.55440572457342E-31));
#14904=DIRECTION('ref_axis',(0.707106781186541,0.,0.707106781186554));
#14905=DIRECTION('',(0.,1.,0.));
#14906=DIRECTION('center_axis',(-4.90029472938E-16,-1.,1.55440572457342E-31));
#14907=DIRECTION('ref_axis',(0.707106781186541,0.,0.707106781186554));
#14908=DIRECTION('center_axis',(4.90029472938E-16,1.,-1.55440572457342E-31));
#14909=DIRECTION('ref_axis',(1.,-4.90029472938E-16,-3.1834351960578E-16));
#14910=DIRECTION('',(-3.1720657846433E-16,0.,-1.));
#14911=DIRECTION('',(-1.,4.90029472938E-16,0.));
#14912=DIRECTION('',(0.,1.55440572457342E-31,1.));
#14913=DIRECTION('',(1.,-4.90029472938E-16,-3.1834351960578E-16));
#14914=DIRECTION('',(3.94745964311167E-16,-3.48877729293146E-31,-1.));
#14915=DIRECTION('center_axis',(0.,-1.,0.));
#14916=DIRECTION('ref_axis',(0.707106781186541,0.,0.707106781186554));
#14917=DIRECTION('center_axis',(0.,1.,0.));
#14918=DIRECTION('ref_axis',(0.707106781186541,0.,0.707106781186554));
#14919=DIRECTION('',(0.,1.,0.));
#14920=DIRECTION('center_axis',(-4.90029472938E-16,-1.,1.55440572457342E-31));
#14921=DIRECTION('ref_axis',(0.707106781186541,0.,0.707106781186554));
#14922=DIRECTION('center_axis',(-4.90029472938E-16,-1.,1.55440572457342E-31));
#14923=DIRECTION('ref_axis',(-1.,4.90029472938E-16,3.1834351960578E-16));
#14924=DIRECTION('',(-3.94745964311167E-16,3.48877729293146E-31,1.));
#14925=DIRECTION('',(-1.,4.90029472938E-16,3.1834351960578E-16));
#14926=DIRECTION('',(0.,-1.55440572457342E-31,-1.));
#14927=DIRECTION('',(1.,-4.90029472938E-16,0.));
#14928=DIRECTION('',(-3.1720657846433E-16,0.,-1.));
#14929=DIRECTION('center_axis',(-1.,0.,0.));
#14930=DIRECTION('ref_axis',(0.,1.,0.));
#14931=DIRECTION('center_axis',(-1.,0.,-3.94745964311167E-16));
#14932=DIRECTION('ref_axis',(0.,1.,0.));
#14933=DIRECTION('',(-1.,0.,0.));
#14934=DIRECTION('center_axis',(1.,0.,0.));
#14935=DIRECTION('ref_axis',(0.,1.,0.));
#14936=DIRECTION('center_axis',(-1.,0.,0.));
#14937=DIRECTION('ref_axis',(0.,1.,0.));
#14938=DIRECTION('center_axis',(-1.,0.,-3.94745964311167E-16));
#14939=DIRECTION('ref_axis',(0.,1.,0.));
#14940=DIRECTION('',(-1.,0.,0.));
#14941=DIRECTION('center_axis',(1.,0.,0.));
#14942=DIRECTION('ref_axis',(0.,1.,0.));
#14943=DIRECTION('center_axis',(0.,-1.,0.));
#14944=DIRECTION('ref_axis',(-1.,0.,0.));
#14945=DIRECTION('',(0.,0.,1.));
#14946=DIRECTION('',(-1.,0.,0.));
#14947=DIRECTION('',(0.,0.,-1.));
#14948=DIRECTION('',(1.,0.,0.));
#14949=DIRECTION('center_axis',(0.,0.,-1.));
#14950=DIRECTION('ref_axis',(-1.,0.,0.));
#14951=DIRECTION('',(0.,-1.,0.));
#14952=DIRECTION('',(1.,0.,0.));
#14953=DIRECTION('',(0.,-1.,0.));
#14954=DIRECTION('center_axis',(0.,1.,0.));
#14955=DIRECTION('ref_axis',(1.,0.,0.));
#14956=DIRECTION('',(0.,0.,-1.));
#14957=DIRECTION('',(-1.,0.,0.));
#14958=DIRECTION('',(0.,0.,-1.));
#14959=DIRECTION('center_axis',(0.,0.,-1.));
#14960=DIRECTION('ref_axis',(1.,0.,0.));
#14961=DIRECTION('',(1.,0.,0.));
#14962=DIRECTION('',(0.,1.,0.));
#14963=DIRECTION('',(-1.,0.,0.));
#14964=DIRECTION('',(0.,-1.,0.));
#14965=DIRECTION('',(1.,0.,0.));
#14966=DIRECTION('',(0.,-1.,0.));
#14967=DIRECTION('',(0.,1.,0.));
#14968=DIRECTION('',(0.,-1.,0.));
#14969=DIRECTION('',(-1.,0.,0.));
#14970=DIRECTION('',(0.,-1.,0.));
#14971=DIRECTION('',(-1.77635683940027E-14,-1.,0.));
#14972=DIRECTION('',(1.,-4.90029472938E-16,0.));
#14973=DIRECTION('',(0.,-1.,0.));
#14974=DIRECTION('',(-1.77635683940027E-14,-1.,0.));
#14975=DIRECTION('',(1.,-4.90029472938E-16,0.));
#14976=DIRECTION('',(0.,-1.,0.));
#14977=DIRECTION('',(-1.77635683940027E-14,-1.,0.));
#14978=DIRECTION('',(1.,-4.90029472938E-16,0.));
#14979=DIRECTION('',(0.,-1.,0.));
#14980=DIRECTION('',(-1.77635683940027E-14,-1.,0.));
#14981=DIRECTION('',(1.,-4.90029472938E-16,0.));
#14982=DIRECTION('',(0.,-1.,0.));
#14983=DIRECTION('',(-1.77635683940027E-14,-1.,0.));
#14984=DIRECTION('',(1.,-4.90029472938E-16,0.));
#14985=DIRECTION('',(0.,-1.,0.));
#14986=DIRECTION('',(-1.77635683940027E-14,-1.,0.));
#14987=DIRECTION('',(1.,-4.90029472938E-16,0.));
#14988=DIRECTION('',(0.,-1.,0.));
#14989=DIRECTION('',(-1.77635683940027E-14,-1.,0.));
#14990=DIRECTION('',(1.,-4.90029472938E-16,0.));
#14991=DIRECTION('',(0.,-1.,0.));
#14992=DIRECTION('',(-1.77635683940027E-14,-1.,0.));
#14993=DIRECTION('',(1.,-4.90029472938E-16,0.));
#14994=DIRECTION('',(0.,-1.,0.));
#14995=DIRECTION('',(-1.77635683940027E-14,-1.,0.));
#14996=DIRECTION('',(1.,-4.90029472938E-16,0.));
#14997=DIRECTION('',(0.,-1.,0.));
#14998=DIRECTION('',(-1.77635683940027E-14,-1.,0.));
#14999=DIRECTION('',(1.,-4.90029472938E-16,0.));
#15000=DIRECTION('',(0.,-1.,0.));
#15001=DIRECTION('',(-1.77635683940027E-14,-1.,0.));
#15002=DIRECTION('',(0.,-1.,0.));
#15003=DIRECTION('',(-1.,0.,0.));
#15004=DIRECTION('',(0.,-1.,0.));
#15005=DIRECTION('',(0.,-1.,0.));
#15006=DIRECTION('',(1.,-1.8947806286936E-15,0.));
#15007=DIRECTION('',(7.40148683083357E-15,1.,0.));
#15008=DIRECTION('',(-1.,-1.4210854715202E-15,0.));
#15009=DIRECTION('',(0.,-1.,0.));
#15010=DIRECTION('',(1.,-1.8947806286936E-15,0.));
#15011=DIRECTION('',(7.40148683083357E-15,1.,0.));
#15012=DIRECTION('',(-1.,-1.4210854715202E-15,0.));
#15013=DIRECTION('',(0.,-1.,0.));
#15014=DIRECTION('',(1.,-1.8947806286936E-15,0.));
#15015=DIRECTION('',(7.40148683083357E-15,1.,0.));
#15016=DIRECTION('',(-1.,-1.4210854715202E-15,0.));
#15017=DIRECTION('',(0.,-1.,0.));
#15018=DIRECTION('',(1.,-1.8947806286936E-15,0.));
#15019=DIRECTION('',(7.40148683083357E-15,1.,0.));
#15020=DIRECTION('',(-1.,-1.4210854715202E-15,0.));
#15021=DIRECTION('',(0.,-1.,0.));
#15022=DIRECTION('',(1.,-1.8947806286936E-15,0.));
#15023=DIRECTION('',(7.40148683083357E-15,1.,0.));
#15024=DIRECTION('',(-1.,-1.4210854715202E-15,0.));
#15025=DIRECTION('',(-2.96059473233378E-15,1.,0.));
#15026=DIRECTION('',(-1.,4.90029472938E-16,0.));
#15027=DIRECTION('',(-8.88178419700113E-15,-1.,0.));
#15028=DIRECTION('',(1.,-4.90029472938E-16,0.));
#15029=DIRECTION('',(-2.96059473233378E-15,1.,0.));
#15030=DIRECTION('',(-1.,4.90029472938E-16,0.));
#15031=DIRECTION('',(-8.88178419700113E-15,-1.,0.));
#15032=DIRECTION('',(1.,-4.90029472938E-16,0.));
#15033=DIRECTION('',(-2.96059473233378E-15,1.,0.));
#15034=DIRECTION('',(-1.,4.90029472938E-16,0.));
#15035=DIRECTION('',(-8.88178419700113E-15,-1.,0.));
#15036=DIRECTION('',(1.,-4.90029472938E-16,0.));
#15037=DIRECTION('',(-2.96059473233378E-15,1.,0.));
#15038=DIRECTION('',(-1.,4.90029472938E-16,0.));
#15039=DIRECTION('',(-8.88178419700113E-15,-1.,0.));
#15040=DIRECTION('',(1.,-4.90029472938E-16,0.));
#15041=DIRECTION('',(-2.96059473233378E-15,1.,0.));
#15042=DIRECTION('',(-1.,4.90029472938E-16,0.));
#15043=DIRECTION('',(-8.88178419700113E-15,-1.,0.));
#15044=DIRECTION('',(1.,-4.90029472938E-16,0.));
#15045=DIRECTION('',(-2.96059473233378E-15,1.,0.));
#15046=DIRECTION('',(-1.,4.90029472938E-16,0.));
#15047=DIRECTION('',(-8.88178419700113E-15,-1.,0.));
#15048=DIRECTION('',(1.,-4.90029472938E-16,0.));
#15049=DIRECTION('',(-2.96059473233378E-15,1.,0.));
#15050=DIRECTION('',(-1.,4.90029472938E-16,0.));
#15051=DIRECTION('',(-8.88178419700113E-15,-1.,0.));
#15052=DIRECTION('',(1.,-4.90029472938E-16,0.));
#15053=DIRECTION('',(-2.96059473233378E-15,1.,0.));
#15054=DIRECTION('',(-1.,4.90029472938E-16,0.));
#15055=DIRECTION('',(-8.88178419700113E-15,-1.,0.));
#15056=DIRECTION('',(1.,-4.90029472938E-16,0.));
#15057=DIRECTION('',(-2.96059473233378E-15,1.,0.));
#15058=DIRECTION('',(-1.,4.90029472938E-16,0.));
#15059=DIRECTION('',(-8.88178419700113E-15,-1.,0.));
#15060=DIRECTION('',(1.,-4.90029472938E-16,0.));
#15061=DIRECTION('',(-2.96059473233378E-15,1.,0.));
#15062=DIRECTION('',(-1.,4.90029472938E-16,0.));
#15063=DIRECTION('',(-8.88178419700113E-15,-1.,0.));
#15064=DIRECTION('',(1.,-4.90029472938E-16,0.));
#15065=DIRECTION('',(-2.96059473233378E-15,1.,0.));
#15066=DIRECTION('',(-1.,4.90029472938E-16,0.));
#15067=DIRECTION('',(-8.88178419700113E-15,-1.,0.));
#15068=DIRECTION('',(1.,-4.90029472938E-16,0.));
#15069=DIRECTION('center_axis',(-1.,0.,0.));
#15070=DIRECTION('ref_axis',(0.,1.,0.));
#15071=DIRECTION('center_axis',(-1.,0.,0.));
#15072=DIRECTION('ref_axis',(0.,1.,0.));
#15073=DIRECTION('',(-1.,0.,0.));
#15074=DIRECTION('center_axis',(1.,0.,0.));
#15075=DIRECTION('ref_axis',(0.,1.,0.));
#15076=DIRECTION('center_axis',(-1.,0.,0.));
#15077=DIRECTION('ref_axis',(0.,1.,0.));
#15078=DIRECTION('center_axis',(-1.,0.,0.));
#15079=DIRECTION('ref_axis',(0.,1.,0.));
#15080=DIRECTION('',(-1.,0.,0.));
#15081=DIRECTION('center_axis',(1.,0.,0.));
#15082=DIRECTION('ref_axis',(0.,1.,0.));
#15083=DIRECTION('center_axis',(-1.,0.,0.));
#15084=DIRECTION('ref_axis',(0.,1.,0.));
#15085=DIRECTION('center_axis',(-1.,0.,0.));
#15086=DIRECTION('ref_axis',(0.,1.,0.));
#15087=DIRECTION('',(-1.,0.,0.));
#15088=DIRECTION('center_axis',(1.,0.,0.));
#15089=DIRECTION('ref_axis',(0.,1.,0.));
#15090=DIRECTION('center_axis',(-1.,0.,0.));
#15091=DIRECTION('ref_axis',(0.,1.,0.));
#15092=DIRECTION('center_axis',(-1.,0.,0.));
#15093=DIRECTION('ref_axis',(0.,1.,0.));
#15094=DIRECTION('',(-1.,0.,0.));
#15095=DIRECTION('center_axis',(1.,0.,0.));
#15096=DIRECTION('ref_axis',(0.,1.,0.));
#15097=DIRECTION('center_axis',(1.,0.,0.));
#15098=DIRECTION('ref_axis',(0.,-1.,0.));
#15099=DIRECTION('center_axis',(-3.20642028772608E-16,0.,-1.));
#15100=DIRECTION('ref_axis',(1.,0.,-3.20642028772608E-16));
#15101=DIRECTION('',(1.,0.,-3.20642028772608E-16));
#15102=DIRECTION('',(0.,-1.,0.));
#15103=DIRECTION('',(-1.,0.,3.20642028772608E-16));
#15104=DIRECTION('',(0.,-1.,0.));
#15105=DIRECTION('center_axis',(-1.,1.77635683940027E-14,3.1720657846433E-16));
#15106=DIRECTION('ref_axis',(1.77635683940027E-14,1.,-5.6549168833048E-30));
#15107=DIRECTION('',(-3.1720657846433E-16,0.,-1.));
#15108=DIRECTION('center_axis',(-3.1720657846433E-16,0.,-1.));
#15109=DIRECTION('ref_axis',(-1.,0.,3.1720657846433E-16));
#15110=DIRECTION('',(0.,1.,0.));
#15111=DIRECTION('',(-1.,4.90029472938E-16,3.1834351960578E-16));
#15112=DIRECTION('',(0.,-1.,0.));
#15113=DIRECTION('center_axis',(-4.90029472938E-16,-1.,1.55440572457342E-31));
#15114=DIRECTION('ref_axis',(-1.,4.90029472938E-16,3.1834351960578E-16));
#15115=DIRECTION('',(-3.94745964311167E-16,3.48877729293146E-31,1.));
#15116=DIRECTION('',(0.,-1.55440572457342E-31,-1.));
#15117=DIRECTION('center_axis',(4.90029472938E-16,1.,-1.55440572457342E-31));
#15118=DIRECTION('ref_axis',(1.,-4.90029472938E-16,-3.1834351960578E-16));
#15119=DIRECTION('',(-3.1720657846433E-16,0.,-1.));
#15120=DIRECTION('',(-3.1720657846433E-16,0.,-1.));
#15121=DIRECTION('center_axis',(1.,2.96059473233378E-15,-3.1720657846433E-16));
#15122=DIRECTION('ref_axis',(2.96059473233378E-15,-1.,-9.42486147217467E-31));
#15123=DIRECTION('',(-3.1720657846433E-16,0.,-1.));
#15124=DIRECTION('center_axis',(-4.90029472938E-16,-1.,1.55440572457342E-31));
#15125=DIRECTION('ref_axis',(-1.,4.90029472938E-16,3.1834351960578E-16));
#15126=DIRECTION('',(-3.1720657846433E-16,0.,-1.));
#15127=DIRECTION('center_axis',(-1.,8.88178419700113E-15,3.1720657846433E-16));
#15128=DIRECTION('ref_axis',(8.88178419700113E-15,1.,-2.82745844165233E-30));
#15129=DIRECTION('center_axis',(-1.,1.77635683940027E-14,3.1720657846433E-16));
#15130=DIRECTION('ref_axis',(1.77635683940027E-14,1.,-5.6549168833048E-30));
#15131=DIRECTION('',(-3.1720657846433E-16,0.,-1.));
#15132=DIRECTION('center_axis',(-3.1720657846433E-16,0.,-1.));
#15133=DIRECTION('ref_axis',(-1.,0.,3.1720657846433E-16));
#15134=DIRECTION('',(0.,1.,0.));
#15135=DIRECTION('',(-1.,4.90029472938E-16,3.1834351960578E-16));
#15136=DIRECTION('',(0.,-1.,0.));
#15137=DIRECTION('center_axis',(-4.90029472938E-16,-1.,1.55440572457342E-31));
#15138=DIRECTION('ref_axis',(-1.,4.90029472938E-16,3.1834351960578E-16));
#15139=DIRECTION('',(-3.94745964311167E-16,3.48877729293146E-31,1.));
#15140=DIRECTION('',(0.,-1.55440572457342E-31,-1.));
#15141=DIRECTION('center_axis',(4.90029472938E-16,1.,-1.55440572457342E-31));
#15142=DIRECTION('ref_axis',(1.,-4.90029472938E-16,-3.1834351960578E-16));
#15143=DIRECTION('',(-3.1720657846433E-16,0.,-1.));
#15144=DIRECTION('',(-3.1720657846433E-16,0.,-1.));
#15145=DIRECTION('center_axis',(1.,2.96059473233378E-15,-3.1720657846433E-16));
#15146=DIRECTION('ref_axis',(2.96059473233378E-15,-1.,-9.42486147217467E-31));
#15147=DIRECTION('',(-3.1720657846433E-16,0.,-1.));
#15148=DIRECTION('center_axis',(-4.90029472938E-16,-1.,1.55440572457342E-31));
#15149=DIRECTION('ref_axis',(-1.,4.90029472938E-16,3.1834351960578E-16));
#15150=DIRECTION('',(-3.1720657846433E-16,0.,-1.));
#15151=DIRECTION('center_axis',(-1.,8.88178419700113E-15,3.1720657846433E-16));
#15152=DIRECTION('ref_axis',(8.88178419700113E-15,1.,-2.82745844165233E-30));
#15153=DIRECTION('center_axis',(-1.,1.77635683940027E-14,3.1720657846433E-16));
#15154=DIRECTION('ref_axis',(1.77635683940027E-14,1.,-5.6549168833048E-30));
#15155=DIRECTION('',(-3.1720657846433E-16,0.,-1.));
#15156=DIRECTION('center_axis',(-3.1720657846433E-16,0.,-1.));
#15157=DIRECTION('ref_axis',(-1.,0.,3.1720657846433E-16));
#15158=DIRECTION('',(0.,1.,0.));
#15159=DIRECTION('',(-1.,4.90029472938E-16,3.1834351960578E-16));
#15160=DIRECTION('',(0.,-1.,0.));
#15161=DIRECTION('center_axis',(-4.90029472938E-16,-1.,1.55440572457342E-31));
#15162=DIRECTION('ref_axis',(-1.,4.90029472938E-16,3.1834351960578E-16));
#15163=DIRECTION('',(-3.94745964311167E-16,3.48877729293146E-31,1.));
#15164=DIRECTION('',(0.,-1.55440572457342E-31,-1.));
#15165=DIRECTION('center_axis',(4.90029472938E-16,1.,-1.55440572457342E-31));
#15166=DIRECTION('ref_axis',(1.,-4.90029472938E-16,-3.1834351960578E-16));
#15167=DIRECTION('',(-3.1720657846433E-16,0.,-1.));
#15168=DIRECTION('',(-3.1720657846433E-16,0.,-1.));
#15169=DIRECTION('center_axis',(1.,2.96059473233378E-15,-3.1720657846433E-16));
#15170=DIRECTION('ref_axis',(2.96059473233378E-15,-1.,-9.42486147217467E-31));
#15171=DIRECTION('',(-3.1720657846433E-16,0.,-1.));
#15172=DIRECTION('center_axis',(-4.90029472938E-16,-1.,1.55440572457342E-31));
#15173=DIRECTION('ref_axis',(-1.,4.90029472938E-16,3.1834351960578E-16));
#15174=DIRECTION('',(-3.1720657846433E-16,0.,-1.));
#15175=DIRECTION('center_axis',(-1.,8.88178419700113E-15,3.1720657846433E-16));
#15176=DIRECTION('ref_axis',(8.88178419700113E-15,1.,-2.82745844165233E-30));
#15177=DIRECTION('center_axis',(-1.,1.77635683940027E-14,3.1720657846433E-16));
#15178=DIRECTION('ref_axis',(1.77635683940027E-14,1.,-5.6549168833048E-30));
#15179=DIRECTION('',(-3.1720657846433E-16,0.,-1.));
#15180=DIRECTION('center_axis',(-3.1720657846433E-16,0.,-1.));
#15181=DIRECTION('ref_axis',(-1.,0.,3.1720657846433E-16));
#15182=DIRECTION('',(0.,1.,0.));
#15183=DIRECTION('',(-1.,4.90029472938E-16,3.1834351960578E-16));
#15184=DIRECTION('',(0.,-1.,0.));
#15185=DIRECTION('center_axis',(-4.90029472938E-16,-1.,1.55440572457342E-31));
#15186=DIRECTION('ref_axis',(-1.,4.90029472938E-16,3.1834351960578E-16));
#15187=DIRECTION('',(-3.94745964311167E-16,3.48877729293146E-31,1.));
#15188=DIRECTION('',(0.,-1.55440572457342E-31,-1.));
#15189=DIRECTION('center_axis',(4.90029472938E-16,1.,-1.55440572457342E-31));
#15190=DIRECTION('ref_axis',(1.,-4.90029472938E-16,-3.1834351960578E-16));
#15191=DIRECTION('',(-3.1720657846433E-16,0.,-1.));
#15192=DIRECTION('',(-3.1720657846433E-16,0.,-1.));
#15193=DIRECTION('center_axis',(1.,2.96059473233378E-15,-3.1720657846433E-16));
#15194=DIRECTION('ref_axis',(2.96059473233378E-15,-1.,-9.42486147217467E-31));
#15195=DIRECTION('',(-3.1720657846433E-16,0.,-1.));
#15196=DIRECTION('center_axis',(-4.90029472938E-16,-1.,1.55440572457342E-31));
#15197=DIRECTION('ref_axis',(-1.,4.90029472938E-16,3.1834351960578E-16));
#15198=DIRECTION('',(-3.1720657846433E-16,0.,-1.));
#15199=DIRECTION('center_axis',(-1.,8.88178419700113E-15,3.1720657846433E-16));
#15200=DIRECTION('ref_axis',(8.88178419700113E-15,1.,-2.82745844165233E-30));
#15201=DIRECTION('center_axis',(-1.,1.77635683940027E-14,3.1720657846433E-16));
#15202=DIRECTION('ref_axis',(1.77635683940027E-14,1.,-5.6549168833048E-30));
#15203=DIRECTION('',(-3.1720657846433E-16,0.,-1.));
#15204=DIRECTION('center_axis',(-3.1720657846433E-16,0.,-1.));
#15205=DIRECTION('ref_axis',(-1.,0.,3.1720657846433E-16));
#15206=DIRECTION('',(0.,1.,0.));
#15207=DIRECTION('',(-1.,4.90029472938E-16,3.1834351960578E-16));
#15208=DIRECTION('',(0.,-1.,0.));
#15209=DIRECTION('center_axis',(-4.90029472938E-16,-1.,1.55440572457342E-31));
#15210=DIRECTION('ref_axis',(-1.,4.90029472938E-16,3.1834351960578E-16));
#15211=DIRECTION('',(-3.94745964311167E-16,3.48877729293146E-31,1.));
#15212=DIRECTION('',(0.,-1.55440572457342E-31,-1.));
#15213=DIRECTION('center_axis',(4.90029472938E-16,1.,-1.55440572457342E-31));
#15214=DIRECTION('ref_axis',(1.,-4.90029472938E-16,-3.1834351960578E-16));
#15215=DIRECTION('',(-3.1720657846433E-16,0.,-1.));
#15216=DIRECTION('',(-3.1720657846433E-16,0.,-1.));
#15217=DIRECTION('center_axis',(1.,2.96059473233378E-15,-3.1720657846433E-16));
#15218=DIRECTION('ref_axis',(2.96059473233378E-15,-1.,-9.42486147217467E-31));
#15219=DIRECTION('',(-3.1720657846433E-16,0.,-1.));
#15220=DIRECTION('center_axis',(-4.90029472938E-16,-1.,1.55440572457342E-31));
#15221=DIRECTION('ref_axis',(-1.,4.90029472938E-16,3.1834351960578E-16));
#15222=DIRECTION('',(-3.1720657846433E-16,0.,-1.));
#15223=DIRECTION('center_axis',(-1.,8.88178419700113E-15,3.1720657846433E-16));
#15224=DIRECTION('ref_axis',(8.88178419700113E-15,1.,-2.82745844165233E-30));
#15225=DIRECTION('center_axis',(-1.,1.77635683940027E-14,3.1720657846433E-16));
#15226=DIRECTION('ref_axis',(1.77635683940027E-14,1.,-5.6549168833048E-30));
#15227=DIRECTION('',(-3.1720657846433E-16,0.,-1.));
#15228=DIRECTION('center_axis',(-3.1720657846433E-16,0.,-1.));
#15229=DIRECTION('ref_axis',(-1.,0.,3.1720657846433E-16));
#15230=DIRECTION('',(0.,1.,0.));
#15231=DIRECTION('',(-1.,4.90029472938E-16,3.1834351960578E-16));
#15232=DIRECTION('',(0.,-1.,0.));
#15233=DIRECTION('center_axis',(-4.90029472938E-16,-1.,1.55440572457342E-31));
#15234=DIRECTION('ref_axis',(-1.,4.90029472938E-16,3.1834351960578E-16));
#15235=DIRECTION('',(-3.94745964311167E-16,3.48877729293146E-31,1.));
#15236=DIRECTION('',(0.,-1.55440572457342E-31,-1.));
#15237=DIRECTION('center_axis',(4.90029472938E-16,1.,-1.55440572457342E-31));
#15238=DIRECTION('ref_axis',(1.,-4.90029472938E-16,-3.1834351960578E-16));
#15239=DIRECTION('',(-3.1720657846433E-16,0.,-1.));
#15240=DIRECTION('',(-3.1720657846433E-16,0.,-1.));
#15241=DIRECTION('center_axis',(1.,2.96059473233378E-15,-3.1720657846433E-16));
#15242=DIRECTION('ref_axis',(2.96059473233378E-15,-1.,-9.42486147217467E-31));
#15243=DIRECTION('',(-3.1720657846433E-16,0.,-1.));
#15244=DIRECTION('center_axis',(-4.90029472938E-16,-1.,1.55440572457342E-31));
#15245=DIRECTION('ref_axis',(-1.,4.90029472938E-16,3.1834351960578E-16));
#15246=DIRECTION('',(-3.1720657846433E-16,0.,-1.));
#15247=DIRECTION('center_axis',(-1.,8.88178419700113E-15,3.1720657846433E-16));
#15248=DIRECTION('ref_axis',(8.88178419700113E-15,1.,-2.82745844165233E-30));
#15249=DIRECTION('center_axis',(-1.,1.77635683940027E-14,3.1720657846433E-16));
#15250=DIRECTION('ref_axis',(1.77635683940027E-14,1.,-5.6549168833048E-30));
#15251=DIRECTION('',(-3.1720657846433E-16,0.,-1.));
#15252=DIRECTION('center_axis',(-3.1720657846433E-16,0.,-1.));
#15253=DIRECTION('ref_axis',(-1.,0.,3.1720657846433E-16));
#15254=DIRECTION('',(0.,1.,0.));
#15255=DIRECTION('',(-1.,4.90029472938E-16,3.1834351960578E-16));
#15256=DIRECTION('',(0.,-1.,0.));
#15257=DIRECTION('center_axis',(-4.90029472938E-16,-1.,1.55440572457342E-31));
#15258=DIRECTION('ref_axis',(-1.,4.90029472938E-16,3.1834351960578E-16));
#15259=DIRECTION('',(-3.94745964311167E-16,3.48877729293146E-31,1.));
#15260=DIRECTION('',(0.,-1.55440572457342E-31,-1.));
#15261=DIRECTION('center_axis',(4.90029472938E-16,1.,-1.55440572457342E-31));
#15262=DIRECTION('ref_axis',(1.,-4.90029472938E-16,-3.1834351960578E-16));
#15263=DIRECTION('',(-3.1720657846433E-16,0.,-1.));
#15264=DIRECTION('',(-3.1720657846433E-16,0.,-1.));
#15265=DIRECTION('center_axis',(1.,2.96059473233378E-15,-3.1720657846433E-16));
#15266=DIRECTION('ref_axis',(2.96059473233378E-15,-1.,-9.42486147217467E-31));
#15267=DIRECTION('',(-3.1720657846433E-16,0.,-1.));
#15268=DIRECTION('center_axis',(-4.90029472938E-16,-1.,1.55440572457342E-31));
#15269=DIRECTION('ref_axis',(-1.,4.90029472938E-16,3.1834351960578E-16));
#15270=DIRECTION('',(-3.1720657846433E-16,0.,-1.));
#15271=DIRECTION('center_axis',(-1.,8.88178419700113E-15,3.1720657846433E-16));
#15272=DIRECTION('ref_axis',(8.88178419700113E-15,1.,-2.82745844165233E-30));
#15273=DIRECTION('center_axis',(-1.,1.77635683940027E-14,3.1720657846433E-16));
#15274=DIRECTION('ref_axis',(1.77635683940027E-14,1.,-5.6549168833048E-30));
#15275=DIRECTION('',(-3.1720657846433E-16,0.,-1.));
#15276=DIRECTION('center_axis',(-3.1720657846433E-16,0.,-1.));
#15277=DIRECTION('ref_axis',(-1.,0.,3.1720657846433E-16));
#15278=DIRECTION('',(0.,1.,0.));
#15279=DIRECTION('',(-1.,4.90029472938E-16,3.1834351960578E-16));
#15280=DIRECTION('',(0.,-1.,0.));
#15281=DIRECTION('center_axis',(-4.90029472938E-16,-1.,1.55440572457342E-31));
#15282=DIRECTION('ref_axis',(-1.,4.90029472938E-16,3.1834351960578E-16));
#15283=DIRECTION('',(-3.94745964311167E-16,3.48877729293146E-31,1.));
#15284=DIRECTION('',(0.,-1.55440572457342E-31,-1.));
#15285=DIRECTION('center_axis',(4.90029472938E-16,1.,-1.55440572457342E-31));
#15286=DIRECTION('ref_axis',(1.,-4.90029472938E-16,-3.1834351960578E-16));
#15287=DIRECTION('',(-3.1720657846433E-16,0.,-1.));
#15288=DIRECTION('',(-3.1720657846433E-16,0.,-1.));
#15289=DIRECTION('center_axis',(1.,2.96059473233378E-15,-3.1720657846433E-16));
#15290=DIRECTION('ref_axis',(2.96059473233378E-15,-1.,-9.42486147217467E-31));
#15291=DIRECTION('',(-3.1720657846433E-16,0.,-1.));
#15292=DIRECTION('center_axis',(-4.90029472938E-16,-1.,1.55440572457342E-31));
#15293=DIRECTION('ref_axis',(-1.,4.90029472938E-16,3.1834351960578E-16));
#15294=DIRECTION('',(-3.1720657846433E-16,0.,-1.));
#15295=DIRECTION('center_axis',(-1.,8.88178419700113E-15,3.1720657846433E-16));
#15296=DIRECTION('ref_axis',(8.88178419700113E-15,1.,-2.82745844165233E-30));
#15297=DIRECTION('center_axis',(-1.,1.77635683940027E-14,3.1720657846433E-16));
#15298=DIRECTION('ref_axis',(1.77635683940027E-14,1.,-5.6549168833048E-30));
#15299=DIRECTION('',(-3.1720657846433E-16,0.,-1.));
#15300=DIRECTION('center_axis',(-3.1720657846433E-16,0.,-1.));
#15301=DIRECTION('ref_axis',(-1.,0.,3.1720657846433E-16));
#15302=DIRECTION('',(0.,1.,0.));
#15303=DIRECTION('',(-1.,4.90029472938E-16,3.1834351960578E-16));
#15304=DIRECTION('',(0.,-1.,0.));
#15305=DIRECTION('center_axis',(-4.90029472938E-16,-1.,1.55440572457342E-31));
#15306=DIRECTION('ref_axis',(-1.,4.90029472938E-16,3.1834351960578E-16));
#15307=DIRECTION('',(-3.94745964311167E-16,3.48877729293146E-31,1.));
#15308=DIRECTION('',(0.,-1.55440572457342E-31,-1.));
#15309=DIRECTION('center_axis',(4.90029472938E-16,1.,-1.55440572457342E-31));
#15310=DIRECTION('ref_axis',(1.,-4.90029472938E-16,-3.1834351960578E-16));
#15311=DIRECTION('',(-3.1720657846433E-16,0.,-1.));
#15312=DIRECTION('',(-3.1720657846433E-16,0.,-1.));
#15313=DIRECTION('center_axis',(1.,2.96059473233378E-15,-3.1720657846433E-16));
#15314=DIRECTION('ref_axis',(2.96059473233378E-15,-1.,-9.42486147217467E-31));
#15315=DIRECTION('',(-3.1720657846433E-16,0.,-1.));
#15316=DIRECTION('center_axis',(-4.90029472938E-16,-1.,1.55440572457342E-31));
#15317=DIRECTION('ref_axis',(-1.,4.90029472938E-16,3.1834351960578E-16));
#15318=DIRECTION('',(-3.1720657846433E-16,0.,-1.));
#15319=DIRECTION('center_axis',(-1.,8.88178419700113E-15,3.1720657846433E-16));
#15320=DIRECTION('ref_axis',(8.88178419700113E-15,1.,-2.82745844165233E-30));
#15321=DIRECTION('center_axis',(-1.,1.77635683940027E-14,3.1720657846433E-16));
#15322=DIRECTION('ref_axis',(1.77635683940027E-14,1.,-5.6549168833048E-30));
#15323=DIRECTION('',(-3.1720657846433E-16,0.,-1.));
#15324=DIRECTION('center_axis',(-3.1720657846433E-16,0.,-1.));
#15325=DIRECTION('ref_axis',(-1.,0.,3.1720657846433E-16));
#15326=DIRECTION('',(0.,1.,0.));
#15327=DIRECTION('',(-1.,4.90029472938E-16,3.1834351960578E-16));
#15328=DIRECTION('',(0.,-1.,0.));
#15329=DIRECTION('center_axis',(-4.90029472938E-16,-1.,1.55440572457342E-31));
#15330=DIRECTION('ref_axis',(-1.,4.90029472938E-16,3.1834351960578E-16));
#15331=DIRECTION('',(-3.94745964311167E-16,3.48877729293146E-31,1.));
#15332=DIRECTION('',(0.,-1.55440572457342E-31,-1.));
#15333=DIRECTION('center_axis',(4.90029472938E-16,1.,-1.55440572457342E-31));
#15334=DIRECTION('ref_axis',(1.,-4.90029472938E-16,-3.1834351960578E-16));
#15335=DIRECTION('',(-3.1720657846433E-16,0.,-1.));
#15336=DIRECTION('',(-3.1720657846433E-16,0.,-1.));
#15337=DIRECTION('center_axis',(1.,2.96059473233378E-15,-3.1720657846433E-16));
#15338=DIRECTION('ref_axis',(2.96059473233378E-15,-1.,-9.42486147217467E-31));
#15339=DIRECTION('',(-3.1720657846433E-16,0.,-1.));
#15340=DIRECTION('center_axis',(-4.90029472938E-16,-1.,1.55440572457342E-31));
#15341=DIRECTION('ref_axis',(-1.,4.90029472938E-16,3.1834351960578E-16));
#15342=DIRECTION('',(-3.1720657846433E-16,0.,-1.));
#15343=DIRECTION('center_axis',(-1.,8.88178419700113E-15,3.1720657846433E-16));
#15344=DIRECTION('ref_axis',(8.88178419700113E-15,1.,-2.82745844165233E-30));
#15345=DIRECTION('center_axis',(-1.,1.77635683940027E-14,3.1720657846433E-16));
#15346=DIRECTION('ref_axis',(1.77635683940027E-14,1.,-5.6549168833048E-30));
#15347=DIRECTION('center_axis',(-3.1720657846433E-16,0.,-1.));
#15348=DIRECTION('ref_axis',(-1.,0.,3.1720657846433E-16));
#15349=DIRECTION('',(0.,1.,0.));
#15350=DIRECTION('',(0.,-1.,0.));
#15351=DIRECTION('center_axis',(4.90029472938E-16,1.,-1.55440572457342E-31));
#15352=DIRECTION('ref_axis',(1.,-4.90029472938E-16,-3.1834351960578E-16));
#15353=DIRECTION('',(-3.1720657846433E-16,0.,-1.));
#15354=DIRECTION('',(-3.1720657846433E-16,0.,-1.));
#15355=DIRECTION('center_axis',(1.,2.96059473233378E-15,-3.1720657846433E-16));
#15356=DIRECTION('ref_axis',(2.96059473233378E-15,-1.,-9.42486147217467E-31));
#15357=DIRECTION('',(-3.1720657846433E-16,0.,-1.));
#15358=DIRECTION('center_axis',(-4.90029472938E-16,-1.,1.55440572457342E-31));
#15359=DIRECTION('ref_axis',(-1.,4.90029472938E-16,3.1834351960578E-16));
#15360=DIRECTION('',(-3.1720657846433E-16,0.,-1.));
#15361=DIRECTION('center_axis',(-1.,8.88178419700113E-15,3.1720657846433E-16));
#15362=DIRECTION('ref_axis',(8.88178419700113E-15,1.,-2.82745844165233E-30));
#15363=DIRECTION('center_axis',(-1.8947806286936E-15,-1.,4.80829504134712E-31));
#15364=DIRECTION('ref_axis',(-1.,1.8947806286936E-15,3.1834351960578E-16));
#15365=DIRECTION('',(-2.53765262771464E-16,0.,-1.));
#15366=DIRECTION('',(-2.53765262771464E-16,0.,-1.));
#15367=DIRECTION('center_axis',(-1.,0.,2.53765262771464E-16));
#15368=DIRECTION('ref_axis',(0.,1.,0.));
#15369=DIRECTION('',(-2.53765262771464E-16,0.,-1.));
#15370=DIRECTION('center_axis',(-1.4210854715202E-15,1.,3.60622128101034E-31));
#15371=DIRECTION('ref_axis',(1.,1.4210854715202E-15,-3.1834351960578E-16));
#15372=DIRECTION('',(-2.53765262771464E-16,0.,-1.));
#15373=DIRECTION('center_axis',(1.,-7.40148683083357E-15,-2.53765262771464E-16));
#15374=DIRECTION('ref_axis',(-7.40148683083357E-15,-1.,2.35621536804339E-30));
#15375=DIRECTION('center_axis',(-1.8947806286936E-15,-1.,4.80829504134712E-31));
#15376=DIRECTION('ref_axis',(-1.,1.8947806286936E-15,3.1834351960578E-16));
#15377=DIRECTION('',(-2.53765262771464E-16,0.,-1.));
#15378=DIRECTION('',(-2.53765262771464E-16,0.,-1.));
#15379=DIRECTION('center_axis',(-1.,0.,2.53765262771464E-16));
#15380=DIRECTION('ref_axis',(0.,1.,0.));
#15381=DIRECTION('',(-2.53765262771464E-16,0.,-1.));
#15382=DIRECTION('center_axis',(-1.4210854715202E-15,1.,3.60622128101034E-31));
#15383=DIRECTION('ref_axis',(1.,1.4210854715202E-15,-3.1834351960578E-16));
#15384=DIRECTION('',(-2.53765262771464E-16,0.,-1.));
#15385=DIRECTION('center_axis',(1.,-7.40148683083357E-15,-2.53765262771464E-16));
#15386=DIRECTION('ref_axis',(-7.40148683083357E-15,-1.,2.35621536804339E-30));
#15387=DIRECTION('center_axis',(-1.8947806286936E-15,-1.,4.80829504134712E-31));
#15388=DIRECTION('ref_axis',(-1.,1.8947806286936E-15,3.1834351960578E-16));
#15389=DIRECTION('',(-2.53765262771464E-16,0.,-1.));
#15390=DIRECTION('',(-2.53765262771464E-16,0.,-1.));
#15391=DIRECTION('center_axis',(-1.,0.,2.53765262771464E-16));
#15392=DIRECTION('ref_axis',(0.,1.,0.));
#15393=DIRECTION('',(-2.53765262771464E-16,0.,-1.));
#15394=DIRECTION('center_axis',(-1.4210854715202E-15,1.,3.60622128101034E-31));
#15395=DIRECTION('ref_axis',(1.,1.4210854715202E-15,-3.1834351960578E-16));
#15396=DIRECTION('',(-2.53765262771464E-16,0.,-1.));
#15397=DIRECTION('center_axis',(1.,-7.40148683083357E-15,-2.53765262771464E-16));
#15398=DIRECTION('ref_axis',(-7.40148683083357E-15,-1.,2.35621536804339E-30));
#15399=DIRECTION('center_axis',(-1.8947806286936E-15,-1.,4.80829504134712E-31));
#15400=DIRECTION('ref_axis',(-1.,1.8947806286936E-15,3.1834351960578E-16));
#15401=DIRECTION('',(-2.53765262771464E-16,0.,-1.));
#15402=DIRECTION('',(-2.53765262771464E-16,0.,-1.));
#15403=DIRECTION('center_axis',(-1.,0.,2.53765262771464E-16));
#15404=DIRECTION('ref_axis',(0.,1.,0.));
#15405=DIRECTION('',(-2.53765262771464E-16,0.,-1.));
#15406=DIRECTION('center_axis',(-1.4210854715202E-15,1.,3.60622128101034E-31));
#15407=DIRECTION('ref_axis',(1.,1.4210854715202E-15,-3.1834351960578E-16));
#15408=DIRECTION('',(-2.53765262771464E-16,0.,-1.));
#15409=DIRECTION('center_axis',(1.,-7.40148683083357E-15,-2.53765262771464E-16));
#15410=DIRECTION('ref_axis',(-7.40148683083357E-15,-1.,2.35621536804339E-30));
#15411=DIRECTION('center_axis',(-1.8947806286936E-15,-1.,4.80829504134712E-31));
#15412=DIRECTION('ref_axis',(-1.,1.8947806286936E-15,3.1834351960578E-16));
#15413=DIRECTION('',(-2.53765262771464E-16,0.,-1.));
#15414=DIRECTION('',(-2.53765262771464E-16,0.,-1.));
#15415=DIRECTION('center_axis',(-1.,0.,2.53765262771464E-16));
#15416=DIRECTION('ref_axis',(0.,1.,0.));
#15417=DIRECTION('',(-2.53765262771464E-16,0.,-1.));
#15418=DIRECTION('center_axis',(-1.4210854715202E-15,1.,3.60622128101034E-31));
#15419=DIRECTION('ref_axis',(1.,1.4210854715202E-15,-3.1834351960578E-16));
#15420=DIRECTION('',(-2.53765262771464E-16,0.,-1.));
#15421=DIRECTION('center_axis',(1.,-7.40148683083357E-15,-2.53765262771464E-16));
#15422=DIRECTION('ref_axis',(-7.40148683083357E-15,-1.,2.35621536804339E-30));
#15423=DIRECTION('center_axis',(0.,1.,0.));
#15424=DIRECTION('ref_axis',(0.,0.,1.));
#15425=DIRECTION('',(3.94745964311167E-16,0.,-1.));
#15426=DIRECTION('',(0.,0.,1.));
#15427=DIRECTION('',(0.,0.,-1.));
#15428=DIRECTION('center_axis',(-1.,0.,0.));
#15429=DIRECTION('ref_axis',(0.,0.,-1.));
#15430=DIRECTION('',(0.,0.,-1.));
#15431=DIRECTION('',(0.,1.,0.));
#15432=DIRECTION('',(0.,0.,1.));
#15433=DIRECTION('center_axis',(-1.,0.,0.));
#15434=DIRECTION('ref_axis',(0.,0.,-1.));
#15435=DIRECTION('',(0.,0.,-1.));
#15436=DIRECTION('',(0.,0.,1.));
#15437=DIRECTION('',(0.,-1.,0.));
#15438=DIRECTION('center_axis',(0.,0.,-1.));
#15439=DIRECTION('ref_axis',(1.,0.,0.));
#15440=DIRECTION('',(1.,0.,0.));
#15441=DIRECTION('',(-1.,0.,0.));
#15442=DIRECTION('',(0.,-1.,0.));
#15443=DIRECTION('center_axis',(-1.,0.,0.));
#15444=DIRECTION('ref_axis',(0.,0.,-1.));
#15445=DIRECTION('',(0.,0.,-1.));
#15446=DIRECTION('',(0.,0.,1.));
#15447=DIRECTION('',(0.,-1.,0.));
#15448=DIRECTION('center_axis',(1.11022302462516E-15,0.,-1.));
#15449=DIRECTION('ref_axis',(1.,0.,1.11022302462516E-15));
#15450=DIRECTION('',(1.,0.,1.11022302462516E-15));
#15451=DIRECTION('',(-1.,0.,-1.11022302462516E-15));
#15452=DIRECTION('center_axis',(0.,-1.,0.));
#15453=DIRECTION('ref_axis',(-1.,0.,0.));
#15454=DIRECTION('center_axis',(0.,-1.,0.));
#15455=DIRECTION('ref_axis',(-1.,0.,0.));
#15456=DIRECTION('center_axis',(0.,-1.,0.));
#15457=DIRECTION('ref_axis',(-1.,0.,0.));
#15458=DIRECTION('center_axis',(0.,-1.,0.));
#15459=DIRECTION('ref_axis',(-1.,0.,0.));
#15460=DIRECTION('center_axis',(0.,-1.,0.));
#15461=DIRECTION('ref_axis',(-1.,0.,0.));
#15462=DIRECTION('',(-1.,0.,0.));
#15463=DIRECTION('',(0.,0.,1.));
#15464=DIRECTION('',(0.,0.,-1.));
#15465=DIRECTION('center_axis',(0.,-1.,0.));
#15466=DIRECTION('ref_axis',(-1.,0.,0.));
#15467=DIRECTION('center_axis',(0.,-1.,0.));
#15468=DIRECTION('ref_axis',(-1.,0.,0.));
#15469=DIRECTION('center_axis',(0.,-1.,0.));
#15470=DIRECTION('ref_axis',(-1.,0.,0.));
#15471=DIRECTION('center_axis',(0.,-1.,0.));
#15472=DIRECTION('ref_axis',(-1.,0.,0.));
#15473=DIRECTION('center_axis',(0.,-1.,0.));
#15474=DIRECTION('ref_axis',(-1.,0.,0.));
#15475=DIRECTION('center_axis',(0.,1.,0.));
#15476=DIRECTION('ref_axis',(-1.,0.,0.));
#15477=DIRECTION('',(0.,1.,0.));
#15478=DIRECTION('center_axis',(0.,-1.,0.));
#15479=DIRECTION('ref_axis',(-1.,0.,0.));
#15480=DIRECTION('center_axis',(0.,1.,0.));
#15481=DIRECTION('ref_axis',(-1.,0.,0.));
#15482=DIRECTION('',(0.,1.,0.));
#15483=DIRECTION('center_axis',(0.,-1.,0.));
#15484=DIRECTION('ref_axis',(-1.,0.,0.));
#15485=DIRECTION('center_axis',(0.,1.,0.));
#15486=DIRECTION('ref_axis',(-1.,0.,0.));
#15487=DIRECTION('',(0.,1.,0.));
#15488=DIRECTION('center_axis',(0.,-1.,0.));
#15489=DIRECTION('ref_axis',(-1.,0.,0.));
#15490=DIRECTION('center_axis',(0.,1.,0.));
#15491=DIRECTION('ref_axis',(-1.,0.,0.));
#15492=DIRECTION('',(0.,1.,0.));
#15493=DIRECTION('center_axis',(0.,-1.,0.));
#15494=DIRECTION('ref_axis',(-1.,0.,0.));
#15495=DIRECTION('center_axis',(0.,1.,0.));
#15496=DIRECTION('ref_axis',(-1.,0.,0.));
#15497=DIRECTION('',(0.,1.,0.));
#15498=DIRECTION('center_axis',(0.,-1.,0.));
#15499=DIRECTION('ref_axis',(-1.,0.,0.));
#15500=DIRECTION('center_axis',(0.,1.,0.));
#15501=DIRECTION('ref_axis',(-1.,0.,0.));
#15502=DIRECTION('',(0.,1.,0.));
#15503=DIRECTION('center_axis',(0.,-1.,0.));
#15504=DIRECTION('ref_axis',(-1.,0.,0.));
#15505=DIRECTION('center_axis',(0.,1.,0.));
#15506=DIRECTION('ref_axis',(-1.,0.,0.));
#15507=DIRECTION('',(0.,1.,0.));
#15508=DIRECTION('center_axis',(1.,0.,3.94745964311167E-16));
#15509=DIRECTION('ref_axis',(-3.94745964311167E-16,0.,1.));
#15510=DIRECTION('',(-3.94745964311167E-16,0.,1.));
#15511=DIRECTION('center_axis',(-1.,0.,0.));
#15512=DIRECTION('ref_axis',(0.,0.,1.));
#15513=DIRECTION('',(0.,0.,-1.));
#15514=DIRECTION('center_axis',(-1.,0.,0.));
#15515=DIRECTION('ref_axis',(0.,0.,-1.));
#15516=DIRECTION('',(0.,0.,-1.));
#15517=DIRECTION('',(0.,1.,0.));
#15518=DIRECTION('center_axis',(0.,0.,-1.));
#15519=DIRECTION('ref_axis',(1.,0.,0.));
#15520=DIRECTION('',(1.,0.,0.));
#15521=DIRECTION('',(0.,-1.,0.));
#15522=DIRECTION('center_axis',(1.,0.,0.));
#15523=DIRECTION('ref_axis',(0.,0.,1.));
#15524=DIRECTION('',(0.,0.,1.));
#15525=DIRECTION('center_axis',(0.,-1.,0.));
#15526=DIRECTION('ref_axis',(0.,0.,-1.));
#15527=DIRECTION('center_axis',(0.,0.,-1.));
#15528=DIRECTION('ref_axis',(-1.,0.,0.));
#15529=DIRECTION('',(1.,0.,0.));
#15530=DIRECTION('',(0.,1.,0.));
#15531=DIRECTION('',(-1.,0.,0.));
#15532=DIRECTION('',(0.,1.,0.));
#15533=DIRECTION('center_axis',(1.,0.,0.));
#15534=DIRECTION('ref_axis',(0.,0.,-1.));
#15535=DIRECTION('',(0.,0.,1.));
#15536=DIRECTION('',(0.,0.,-1.));
#15537=DIRECTION('',(0.,1.,0.));
#15538=DIRECTION('center_axis',(0.,0.,1.));
#15539=DIRECTION('ref_axis',(1.,0.,0.));
#15540=DIRECTION('',(-1.,0.,0.));
#15541=DIRECTION('',(1.,0.,0.));
#15542=DIRECTION('',(0.,1.,0.));
#15543=DIRECTION('center_axis',(-1.,0.,0.));
#15544=DIRECTION('ref_axis',(0.,0.,1.));
#15545=DIRECTION('',(0.,0.,-1.));
#15546=DIRECTION('',(0.,0.,1.));
#15547=DIRECTION('center_axis',(0.,1.,0.));
#15548=DIRECTION('ref_axis',(0.,0.,1.));
#15549=DIRECTION('center_axis',(-1.,0.,0.));
#15550=DIRECTION('ref_axis',(0.,0.,1.));
#15551=DIRECTION('',(0.,-1.,0.));
#15552=DIRECTION('',(0.,0.,-1.));
#15553=DIRECTION('',(0.,1.,0.));
#15554=DIRECTION('',(0.,0.,1.));
#15555=DIRECTION('center_axis',(1.,0.,0.));
#15556=DIRECTION('ref_axis',(0.,1.,0.));
#15557=DIRECTION('center_axis',(1.,0.,0.));
#15558=DIRECTION('ref_axis',(0.,1.,0.));
#15559=DIRECTION('center_axis',(1.,0.,0.));
#15560=DIRECTION('ref_axis',(0.,1.,0.));
#15561=DIRECTION('center_axis',(-1.,0.,0.));
#15562=DIRECTION('ref_axis',(0.,0.,1.));
#15563=DIRECTION('',(0.,1.,0.));
#15564=DIRECTION('',(0.,0.,-1.));
#15565=DIRECTION('',(0.,1.,0.));
#15566=DIRECTION('',(0.,0.,-1.));
#15567=DIRECTION('',(0.,-1.,0.));
#15568=DIRECTION('',(0.,0.,1.));
#15569=DIRECTION('center_axis',(1.,0.,0.));
#15570=DIRECTION('ref_axis',(0.,1.,0.));
#15571=DIRECTION('center_axis',(1.,0.,0.));
#15572=DIRECTION('ref_axis',(0.,1.,0.));
#15573=DIRECTION('center_axis',(1.,0.,0.));
#15574=DIRECTION('ref_axis',(0.,1.,0.));
#15575=DIRECTION('center_axis',(0.,-1.,0.));
#15576=DIRECTION('ref_axis',(-0.70710678118654,0.,0.707106781186555));
#15577=DIRECTION('center_axis',(0.,1.,0.));
#15578=DIRECTION('ref_axis',(-0.70710678118654,0.,0.707106781186555));
#15579=DIRECTION('',(0.,-1.,0.));
#15580=DIRECTION('center_axis',(0.,-1.,0.));
#15581=DIRECTION('ref_axis',(-0.70710678118654,0.,0.707106781186555));
#15582=DIRECTION('',(0.,1.,0.));
#15583=DIRECTION('center_axis',(-1.70803542250024E-16,0.,1.));
#15584=DIRECTION('ref_axis',(-1.,0.,-1.70803542250024E-16));
#15585=DIRECTION('',(-1.,0.,-1.70803542250024E-16));
#15586=DIRECTION('',(-1.,0.,-1.70803542250024E-16));
#15587=DIRECTION('',(1.,0.,1.70803542250024E-16));
#15588=DIRECTION('',(0.,1.,0.));
#15589=DIRECTION('',(1.,0.,1.70803542250024E-16));
#15590=DIRECTION('center_axis',(-1.,0.,0.));
#15591=DIRECTION('ref_axis',(0.,0.,-1.));
#15592=DIRECTION('',(0.,0.,1.));
#15593=DIRECTION('',(0.,-1.,0.));
#15594=DIRECTION('',(0.,0.,-1.));
#15595=DIRECTION('center_axis',(0.,-1.,0.));
#15596=DIRECTION('ref_axis',(1.,0.,0.));
#15597=DIRECTION('',(1.,0.,-3.20642028772608E-16));
#15598=DIRECTION('',(6.17863248487043E-16,0.,1.));
#15599=DIRECTION('',(1.,0.,4.44089209850065E-15));
#15600=DIRECTION('',(-1.,0.,0.));
#15601=DIRECTION('',(1.77635683940025E-15,0.,1.));
#15602=DIRECTION('',(-1.,0.,6.83214169000096E-16));
#15603=DIRECTION('',(-1.77635683940025E-15,0.,-1.));
#15604=DIRECTION('',(1.,0.,-3.41607084500048E-16));
#15605=DIRECTION('center_axis',(0.,-1.,0.));
#15606=DIRECTION('ref_axis',(1.,0.,0.));
#15607=DIRECTION('center_axis',(0.,-1.,0.));
#15608=DIRECTION('ref_axis',(0.,0.,-1.));
#15609=DIRECTION('center_axis',(0.,-1.,0.));
#15610=DIRECTION('ref_axis',(0.,0.,-1.));
#15611=DIRECTION('center_axis',(0.,-1.,0.));
#15612=DIRECTION('ref_axis',(1.,0.,0.));
#15613=DIRECTION('center_axis',(-3.20642028772608E-16,0.,-1.));
#15614=DIRECTION('ref_axis',(1.,0.,-3.20642028772608E-16));
#15615=DIRECTION('',(1.,0.,-3.20642028772608E-16));
#15616=DIRECTION('',(0.,-1.,0.));
#15617=DIRECTION('center_axis',(0.,-1.,0.));
#15618=DIRECTION('ref_axis',(0.,0.,-1.));
#15619=DIRECTION('',(1.3356066461656E-16,0.,1.));
#15620=DIRECTION('',(1.,0.,4.44089209850065E-15));
#15621=DIRECTION('',(6.17863248487043E-16,0.,1.));
#15622=DIRECTION('center_axis',(0.,1.,0.));
#15623=DIRECTION('ref_axis',(1.,0.,0.));
#15624=DIRECTION('',(-1.77635683940025E-15,0.,-1.));
#15625=DIRECTION('',(-1.,0.,3.41607084500048E-16));
#15626=DIRECTION('',(1.77635683940025E-15,0.,1.));
#15627=DIRECTION('',(1.,0.,-6.83214169000096E-16));
#15628=DIRECTION('center_axis',(0.,1.,0.));
#15629=DIRECTION('ref_axis',(0.,0.,-1.));
#15630=DIRECTION('center_axis',(0.,1.,0.));
#15631=DIRECTION('ref_axis',(0.,0.,-1.));
#15632=DIRECTION('center_axis',(0.,1.,0.));
#15633=DIRECTION('ref_axis',(1.,0.,0.));
#15634=DIRECTION('center_axis',(0.,1.,0.));
#15635=DIRECTION('ref_axis',(1.,0.,0.));
#15636=DIRECTION('',(0.,1.,0.));
#15637=DIRECTION('center_axis',(0.,-1.,0.));
#15638=DIRECTION('ref_axis',(0.,0.,-1.));
#15639=DIRECTION('',(-8.65956056235493E-17,0.707106781186547,-0.707106781186547));
#15640=DIRECTION('center_axis',(0.,-1.,0.));
#15641=DIRECTION('ref_axis',(0.,0.,-1.));
#15642=DIRECTION('',(-8.65956056235493E-17,0.707106781186547,-0.707106781186547));
#15643=DIRECTION('center_axis',(0.,1.,0.));
#15644=DIRECTION('ref_axis',(1.,0.,0.));
#15645=DIRECTION('center_axis',(0.,1.,0.));
#15646=DIRECTION('ref_axis',(1.,0.,0.));
#15647=DIRECTION('',(0.,-1.,0.));
#15648=DIRECTION('center_axis',(0.,-1.,0.));
#15649=DIRECTION('ref_axis',(1.,0.,0.));
#15650=DIRECTION('center_axis',(0.,-1.,0.));
#15651=DIRECTION('ref_axis',(1.,0.,0.));
#15652=DIRECTION('center_axis',(1.,0.,-1.77635683940025E-15));
#15653=DIRECTION('ref_axis',(1.77635683940025E-15,0.,1.));
#15654=DIRECTION('',(0.,-1.,0.));
#15655=DIRECTION('',(0.,-1.,0.));
#15656=DIRECTION('center_axis',(-3.41607084500048E-16,0.,-1.));
#15657=DIRECTION('ref_axis',(1.,0.,-3.41607084500048E-16));
#15658=DIRECTION('',(0.,-1.,0.));
#15659=DIRECTION('center_axis',(-1.,0.,1.77635683940025E-15));
#15660=DIRECTION('ref_axis',(-1.77635683940025E-15,0.,-1.));
#15661=DIRECTION('',(0.,-1.,0.));
#15662=DIRECTION('center_axis',(6.83214169000096E-16,0.,1.));
#15663=DIRECTION('ref_axis',(-1.,0.,6.83214169000096E-16));
#15664=DIRECTION('center_axis',(0.,-1.,0.));
#15665=DIRECTION('ref_axis',(1.,0.,0.));
#15666=DIRECTION('',(0.,-1.,0.));
#15667=DIRECTION('center_axis',(0.,1.,0.));
#15668=DIRECTION('ref_axis',(0.,0.,1.));
#15669=DIRECTION('',(1.,0.,0.));
#15670=DIRECTION('center_axis',(-1.,0.,0.));
#15671=DIRECTION('ref_axis',(0.,1.,0.));
#15672=DIRECTION('',(-1.,0.,0.));
#15673=DIRECTION('center_axis',(-1.,0.,0.));
#15674=DIRECTION('ref_axis',(0.,1.,0.));
#15675=DIRECTION('',(-1.,0.,0.));
#15676=DIRECTION('center_axis',(-1.,0.,0.));
#15677=DIRECTION('ref_axis',(0.,1.,0.));
#15678=DIRECTION('',(-1.,0.,0.));
#15679=DIRECTION('center_axis',(0.,0.,1.));
#15680=DIRECTION('ref_axis',(1.,0.,0.));
#15681=DIRECTION('center_axis',(-1.,0.,1.3356066461656E-16));
#15682=DIRECTION('ref_axis',(1.3356066461656E-16,0.,1.));
#15683=DIRECTION('',(1.3356066461656E-16,0.,1.));
#15684=DIRECTION('',(0.,-1.,0.));
#15685=DIRECTION('center_axis',(0.,1.,0.));
#15686=DIRECTION('ref_axis',(0.,0.,1.));
#15687=DIRECTION('',(-1.,0.,-4.44089209850065E-15));
#15688=DIRECTION('center_axis',(-4.44089209850065E-15,0.,1.));
#15689=DIRECTION('ref_axis',(-1.,0.,-4.44089209850065E-15));
#15690=DIRECTION('',(0.,-1.,0.));
#15691=DIRECTION('center_axis',(-1.,0.,6.17863248487043E-16));
#15692=DIRECTION('ref_axis',(-6.17863248487043E-16,0.,-1.));
#15693=DIRECTION('center_axis',(0.,-1.,0.));
#15694=DIRECTION('ref_axis',(-0.707106781186554,0.,0.707106781186541));
#15695=DIRECTION('center_axis',(5.22488185652848E-16,1.,-1.32589351727181E-31));
#15696=DIRECTION('ref_axis',(-0.707106781186554,0.,0.707106781186541));
#15697=DIRECTION('',(0.,1.,0.));
#15698=DIRECTION('center_axis',(0.,-1.,0.));
#15699=DIRECTION('ref_axis',(-0.707106781186554,0.,0.707106781186541));
#15700=DIRECTION('',(0.,-1.,0.));
#15701=DIRECTION('center_axis',(0.,-1.,0.));
#15702=DIRECTION('ref_axis',(-1.,0.,3.1834351960578E-16));
#15703=DIRECTION('',(-1.,0.,3.1834351960578E-16));
#15704=DIRECTION('',(-2.53765262771464E-16,0.,-1.));
#15705=DIRECTION('',(1.,0.,0.));
#15706=DIRECTION('',(0.,0.,1.));
#15707=DIRECTION('',(-1.,0.,3.1834351960578E-16));
#15708=DIRECTION('',(-2.63163976207444E-16,0.,-1.));
#15709=DIRECTION('center_axis',(3.1834351960578E-16,0.,1.));
#15710=DIRECTION('ref_axis',(-1.,0.,3.1834351960578E-16));
#15711=DIRECTION('',(1.,-5.22488185652848E-16,-3.1834351960578E-16));
#15712=DIRECTION('',(0.,-1.,0.));
#15713=DIRECTION('',(-1.,0.,3.1834351960578E-16));
#15714=DIRECTION('',(0.,1.,0.));
#15715=DIRECTION('',(1.,-5.22488185652848E-16,-3.1834351960578E-16));
#15716=DIRECTION('',(0.,-1.,0.));
#15717=DIRECTION('',(-1.,0.,3.1834351960578E-16));
#15718=DIRECTION('',(0.,1.,0.));
#15719=DIRECTION('',(1.,-5.22488185652848E-16,-3.1834351960578E-16));
#15720=DIRECTION('',(0.,-1.,0.));
#15721=DIRECTION('',(-1.,0.,3.1834351960578E-16));
#15722=DIRECTION('',(0.,1.,0.));
#15723=DIRECTION('',(1.,-5.22488185652848E-16,-3.1834351960578E-16));
#15724=DIRECTION('',(0.,-1.,0.));
#15725=DIRECTION('',(-1.,0.,3.1834351960578E-16));
#15726=DIRECTION('',(0.,1.,0.));
#15727=DIRECTION('',(-1.,0.,3.1834351960578E-16));
#15728=DIRECTION('',(0.,1.,0.));
#15729=DIRECTION('',(1.,0.,-3.1834351960578E-16));
#15730=DIRECTION('',(0.,1.,0.));
#15731=DIRECTION('',(1.,-1.56737030282947E-15,-3.1834351960578E-16));
#15732=DIRECTION('',(0.,-1.,0.));
#15733=DIRECTION('',(-1.,1.04491353521965E-15,3.1834351960578E-16));
#15734=DIRECTION('',(0.,1.,0.));
#15735=DIRECTION('',(1.,-1.56737030282947E-15,-3.1834351960578E-16));
#15736=DIRECTION('',(0.,-1.,0.));
#15737=DIRECTION('',(-1.,1.04491353521965E-15,3.1834351960578E-16));
#15738=DIRECTION('',(0.,1.,0.));
#15739=DIRECTION('',(1.,-1.56737030282947E-15,-3.1834351960578E-16));
#15740=DIRECTION('',(0.,-1.,0.));
#15741=DIRECTION('',(-1.,1.04491353521965E-15,3.1834351960578E-16));
#15742=DIRECTION('',(0.,1.,0.));
#15743=DIRECTION('',(1.,-1.56737030282947E-15,-3.1834351960578E-16));
#15744=DIRECTION('',(0.,-1.,0.));
#15745=DIRECTION('',(-1.,1.04491353521965E-15,3.1834351960578E-16));
#15746=DIRECTION('',(0.,1.,0.));
#15747=DIRECTION('',(1.,-1.56737030282947E-15,-3.1834351960578E-16));
#15748=DIRECTION('',(0.,-1.,0.));
#15749=DIRECTION('',(-1.,1.04491353521965E-15,3.1834351960578E-16));
#15750=DIRECTION('',(0.,1.,0.));
#15751=DIRECTION('',(1.,-1.56737030282947E-15,-3.1834351960578E-16));
#15752=DIRECTION('',(0.,-1.,0.));
#15753=DIRECTION('',(-1.,1.04491353521965E-15,3.1834351960578E-16));
#15754=DIRECTION('',(0.,1.,0.));
#15755=DIRECTION('',(1.,-1.56737030282947E-15,-3.1834351960578E-16));
#15756=DIRECTION('',(0.,-1.,0.));
#15757=DIRECTION('',(-1.,1.04491353521965E-15,3.1834351960578E-16));
#15758=DIRECTION('',(0.,1.,0.));
#15759=DIRECTION('',(1.,-1.56737030282947E-15,-3.1834351960578E-16));
#15760=DIRECTION('',(0.,-1.,0.));
#15761=DIRECTION('',(-1.,1.04491353521965E-15,3.1834351960578E-16));
#15762=DIRECTION('',(0.,1.,0.));
#15763=DIRECTION('',(1.,-1.56737030282947E-15,-3.1834351960578E-16));
#15764=DIRECTION('',(0.,-1.,0.));
#15765=DIRECTION('',(-1.,1.04491353521965E-15,3.1834351960578E-16));
#15766=DIRECTION('',(0.,1.,0.));
#15767=DIRECTION('',(1.,-1.56737030282947E-15,-3.1834351960578E-16));
#15768=DIRECTION('',(0.,-1.,0.));
#15769=DIRECTION('',(-1.,1.04491353521965E-15,3.1834351960578E-16));
#15770=DIRECTION('',(0.,1.,0.));
#15771=DIRECTION('',(1.,-1.56737030282947E-15,-3.1834351960578E-16));
#15772=DIRECTION('',(0.,-1.,0.));
#15773=DIRECTION('',(-1.,1.04491353521965E-15,3.1834351960578E-16));
#15774=DIRECTION('',(0.,1.,0.));
#15775=DIRECTION('',(1.,-5.22488185652848E-16,-3.1834351960578E-16));
#15776=DIRECTION('',(0.,-1.,0.));
#15777=DIRECTION('center_axis',(0.,-1.,0.));
#15778=DIRECTION('ref_axis',(-0.707106781186554,0.,0.707106781186541));
#15779=DIRECTION('center_axis',(0.,-1.,0.));
#15780=DIRECTION('ref_axis',(-0.707106781186554,0.,0.707106781186541));
#15781=DIRECTION('',(0.,-1.,0.));
#15782=DIRECTION('center_axis',(1.56737030282947E-15,1.,-3.97744136757711E-31));
#15783=DIRECTION('ref_axis',(-0.707106781186554,0.,0.707106781186541));
#15784=DIRECTION('center_axis',(0.,1.,0.));
#15785=DIRECTION('ref_axis',(0.,0.,1.));
#15786=DIRECTION('',(0.,0.,-1.));
#15787=DIRECTION('',(-1.,0.,0.));
#15788=DIRECTION('',(0.,0.,-1.));
#15789=DIRECTION('',(-1.,0.,-3.33066907387554E-14));
#15790=DIRECTION('',(2.63163976207444E-16,0.,1.));
#15791=DIRECTION('center_axis',(0.,-1.,0.));
#15792=DIRECTION('ref_axis',(-0.707106781186554,0.,0.707106781186541));
#15793=DIRECTION('center_axis',(1.56737030282947E-15,1.,-3.97744136757711E-31));
#15794=DIRECTION('ref_axis',(-0.707106781186554,0.,0.707106781186541));
#15795=DIRECTION('center_axis',(-1.04491353521965E-15,-1.,2.65162757838474E-31));
#15796=DIRECTION('ref_axis',(-0.707106781186554,0.,0.707106781186541));
#15797=DIRECTION('',(0.,-1.,0.));
#15798=DIRECTION('center_axis',(-1.04491353521965E-15,-1.,2.65162757838474E-31));
#15799=DIRECTION('ref_axis',(-1.,1.04491353521965E-15,3.1834351960578E-16));
#15800=DIRECTION('',(-2.53765262771464E-16,0.,-1.));
#15801=DIRECTION('',(1.,-1.04491353521965E-15,0.));
#15802=DIRECTION('',(0.,2.65162757838474E-31,1.));
#15803=DIRECTION('',(-1.,1.04491353521965E-15,3.1834351960578E-16));
#15804=DIRECTION('',(-2.63163976207444E-16,9.82084288290642E-33,-1.));
#15805=DIRECTION('center_axis',(0.,-1.,0.));
#15806=DIRECTION('ref_axis',(-0.707106781186554,0.,0.707106781186541));
#15807=DIRECTION('center_axis',(1.56737030282947E-15,1.,-3.97744136757711E-31));
#15808=DIRECTION('ref_axis',(-0.707106781186554,0.,0.707106781186541));
#15809=DIRECTION('center_axis',(-1.04491353521965E-15,-1.,2.65162757838474E-31));
#15810=DIRECTION('ref_axis',(-0.707106781186554,0.,0.707106781186541));
#15811=DIRECTION('',(0.,-1.,0.));
#15812=DIRECTION('center_axis',(-1.04491353521965E-15,-1.,2.65162757838474E-31));
#15813=DIRECTION('ref_axis',(-1.,1.04491353521965E-15,3.1834351960578E-16));
#15814=DIRECTION('',(-2.53765262771464E-16,0.,-1.));
#15815=DIRECTION('',(1.,-1.04491353521965E-15,0.));
#15816=DIRECTION('',(0.,2.65162757838474E-31,1.));
#15817=DIRECTION('',(-1.,1.04491353521965E-15,3.1834351960578E-16));
#15818=DIRECTION('',(-2.63163976207444E-16,9.82084288290642E-33,-1.));
#15819=DIRECTION('center_axis',(0.,-1.,0.));
#15820=DIRECTION('ref_axis',(-0.707106781186554,0.,0.707106781186541));
#15821=DIRECTION('center_axis',(1.56737030282947E-15,1.,-3.97744136757711E-31));
#15822=DIRECTION('ref_axis',(-0.707106781186554,0.,0.707106781186541));
#15823=DIRECTION('center_axis',(-1.04491353521965E-15,-1.,2.65162757838474E-31));
#15824=DIRECTION('ref_axis',(-0.707106781186554,0.,0.707106781186541));
#15825=DIRECTION('',(0.,-1.,0.));
#15826=DIRECTION('center_axis',(-1.04491353521965E-15,-1.,2.65162757838474E-31));
#15827=DIRECTION('ref_axis',(-1.,1.04491353521965E-15,3.1834351960578E-16));
#15828=DIRECTION('',(-2.53765262771464E-16,0.,-1.));
#15829=DIRECTION('',(1.,-1.04491353521965E-15,0.));
#15830=DIRECTION('',(0.,2.65162757838474E-31,1.));
#15831=DIRECTION('',(-1.,1.04491353521965E-15,3.1834351960578E-16));
#15832=DIRECTION('',(-2.63163976207444E-16,9.82084288290642E-33,-1.));
#15833=DIRECTION('center_axis',(0.,-1.,0.));
#15834=DIRECTION('ref_axis',(-0.707106781186554,0.,0.707106781186541));
#15835=DIRECTION('center_axis',(1.56737030282947E-15,1.,-3.97744136757711E-31));
#15836=DIRECTION('ref_axis',(-0.707106781186554,0.,0.707106781186541));
#15837=DIRECTION('center_axis',(-1.04491353521965E-15,-1.,2.65162757838474E-31));
#15838=DIRECTION('ref_axis',(-0.707106781186554,0.,0.707106781186541));
#15839=DIRECTION('',(0.,-1.,0.));
#15840=DIRECTION('center_axis',(-1.04491353521965E-15,-1.,2.65162757838474E-31));
#15841=DIRECTION('ref_axis',(-1.,1.04491353521965E-15,3.1834351960578E-16));
#15842=DIRECTION('',(-2.53765262771464E-16,0.,-1.));
#15843=DIRECTION('',(1.,-1.04491353521965E-15,0.));
#15844=DIRECTION('',(0.,2.65162757838474E-31,1.));
#15845=DIRECTION('',(-1.,1.04491353521965E-15,3.1834351960578E-16));
#15846=DIRECTION('',(-2.63163976207444E-16,9.82084288290642E-33,-1.));
#15847=DIRECTION('center_axis',(0.,-1.,0.));
#15848=DIRECTION('ref_axis',(-0.707106781186554,0.,0.707106781186541));
#15849=DIRECTION('center_axis',(1.56737030282947E-15,1.,-3.97744136757711E-31));
#15850=DIRECTION('ref_axis',(-0.707106781186554,0.,0.707106781186541));
#15851=DIRECTION('center_axis',(-1.04491353521965E-15,-1.,2.65162757838474E-31));
#15852=DIRECTION('ref_axis',(-0.707106781186554,0.,0.707106781186541));
#15853=DIRECTION('',(0.,-1.,0.));
#15854=DIRECTION('center_axis',(-1.04491353521965E-15,-1.,2.65162757838474E-31));
#15855=DIRECTION('ref_axis',(-1.,1.04491353521965E-15,3.1834351960578E-16));
#15856=DIRECTION('',(-2.53765262771464E-16,0.,-1.));
#15857=DIRECTION('',(1.,-1.04491353521965E-15,0.));
#15858=DIRECTION('',(0.,2.65162757838474E-31,1.));
#15859=DIRECTION('',(-1.,1.04491353521965E-15,3.1834351960578E-16));
#15860=DIRECTION('',(-2.63163976207444E-16,9.82084288290642E-33,-1.));
#15861=DIRECTION('center_axis',(0.,-1.,0.));
#15862=DIRECTION('ref_axis',(-0.707106781186554,0.,0.707106781186541));
#15863=DIRECTION('center_axis',(1.56737030282947E-15,1.,-3.97744136757711E-31));
#15864=DIRECTION('ref_axis',(-0.707106781186554,0.,0.707106781186541));
#15865=DIRECTION('center_axis',(-1.04491353521965E-15,-1.,2.65162757838474E-31));
#15866=DIRECTION('ref_axis',(-0.707106781186554,0.,0.707106781186541));
#15867=DIRECTION('',(0.,-1.,0.));
#15868=DIRECTION('center_axis',(-1.04491353521965E-15,-1.,2.65162757838474E-31));
#15869=DIRECTION('ref_axis',(-1.,1.04491353521965E-15,3.1834351960578E-16));
#15870=DIRECTION('',(-2.53765262771464E-16,0.,-1.));
#15871=DIRECTION('',(1.,-1.04491353521965E-15,0.));
#15872=DIRECTION('',(0.,2.65162757838474E-31,1.));
#15873=DIRECTION('',(-1.,1.04491353521965E-15,3.1834351960578E-16));
#15874=DIRECTION('',(-2.63163976207444E-16,9.82084288290642E-33,-1.));
#15875=DIRECTION('center_axis',(0.,-1.,0.));
#15876=DIRECTION('ref_axis',(-0.707106781186554,0.,0.707106781186541));
#15877=DIRECTION('center_axis',(1.56737030282947E-15,1.,-3.97744136757711E-31));
#15878=DIRECTION('ref_axis',(-0.707106781186554,0.,0.707106781186541));
#15879=DIRECTION('center_axis',(-1.04491353521965E-15,-1.,2.65162757838474E-31));
#15880=DIRECTION('ref_axis',(-0.707106781186554,0.,0.707106781186541));
#15881=DIRECTION('',(0.,-1.,0.));
#15882=DIRECTION('center_axis',(-1.04491353521965E-15,-1.,2.65162757838474E-31));
#15883=DIRECTION('ref_axis',(-1.,1.04491353521965E-15,3.1834351960578E-16));
#15884=DIRECTION('',(-2.53765262771464E-16,0.,-1.));
#15885=DIRECTION('',(1.,-1.04491353521965E-15,0.));
#15886=DIRECTION('',(0.,2.65162757838474E-31,1.));
#15887=DIRECTION('',(-1.,1.04491353521965E-15,3.1834351960578E-16));
#15888=DIRECTION('',(-2.63163976207444E-16,9.82084288290642E-33,-1.));
#15889=DIRECTION('center_axis',(0.,-1.,0.));
#15890=DIRECTION('ref_axis',(-0.707106781186554,0.,0.707106781186541));
#15891=DIRECTION('center_axis',(1.56737030282947E-15,1.,-3.97744136757711E-31));
#15892=DIRECTION('ref_axis',(-0.707106781186554,0.,0.707106781186541));
#15893=DIRECTION('center_axis',(-1.04491353521965E-15,-1.,2.65162757838474E-31));
#15894=DIRECTION('ref_axis',(-0.707106781186554,0.,0.707106781186541));
#15895=DIRECTION('',(0.,-1.,0.));
#15896=DIRECTION('center_axis',(-1.04491353521965E-15,-1.,2.65162757838474E-31));
#15897=DIRECTION('ref_axis',(-1.,1.04491353521965E-15,3.1834351960578E-16));
#15898=DIRECTION('',(-2.53765262771464E-16,0.,-1.));
#15899=DIRECTION('',(1.,-1.04491353521965E-15,0.));
#15900=DIRECTION('',(0.,2.65162757838474E-31,1.));
#15901=DIRECTION('',(-1.,1.04491353521965E-15,3.1834351960578E-16));
#15902=DIRECTION('',(-2.63163976207444E-16,9.82084288290642E-33,-1.));
#15903=DIRECTION('center_axis',(0.,-1.,0.));
#15904=DIRECTION('ref_axis',(-0.707106781186554,0.,0.707106781186541));
#15905=DIRECTION('center_axis',(5.22488185652848E-16,1.,-1.32589351727181E-31));
#15906=DIRECTION('ref_axis',(-0.707106781186554,0.,0.707106781186541));
#15907=DIRECTION('center_axis',(-1.04491353521965E-15,-1.,2.65162757838474E-31));
#15908=DIRECTION('ref_axis',(-0.707106781186554,0.,0.707106781186541));
#15909=DIRECTION('',(0.,-1.,0.));
#15910=DIRECTION('center_axis',(-1.04491353521965E-15,-1.,2.65162757838474E-31));
#15911=DIRECTION('ref_axis',(-1.,1.04491353521965E-15,3.1834351960578E-16));
#15912=DIRECTION('',(-2.53765262771464E-16,0.,-1.));
#15913=DIRECTION('',(1.,-1.04491353521965E-15,0.));
#15914=DIRECTION('',(0.,2.65162757838474E-31,1.));
#15915=DIRECTION('',(-1.,1.04491353521965E-15,3.1834351960578E-16));
#15916=DIRECTION('',(-2.63163976207444E-16,9.82084288290642E-33,-1.));
#15917=DIRECTION('center_axis',(0.,-1.,0.));
#15918=DIRECTION('ref_axis',(-0.707106781186554,0.,0.707106781186541));
#15919=DIRECTION('center_axis',(1.56737030282947E-15,1.,-3.97744136757711E-31));
#15920=DIRECTION('ref_axis',(-0.707106781186554,0.,0.707106781186541));
#15921=DIRECTION('center_axis',(-1.04491353521965E-15,-1.,2.65162757838474E-31));
#15922=DIRECTION('ref_axis',(-0.707106781186554,0.,0.707106781186541));
#15923=DIRECTION('',(0.,-1.,0.));
#15924=DIRECTION('center_axis',(-1.04491353521965E-15,-1.,2.65162757838474E-31));
#15925=DIRECTION('ref_axis',(-1.,1.04491353521965E-15,3.1834351960578E-16));
#15926=DIRECTION('',(-2.53765262771464E-16,0.,-1.));
#15927=DIRECTION('',(1.,-1.04491353521965E-15,0.));
#15928=DIRECTION('',(0.,2.65162757838474E-31,1.));
#15929=DIRECTION('',(-1.,1.04491353521965E-15,3.1834351960578E-16));
#15930=DIRECTION('',(-2.63163976207444E-16,9.82084288290642E-33,-1.));
#15931=DIRECTION('center_axis',(0.,-1.,0.));
#15932=DIRECTION('ref_axis',(-0.707106781186554,0.,0.707106781186541));
#15933=DIRECTION('center_axis',(1.56737030282947E-15,1.,-3.97744136757711E-31));
#15934=DIRECTION('ref_axis',(-0.707106781186554,0.,0.707106781186541));
#15935=DIRECTION('center_axis',(-1.04491353521965E-15,-1.,2.65162757838474E-31));
#15936=DIRECTION('ref_axis',(-0.707106781186554,0.,0.707106781186541));
#15937=DIRECTION('',(0.,-1.,0.));
#15938=DIRECTION('center_axis',(-1.04491353521965E-15,-1.,2.65162757838474E-31));
#15939=DIRECTION('ref_axis',(-1.,1.04491353521965E-15,3.1834351960578E-16));
#15940=DIRECTION('',(-2.53765262771464E-16,0.,-1.));
#15941=DIRECTION('',(1.,-1.04491353521965E-15,0.));
#15942=DIRECTION('',(0.,2.65162757838474E-31,1.));
#15943=DIRECTION('',(-1.,1.04491353521965E-15,3.1834351960578E-16));
#15944=DIRECTION('',(-2.63163976207444E-16,9.82084288290642E-33,-1.));
#15945=DIRECTION('center_axis',(0.,-1.,0.));
#15946=DIRECTION('ref_axis',(-0.707106781186554,0.,0.707106781186541));
#15947=DIRECTION('center_axis',(5.22488185652848E-16,1.,-1.32589351727181E-31));
#15948=DIRECTION('ref_axis',(-0.707106781186554,0.,0.707106781186541));
#15949=DIRECTION('center_axis',(0.,-1.,0.));
#15950=DIRECTION('ref_axis',(-0.707106781186554,0.,0.707106781186541));
#15951=DIRECTION('',(0.,-1.,0.));
#15952=DIRECTION('center_axis',(0.,-1.,0.));
#15953=DIRECTION('ref_axis',(-1.,0.,3.1834351960578E-16));
#15954=DIRECTION('',(-2.53765262771464E-16,0.,-1.));
#15955=DIRECTION('',(1.,0.,0.));
#15956=DIRECTION('',(0.,0.,1.));
#15957=DIRECTION('',(-1.,0.,3.1834351960578E-16));
#15958=DIRECTION('',(-2.63163976207444E-16,0.,-1.));
#15959=DIRECTION('center_axis',(0.,-1.,0.));
#15960=DIRECTION('ref_axis',(-0.707106781186554,0.,0.707106781186541));
#15961=DIRECTION('center_axis',(0.,1.,0.));
#15962=DIRECTION('ref_axis',(-0.707106781186554,0.,0.707106781186541));
#15963=DIRECTION('center_axis',(0.,-1.,0.));
#15964=DIRECTION('ref_axis',(-0.707106781186554,0.,0.707106781186541));
#15965=DIRECTION('',(0.,-1.,0.));
#15966=DIRECTION('center_axis',(0.,-1.,0.));
#15967=DIRECTION('ref_axis',(-1.,0.,3.1834351960578E-16));
#15968=DIRECTION('',(-2.53765262771464E-16,0.,-1.));
#15969=DIRECTION('',(1.,0.,0.));
#15970=DIRECTION('',(0.,0.,1.));
#15971=DIRECTION('',(-1.,0.,3.1834351960578E-16));
#15972=DIRECTION('',(-2.63163976207444E-16,0.,-1.));
#15973=DIRECTION('center_axis',(0.,-1.,0.));
#15974=DIRECTION('ref_axis',(-0.707106781186554,0.,0.707106781186541));
#15975=DIRECTION('center_axis',(5.22488185652848E-16,1.,-1.32589351727181E-31));
#15976=DIRECTION('ref_axis',(-0.707106781186554,0.,0.707106781186541));
#15977=DIRECTION('center_axis',(0.,-1.,0.));
#15978=DIRECTION('ref_axis',(-0.707106781186554,0.,0.707106781186541));
#15979=DIRECTION('',(0.,-1.,0.));
#15980=DIRECTION('center_axis',(0.,-1.,0.));
#15981=DIRECTION('ref_axis',(-1.,0.,3.1834351960578E-16));
#15982=DIRECTION('',(-2.53765262771464E-16,0.,-1.));
#15983=DIRECTION('',(1.,0.,0.));
#15984=DIRECTION('',(0.,0.,1.));
#15985=DIRECTION('',(-1.,0.,3.1834351960578E-16));
#15986=DIRECTION('',(-2.63163976207444E-16,0.,-1.));
#15987=DIRECTION('center_axis',(0.,-1.,0.));
#15988=DIRECTION('ref_axis',(-0.707106781186554,0.,0.707106781186541));
#15989=DIRECTION('center_axis',(5.22488185652848E-16,1.,-1.32589351727181E-31));
#15990=DIRECTION('ref_axis',(-0.707106781186554,0.,0.707106781186541));
#15991=DIRECTION('center_axis',(0.,-1.,0.));
#15992=DIRECTION('ref_axis',(-0.707106781186554,0.,0.707106781186541));
#15993=DIRECTION('',(0.,-1.,0.));
#15994=DIRECTION('center_axis',(5.22488185652848E-16,1.,-1.32589351727181E-31));
#15995=DIRECTION('ref_axis',(1.,-5.22488185652848E-16,-3.1834351960578E-16));
#15996=DIRECTION('',(2.63163976207444E-16,-4.91071673063633E-33,1.));
#15997=DIRECTION('',(1.,-5.22488185652848E-16,-3.1834351960578E-16));
#15998=DIRECTION('',(0.,-1.32589351727181E-31,-1.));
#15999=DIRECTION('',(-1.,5.22488185652848E-16,0.));
#16000=DIRECTION('',(-2.53765262771464E-16,0.,-1.));
#16001=DIRECTION('center_axis',(-1.,0.,0.));
#16002=DIRECTION('ref_axis',(0.,1.,0.));
#16003=DIRECTION('center_axis',(-1.,0.,0.));
#16004=DIRECTION('ref_axis',(0.,1.,0.));
#16005=DIRECTION('',(-1.,0.,0.));
#16006=DIRECTION('center_axis',(1.,0.,-2.63163976207444E-16));
#16007=DIRECTION('ref_axis',(0.,1.,0.));
#16008=DIRECTION('center_axis',(-1.,0.,0.));
#16009=DIRECTION('ref_axis',(0.,1.,0.));
#16010=DIRECTION('center_axis',(-1.,0.,0.));
#16011=DIRECTION('ref_axis',(0.,1.,0.));
#16012=DIRECTION('',(-1.,0.,0.));
#16013=DIRECTION('center_axis',(1.,0.,-2.63163976207444E-16));
#16014=DIRECTION('ref_axis',(0.,1.,0.));
#16015=DIRECTION('center_axis',(0.,0.,-1.));
#16016=DIRECTION('ref_axis',(-1.,0.,0.));
#16017=DIRECTION('',(0.,-1.,0.));
#16018=DIRECTION('',(-1.,0.,0.));
#16019=DIRECTION('',(0.,1.,0.));
#16020=DIRECTION('',(1.,0.,0.));
#16021=DIRECTION('center_axis',(-1.,0.,0.));
#16022=DIRECTION('ref_axis',(0.,1.,0.));
#16023=DIRECTION('',(0.,-1.,0.));
#16024=DIRECTION('',(0.,0.,-1.));
#16025=DIRECTION('',(0.,0.,-1.));
#16026=DIRECTION('center_axis',(1.,0.,0.));
#16027=DIRECTION('ref_axis',(0.,1.,0.));
#16028=DIRECTION('center_axis',(1.,0.,0.));
#16029=DIRECTION('ref_axis',(0.,1.,0.));
#16030=DIRECTION('center_axis',(1.,0.,0.));
#16031=DIRECTION('ref_axis',(0.,1.,0.));
#16032=DIRECTION('center_axis',(1.,0.,0.));
#16033=DIRECTION('ref_axis',(0.,1.,0.));
#16034=DIRECTION('center_axis',(0.,1.,0.));
#16035=DIRECTION('ref_axis',(1.,0.,0.));
#16036=DIRECTION('',(0.,0.,-1.));
#16037=DIRECTION('',(-1.,0.,0.));
#16038=DIRECTION('center_axis',(0.,-1.,0.));
#16039=DIRECTION('ref_axis',(-1.,0.,0.));
#16040=DIRECTION('',(0.,0.,1.));
#16041=DIRECTION('',(1.,0.,0.));
#16042=DIRECTION('center_axis',(-1.,0.,0.));
#16043=DIRECTION('ref_axis',(0.,1.,0.));
#16044=DIRECTION('center_axis',(1.,0.,0.));
#16045=DIRECTION('ref_axis',(0.,1.,0.));
#16046=DIRECTION('',(-1.,0.,0.));
#16047=DIRECTION('center_axis',(-1.,0.,0.));
#16048=DIRECTION('ref_axis',(0.,1.,0.));
#16049=DIRECTION('center_axis',(1.,0.,0.));
#16050=DIRECTION('ref_axis',(0.,1.,0.));
#16051=DIRECTION('',(-1.,0.,0.));
#16052=DIRECTION('center_axis',(-1.,0.,0.));
#16053=DIRECTION('ref_axis',(0.,1.,0.));
#16054=DIRECTION('center_axis',(1.,0.,0.));
#16055=DIRECTION('ref_axis',(0.,1.,0.));
#16056=DIRECTION('',(-1.,0.,0.));
#16057=DIRECTION('center_axis',(-1.,0.,0.));
#16058=DIRECTION('ref_axis',(0.,1.,0.));
#16059=DIRECTION('center_axis',(1.,0.,0.));
#16060=DIRECTION('ref_axis',(0.,1.,0.));
#16061=DIRECTION('',(-1.,0.,0.));
#16062=DIRECTION('center_axis',(-1.,0.,0.));
#16063=DIRECTION('ref_axis',(0.,0.,1.));
#16064=DIRECTION('',(0.,0.,1.));
#16065=DIRECTION('',(0.,-1.,0.));
#16066=DIRECTION('',(0.,-1.,0.));
#16067=DIRECTION('center_axis',(1.,0.,-2.53765262771464E-16));
#16068=DIRECTION('ref_axis',(0.,-1.,0.));
#16069=DIRECTION('',(0.,1.,0.));
#16070=DIRECTION('',(-2.53765262771464E-16,0.,-1.));
#16071=DIRECTION('center_axis',(1.56737030282947E-15,1.,-3.97744136757711E-31));
#16072=DIRECTION('ref_axis',(1.,-1.56737030282947E-15,-3.1834351960578E-16));
#16073=DIRECTION('',(2.63163976207444E-16,-1.47312643243596E-32,1.));
#16074=DIRECTION('',(1.,-1.56737030282947E-15,-3.1834351960578E-16));
#16075=DIRECTION('',(0.,-3.97744136757711E-31,-1.));
#16076=DIRECTION('',(-1.,1.56737030282947E-15,0.));
#16077=DIRECTION('center_axis',(-2.53765262771464E-16,0.,-1.));
#16078=DIRECTION('ref_axis',(-1.,0.,2.53765262771464E-16));
#16079=DIRECTION('',(0.,1.,0.));
#16080=DIRECTION('',(0.,-1.,0.));
#16081=DIRECTION('center_axis',(-2.53765262771464E-16,0.,-1.));
#16082=DIRECTION('ref_axis',(-1.,0.,2.53765262771464E-16));
#16083=DIRECTION('',(0.,1.,0.));
#16084=DIRECTION('',(0.,-1.,0.));
#16085=DIRECTION('',(1.,-1.56737030282947E-15,-3.1834351960578E-16));
#16086=DIRECTION('center_axis',(1.56737030282947E-15,1.,-3.97744136757711E-31));
#16087=DIRECTION('ref_axis',(1.,-1.56737030282947E-15,-3.1834351960578E-16));
#16088=DIRECTION('',(2.63163976207444E-16,-1.47312643243596E-32,1.));
#16089=DIRECTION('',(0.,-3.97744136757711E-31,-1.));
#16090=DIRECTION('',(-1.,1.56737030282947E-15,0.));
#16091=DIRECTION('',(-2.53765262771464E-16,0.,-1.));
#16092=DIRECTION('center_axis',(1.,0.,-2.53765262771464E-16));
#16093=DIRECTION('ref_axis',(0.,-1.,0.));
#16094=DIRECTION('',(0.,1.,0.));
#16095=DIRECTION('center_axis',(1.,0.,-2.53765262771464E-16));
#16096=DIRECTION('ref_axis',(0.,-1.,0.));
#16097=DIRECTION('',(0.,1.,0.));
#16098=DIRECTION('',(-2.53765262771464E-16,0.,-1.));
#16099=DIRECTION('center_axis',(-2.53765262771464E-16,0.,-1.));
#16100=DIRECTION('ref_axis',(-1.,0.,2.53765262771464E-16));
#16101=DIRECTION('',(0.,1.,0.));
#16102=DIRECTION('',(0.,-1.,0.));
#16103=DIRECTION('',(1.,-1.56737030282947E-15,-3.1834351960578E-16));
#16104=DIRECTION('center_axis',(1.56737030282947E-15,1.,-3.97744136757711E-31));
#16105=DIRECTION('ref_axis',(1.,-1.56737030282947E-15,-3.1834351960578E-16));
#16106=DIRECTION('',(2.63163976207444E-16,-1.47312643243596E-32,1.));
#16107=DIRECTION('',(0.,-3.97744136757711E-31,-1.));
#16108=DIRECTION('',(-1.,1.56737030282947E-15,0.));
#16109=DIRECTION('center_axis',(-2.53765262771464E-16,0.,-1.));
#16110=DIRECTION('ref_axis',(-1.,0.,2.53765262771464E-16));
#16111=DIRECTION('',(0.,1.,0.));
#16112=DIRECTION('',(0.,-1.,0.));
#16113=DIRECTION('',(1.,-1.56737030282947E-15,-3.1834351960578E-16));
#16114=DIRECTION('center_axis',(1.56737030282947E-15,1.,-3.97744136757711E-31));
#16115=DIRECTION('ref_axis',(1.,-1.56737030282947E-15,-3.1834351960578E-16));
#16116=DIRECTION('',(2.63163976207444E-16,-1.47312643243596E-32,1.));
#16117=DIRECTION('',(0.,-3.97744136757711E-31,-1.));
#16118=DIRECTION('',(-1.,1.56737030282947E-15,0.));
#16119=DIRECTION('',(-2.53765262771464E-16,0.,-1.));
#16120=DIRECTION('center_axis',(1.,0.,-2.53765262771464E-16));
#16121=DIRECTION('ref_axis',(0.,-1.,0.));
#16122=DIRECTION('',(0.,1.,0.));
#16123=DIRECTION('center_axis',(1.,0.,-2.53765262771464E-16));
#16124=DIRECTION('ref_axis',(0.,-1.,0.));
#16125=DIRECTION('',(0.,1.,0.));
#16126=DIRECTION('',(-2.53765262771464E-16,0.,-1.));
#16127=DIRECTION('center_axis',(-2.53765262771464E-16,0.,-1.));
#16128=DIRECTION('ref_axis',(-1.,0.,2.53765262771464E-16));
#16129=DIRECTION('',(0.,1.,0.));
#16130=DIRECTION('',(0.,-1.,0.));
#16131=DIRECTION('',(1.,-1.56737030282947E-15,-3.1834351960578E-16));
#16132=DIRECTION('center_axis',(1.56737030282947E-15,1.,-3.97744136757711E-31));
#16133=DIRECTION('ref_axis',(1.,-1.56737030282947E-15,-3.1834351960578E-16));
#16134=DIRECTION('',(2.63163976207444E-16,-1.47312643243596E-32,1.));
#16135=DIRECTION('',(0.,-3.97744136757711E-31,-1.));
#16136=DIRECTION('',(-1.,1.56737030282947E-15,0.));
#16137=DIRECTION('center_axis',(-2.53765262771464E-16,0.,-1.));
#16138=DIRECTION('ref_axis',(-1.,0.,2.53765262771464E-16));
#16139=DIRECTION('',(0.,1.,0.));
#16140=DIRECTION('',(0.,-1.,0.));
#16141=DIRECTION('',(1.,-1.56737030282947E-15,-3.1834351960578E-16));
#16142=DIRECTION('center_axis',(1.56737030282947E-15,1.,-3.97744136757711E-31));
#16143=DIRECTION('ref_axis',(1.,-1.56737030282947E-15,-3.1834351960578E-16));
#16144=DIRECTION('',(2.63163976207444E-16,-1.47312643243596E-32,1.));
#16145=DIRECTION('',(0.,-3.97744136757711E-31,-1.));
#16146=DIRECTION('',(-1.,1.56737030282947E-15,0.));
#16147=DIRECTION('',(-2.53765262771464E-16,0.,-1.));
#16148=DIRECTION('center_axis',(1.,0.,-2.53765262771464E-16));
#16149=DIRECTION('ref_axis',(0.,-1.,0.));
#16150=DIRECTION('',(0.,1.,0.));
#16151=DIRECTION('center_axis',(1.,0.,-2.53765262771464E-16));
#16152=DIRECTION('ref_axis',(0.,-1.,0.));
#16153=DIRECTION('',(0.,1.,0.));
#16154=DIRECTION('',(-2.53765262771464E-16,0.,-1.));
#16155=DIRECTION('center_axis',(-2.53765262771464E-16,0.,-1.));
#16156=DIRECTION('ref_axis',(-1.,0.,2.53765262771464E-16));
#16157=DIRECTION('',(0.,1.,0.));
#16158=DIRECTION('',(0.,-1.,0.));
#16159=DIRECTION('',(1.,-1.56737030282947E-15,-3.1834351960578E-16));
#16160=DIRECTION('center_axis',(1.56737030282947E-15,1.,-3.97744136757711E-31));
#16161=DIRECTION('ref_axis',(1.,-1.56737030282947E-15,-3.1834351960578E-16));
#16162=DIRECTION('',(2.63163976207444E-16,-1.47312643243596E-32,1.));
#16163=DIRECTION('',(0.,-3.97744136757711E-31,-1.));
#16164=DIRECTION('',(-1.,1.56737030282947E-15,0.));
#16165=DIRECTION('center_axis',(-2.53765262771464E-16,0.,-1.));
#16166=DIRECTION('ref_axis',(-1.,0.,2.53765262771464E-16));
#16167=DIRECTION('',(0.,1.,0.));
#16168=DIRECTION('',(0.,-1.,0.));
#16169=DIRECTION('',(1.,-1.56737030282947E-15,-3.1834351960578E-16));
#16170=DIRECTION('center_axis',(1.56737030282947E-15,1.,-3.97744136757711E-31));
#16171=DIRECTION('ref_axis',(1.,-1.56737030282947E-15,-3.1834351960578E-16));
#16172=DIRECTION('',(2.63163976207444E-16,-1.47312643243596E-32,1.));
#16173=DIRECTION('',(0.,-3.97744136757711E-31,-1.));
#16174=DIRECTION('',(-1.,1.56737030282947E-15,0.));
#16175=DIRECTION('',(-2.53765262771464E-16,0.,-1.));
#16176=DIRECTION('center_axis',(1.,0.,-2.53765262771464E-16));
#16177=DIRECTION('ref_axis',(0.,-1.,0.));
#16178=DIRECTION('',(0.,1.,0.));
#16179=DIRECTION('center_axis',(1.,0.,-2.53765262771464E-16));
#16180=DIRECTION('ref_axis',(0.,-1.,0.));
#16181=DIRECTION('',(0.,1.,0.));
#16182=DIRECTION('',(-2.53765262771464E-16,0.,-1.));
#16183=DIRECTION('center_axis',(-2.53765262771464E-16,0.,-1.));
#16184=DIRECTION('ref_axis',(-1.,0.,2.53765262771464E-16));
#16185=DIRECTION('',(0.,1.,0.));
#16186=DIRECTION('',(0.,-1.,0.));
#16187=DIRECTION('',(1.,-1.56737030282947E-15,-3.1834351960578E-16));
#16188=DIRECTION('center_axis',(1.56737030282947E-15,1.,-3.97744136757711E-31));
#16189=DIRECTION('ref_axis',(1.,-1.56737030282947E-15,-3.1834351960578E-16));
#16190=DIRECTION('',(2.63163976207444E-16,-1.47312643243596E-32,1.));
#16191=DIRECTION('',(0.,-3.97744136757711E-31,-1.));
#16192=DIRECTION('',(-1.,1.56737030282947E-15,0.));
#16193=DIRECTION('center_axis',(-2.53765262771464E-16,0.,-1.));
#16194=DIRECTION('ref_axis',(-1.,0.,2.53765262771464E-16));
#16195=DIRECTION('',(0.,1.,0.));
#16196=DIRECTION('',(0.,-1.,0.));
#16197=DIRECTION('',(1.,-1.56737030282947E-15,-3.1834351960578E-16));
#16198=DIRECTION('center_axis',(1.56737030282947E-15,1.,-3.97744136757711E-31));
#16199=DIRECTION('ref_axis',(1.,-1.56737030282947E-15,-3.1834351960578E-16));
#16200=DIRECTION('',(2.63163976207444E-16,-1.47312643243596E-32,1.));
#16201=DIRECTION('',(0.,-3.97744136757711E-31,-1.));
#16202=DIRECTION('',(-1.,1.56737030282947E-15,0.));
#16203=DIRECTION('',(-2.53765262771464E-16,0.,-1.));
#16204=DIRECTION('center_axis',(1.,0.,-2.53765262771464E-16));
#16205=DIRECTION('ref_axis',(0.,-1.,0.));
#16206=DIRECTION('',(0.,1.,0.));
#16207=DIRECTION('center_axis',(1.,0.,-2.53765262771464E-16));
#16208=DIRECTION('ref_axis',(0.,-1.,0.));
#16209=DIRECTION('',(0.,1.,0.));
#16210=DIRECTION('',(-2.53765262771464E-16,0.,-1.));
#16211=DIRECTION('center_axis',(-2.53765262771464E-16,0.,-1.));
#16212=DIRECTION('ref_axis',(-1.,0.,2.53765262771464E-16));
#16213=DIRECTION('',(0.,1.,0.));
#16214=DIRECTION('',(0.,-1.,0.));
#16215=DIRECTION('',(1.,-1.56737030282947E-15,-3.1834351960578E-16));
#16216=DIRECTION('center_axis',(1.56737030282947E-15,1.,-3.97744136757711E-31));
#16217=DIRECTION('ref_axis',(1.,-1.56737030282947E-15,-3.1834351960578E-16));
#16218=DIRECTION('',(2.63163976207444E-16,-1.47312643243596E-32,1.));
#16219=DIRECTION('',(0.,-3.97744136757711E-31,-1.));
#16220=DIRECTION('',(-1.,1.56737030282947E-15,0.));
#16221=DIRECTION('center_axis',(-2.53765262771464E-16,0.,-1.));
#16222=DIRECTION('ref_axis',(-1.,0.,2.53765262771464E-16));
#16223=DIRECTION('',(0.,1.,0.));
#16224=DIRECTION('',(0.,-1.,0.));
#16225=DIRECTION('',(1.,-5.22488185652848E-16,-3.1834351960578E-16));
#16226=DIRECTION('center_axis',(1.,0.,-2.53765262771464E-16));
#16227=DIRECTION('ref_axis',(0.,-1.,0.));
#16228=DIRECTION('',(0.,1.,0.));
#16229=DIRECTION('',(-2.53765262771464E-16,0.,-1.));
#16230=DIRECTION('center_axis',(5.22488185652848E-16,1.,-1.32589351727181E-31));
#16231=DIRECTION('ref_axis',(1.,-5.22488185652848E-16,-3.1834351960578E-16));
#16232=DIRECTION('',(2.63163976207444E-16,-4.91071673063633E-33,1.));
#16233=DIRECTION('',(0.,-1.32589351727181E-31,-1.));
#16234=DIRECTION('',(-1.,5.22488185652848E-16,0.));
#16235=DIRECTION('center_axis',(-2.53765262771464E-16,0.,-1.));
#16236=DIRECTION('ref_axis',(-1.,0.,2.53765262771464E-16));
#16237=DIRECTION('',(0.,1.,0.));
#16238=DIRECTION('',(0.,-1.,0.));
#16239=DIRECTION('',(1.,-5.22488185652848E-16,-3.1834351960578E-16));
#16240=DIRECTION('center_axis',(1.,0.,-2.53765262771464E-16));
#16241=DIRECTION('ref_axis',(0.,-1.,0.));
#16242=DIRECTION('',(0.,1.,0.));
#16243=DIRECTION('',(-2.53765262771464E-16,0.,-1.));
#16244=DIRECTION('center_axis',(5.22488185652848E-16,1.,-1.32589351727181E-31));
#16245=DIRECTION('ref_axis',(1.,-5.22488185652848E-16,-3.1834351960578E-16));
#16246=DIRECTION('',(2.63163976207444E-16,-4.91071673063633E-33,1.));
#16247=DIRECTION('',(0.,-1.32589351727181E-31,-1.));
#16248=DIRECTION('',(-1.,5.22488185652848E-16,0.));
#16249=DIRECTION('center_axis',(-2.53765262771464E-16,0.,-1.));
#16250=DIRECTION('ref_axis',(-1.,0.,2.53765262771464E-16));
#16251=DIRECTION('',(0.,1.,0.));
#16252=DIRECTION('',(0.,-1.,0.));
#16253=DIRECTION('',(1.,-5.22488185652848E-16,-3.1834351960578E-16));
#16254=DIRECTION('center_axis',(1.,0.,-2.53765262771464E-16));
#16255=DIRECTION('ref_axis',(0.,-1.,0.));
#16256=DIRECTION('',(0.,1.,0.));
#16257=DIRECTION('',(-2.53765262771464E-16,0.,-1.));
#16258=DIRECTION('center_axis',(5.22488185652848E-16,1.,-1.32589351727181E-31));
#16259=DIRECTION('ref_axis',(1.,-5.22488185652848E-16,-3.1834351960578E-16));
#16260=DIRECTION('',(2.63163976207444E-16,-4.91071673063633E-33,1.));
#16261=DIRECTION('',(0.,-1.32589351727181E-31,-1.));
#16262=DIRECTION('',(-1.,5.22488185652848E-16,0.));
#16263=DIRECTION('center_axis',(-2.53765262771464E-16,0.,-1.));
#16264=DIRECTION('ref_axis',(-1.,0.,2.53765262771464E-16));
#16265=DIRECTION('',(0.,1.,0.));
#16266=DIRECTION('',(-1.,0.,3.1834351960578E-16));
#16267=DIRECTION('',(0.,-1.,0.));
#16268=DIRECTION('',(1.,-5.22488185652848E-16,-3.1834351960578E-16));
#16269=DIRECTION('center_axis',(1.,0.,-2.53765262771464E-16));
#16270=DIRECTION('ref_axis',(0.,-1.,0.));
#16271=DIRECTION('',(0.,1.,0.));
#16272=DIRECTION('',(-2.53765262771464E-16,0.,-1.));
#16273=DIRECTION('',(-2.53765262771464E-16,0.,-1.));
#16274=DIRECTION('center_axis',(0.,-1.,0.));
#16275=DIRECTION('ref_axis',(-1.,0.,3.1834351960578E-16));
#16276=DIRECTION('',(1.,0.,0.));
#16277=DIRECTION('',(0.,0.,1.));
#16278=DIRECTION('',(-2.63163976207444E-16,0.,-1.));
#16279=DIRECTION('center_axis',(5.22488185652848E-16,1.,-1.32589351727181E-31));
#16280=DIRECTION('ref_axis',(1.,-5.22488185652848E-16,-3.1834351960578E-16));
#16281=DIRECTION('',(2.63163976207444E-16,-4.91071673063633E-33,1.));
#16282=DIRECTION('',(0.,-1.32589351727181E-31,-1.));
#16283=DIRECTION('',(-1.,5.22488185652848E-16,0.));
#16284=DIRECTION('center_axis',(-2.53765262771464E-16,0.,-1.));
#16285=DIRECTION('ref_axis',(-1.,0.,2.53765262771464E-16));
#16286=DIRECTION('',(0.,1.,0.));
#16287=DIRECTION('',(0.,-1.,0.));
#16288=DIRECTION('center_axis',(1.,0.,-2.53765262771464E-16));
#16289=DIRECTION('ref_axis',(0.,-1.,0.));
#16290=DIRECTION('',(0.,1.,0.));
#16291=DIRECTION('center_axis',(0.,0.,-1.));
#16292=DIRECTION('ref_axis',(1.,0.,0.));
#16293=DIRECTION('',(1.,0.,0.));
#16294=DIRECTION('',(0.,1.,0.));
#16295=DIRECTION('',(-1.,0.,0.));
#16296=DIRECTION('',(0.,-1.,0.));
#16297=DIRECTION('',(0.,-1.,0.));
#16298=DIRECTION('',(0.,-1.,0.));
#16299=DIRECTION('',(0.,-1.,0.));
#16300=DIRECTION('',(0.,-1.,0.));
#16301=DIRECTION('',(0.,-1.,0.));
#16302=DIRECTION('',(0.,-1.,0.));
#16303=DIRECTION('',(0.,-1.,0.));
#16304=DIRECTION('',(0.,-1.,0.));
#16305=DIRECTION('',(0.,-1.,0.));
#16306=DIRECTION('',(0.,-1.,0.));
#16307=DIRECTION('',(0.,-1.,0.));
#16308=DIRECTION('',(0.,-1.,0.));
#16309=DIRECTION('',(0.,-1.,0.));
#16310=DIRECTION('',(0.,-1.,0.));
#16311=DIRECTION('',(0.,-1.,0.));
#16312=DIRECTION('',(0.,-1.,0.));
#16313=DIRECTION('center_axis',(6.83214169000097E-16,0.,-1.));
#16314=DIRECTION('ref_axis',(1.,0.,6.83214169000097E-16));
#16315=DIRECTION('',(1.,0.,6.83214169000097E-16));
#16316=DIRECTION('',(0.,1.,0.));
#16317=DIRECTION('',(-1.,0.,-6.83214169000097E-16));
#16318=DIRECTION('',(0.,-1.,0.));
#16319=DIRECTION('center_axis',(1.,0.,0.));
#16320=DIRECTION('ref_axis',(0.,0.,1.));
#16321=DIRECTION('',(0.,0.,1.));
#16322=DIRECTION('',(0.,0.,-1.));
#16323=DIRECTION('center_axis',(1.,0.,0.));
#16324=DIRECTION('ref_axis',(0.,0.,1.));
#16325=DIRECTION('',(0.,0.,1.));
#16326=DIRECTION('',(0.,-1.,0.));
#16327=DIRECTION('',(0.,0.,-1.));
#16328=DIRECTION('center_axis',(0.,-1.,0.));
#16329=DIRECTION('ref_axis',(-1.,0.,0.));
#16330=DIRECTION('',(-1.,0.,0.));
#16331=DIRECTION('',(0.,0.,-1.));
#16332=DIRECTION('center_axis',(0.,-1.,0.));
#16333=DIRECTION('ref_axis',(-1.,0.,0.));
#16334=DIRECTION('center_axis',(0.,-1.,0.));
#16335=DIRECTION('ref_axis',(-1.,0.,0.));
#16336=DIRECTION('center_axis',(0.,1.,0.));
#16337=DIRECTION('ref_axis',(-1.,0.,0.));
#16338=DIRECTION('',(0.,1.,0.));
#16339=DIRECTION('center_axis',(-1.,0.,2.63163976207444E-16));
#16340=DIRECTION('ref_axis',(-2.63163976207444E-16,0.,-1.));
#16341=DIRECTION('',(0.,-1.,0.));
#16342=DIRECTION('',(-2.63163976207444E-16,0.,-1.));
#16343=DIRECTION('center_axis',(3.33066907387554E-14,0.,-1.));
#16344=DIRECTION('ref_axis',(1.,0.,3.33066907387554E-14));
#16345=DIRECTION('',(1.,0.,3.33066907387554E-14));
#16346=DIRECTION('',(0.,-1.,0.));
#16347=DIRECTION('center_axis',(1.,0.,0.));
#16348=DIRECTION('ref_axis',(0.,0.,1.));
#16349=DIRECTION('',(0.,0.,1.));
#16350=DIRECTION('',(0.,-1.,0.));
#16351=DIRECTION('center_axis',(0.,0.,-1.));
#16352=DIRECTION('ref_axis',(1.,0.,0.));
#16353=DIRECTION('',(1.,0.,0.));
#16354=DIRECTION('center_axis',(0.,-1.,0.));
#16355=DIRECTION('ref_axis',(0.,0.,-1.));
#16356=DIRECTION('center_axis',(0.,0.,1.));
#16357=DIRECTION('ref_axis',(-1.,0.,0.));
#16358=DIRECTION('',(1.,0.,0.));
#16359=DIRECTION('',(0.,-1.,0.));
#16360=DIRECTION('',(-1.,0.,0.));
#16361=DIRECTION('',(0.,-1.,0.));
#16362=DIRECTION('center_axis',(1.,0.,0.));
#16363=DIRECTION('ref_axis',(0.,0.,1.));
#16364=DIRECTION('',(0.,0.,-1.));
#16365=DIRECTION('',(0.,0.,1.));
#16366=DIRECTION('',(0.,-1.,0.));
#16367=DIRECTION('center_axis',(2.30118954195032E-16,0.,-1.));
#16368=DIRECTION('ref_axis',(1.,0.,2.30118954195032E-16));
#16369=DIRECTION('',(-1.,0.,-2.30118954195032E-16));
#16370=DIRECTION('',(1.,0.,2.30118954195032E-16));
#16371=DIRECTION('',(0.,-1.,0.));
#16372=DIRECTION('center_axis',(-1.,0.,0.));
#16373=DIRECTION('ref_axis',(0.,0.,-1.));
#16374=DIRECTION('',(0.,0.,1.));
#16375=DIRECTION('',(0.,0.,-1.));
#16376=DIRECTION('center_axis',(0.,-1.,0.));
#16377=DIRECTION('ref_axis',(0.,0.,-1.));
#16378=DIRECTION('center_axis',(0.,-1.,0.));
#16379=DIRECTION('ref_axis',(-1.,0.,0.));
#16380=DIRECTION('center_axis',(0.,-1.,0.));
#16381=DIRECTION('ref_axis',(-1.,0.,0.));
#16382=DIRECTION('',(0.,-1.,0.));
#16383=DIRECTION('center_axis',(0.,1.,0.));
#16384=DIRECTION('ref_axis',(-1.,0.,0.));
#16385=DIRECTION('center_axis',(0.,1.,0.));
#16386=DIRECTION('ref_axis',(0.,0.,1.));
#16387=DIRECTION('center_axis',(0.,-1.,0.));
#16388=DIRECTION('ref_axis',(0.,0.,1.));
#16389=DIRECTION('',(-8.65956056235493E-17,-0.707106781186547,0.707106781186547));
#16390=DIRECTION('center_axis',(0.,-1.,0.));
#16391=DIRECTION('ref_axis',(0.,0.,1.));
#16392=DIRECTION('center_axis',(0.,-1.,0.));
#16393=DIRECTION('ref_axis',(0.,0.,1.));
#16394=DIRECTION('',(0.,-1.,0.));
#16395=DIRECTION('center_axis',(0.,-1.,0.));
#16396=DIRECTION('ref_axis',(0.,0.,1.));
#16397=DIRECTION('center_axis',(0.,-1.,0.));
#16398=DIRECTION('ref_axis',(0.,0.,1.));
#16399=DIRECTION('center_axis',(0.,1.,0.));
#16400=DIRECTION('ref_axis',(1.,0.,0.));
#16401=DIRECTION('center_axis',(0.,1.,0.));
#16402=DIRECTION('ref_axis',(0.,0.,1.));
#16403=DIRECTION('center_axis',(0.,-1.,0.));
#16404=DIRECTION('ref_axis',(0.,0.,1.));
#16405=DIRECTION('',(-8.65956056235493E-17,-0.707106781186547,0.707106781186547));
#16406=DIRECTION('center_axis',(0.,-1.,0.));
#16407=DIRECTION('ref_axis',(0.,0.,1.));
#16408=DIRECTION('center_axis',(0.,-1.,0.));
#16409=DIRECTION('ref_axis',(0.,0.,1.));
#16410=DIRECTION('',(0.,-1.,0.));
#16411=DIRECTION('center_axis',(0.,-1.,0.));
#16412=DIRECTION('ref_axis',(0.,0.,1.));
#16413=DIRECTION('center_axis',(0.,-1.,0.));
#16414=DIRECTION('ref_axis',(0.,0.,1.));
#16415=DIRECTION('center_axis',(0.,1.,0.));
#16416=DIRECTION('ref_axis',(1.,0.,0.));
#16417=DIRECTION('center_axis',(0.,-1.,0.));
#16418=DIRECTION('ref_axis',(1.,0.,0.));
#16419=DIRECTION('center_axis',(0.,1.,0.));
#16420=DIRECTION('ref_axis',(1.,0.,0.));
#16421=DIRECTION('',(0.,1.,0.));
#16422=DIRECTION('center_axis',(1.,0.,0.));
#16423=DIRECTION('ref_axis',(0.,0.,1.));
#16424=DIRECTION('',(0.,0.,-1.));
#16425=DIRECTION('',(0.,-1.,0.));
#16426=DIRECTION('',(0.,0.,1.));
#16427=DIRECTION('',(0.,-1.,0.));
#16428=DIRECTION('center_axis',(3.61932706027799E-13,0.,-1.));
#16429=DIRECTION('ref_axis',(1.,0.,3.61932706027799E-13));
#16430=DIRECTION('',(-1.,0.,-3.61932706027799E-13));
#16431=DIRECTION('',(1.,0.,3.61932706027799E-13));
#16432=DIRECTION('',(0.,-1.,0.));
#16433=DIRECTION('center_axis',(0.707106781186416,0.,0.707106781186679));
#16434=DIRECTION('ref_axis',(-0.707106781186679,0.,0.707106781186416));
#16435=DIRECTION('',(0.707106781186679,0.,-0.707106781186416));
#16436=DIRECTION('',(0.,1.,0.));
#16437=DIRECTION('',(-0.707106781186679,0.,0.707106781186416));
#16438=DIRECTION('center_axis',(0.,-1.,0.));
#16439=DIRECTION('ref_axis',(0.,0.,-1.));
#16440=DIRECTION('',(6.17863248487043E-16,0.,1.));
#16441=DIRECTION('center_axis',(0.,-1.,0.));
#16442=DIRECTION('ref_axis',(1.,0.,0.));
#16443=DIRECTION('center_axis',(0.,1.,0.));
#16444=DIRECTION('ref_axis',(1.,0.,0.));
#16445=DIRECTION('',(0.,1.,0.));
#16446=DIRECTION('center_axis',(0.,0.,-1.));
#16447=DIRECTION('ref_axis',(1.,0.,0.));
#16448=DIRECTION('',(-1.,0.,0.));
#16449=DIRECTION('',(0.,-1.,0.));
#16450=DIRECTION('',(1.,0.,0.));
#16451=DIRECTION('',(0.,-1.,0.));
#16452=DIRECTION('center_axis',(1.,0.,0.));
#16453=DIRECTION('ref_axis',(0.,0.,1.));
#16454=DIRECTION('',(0.,0.,-1.));
#16455=DIRECTION('',(0.,1.,0.));
#16456=DIRECTION('',(0.,0.,1.));
#16457=DIRECTION('center_axis',(0.,-1.,0.));
#16458=DIRECTION('ref_axis',(0.,0.,-1.));
#16459=DIRECTION('',(1.,0.,4.44089209850065E-15));
#16460=DIRECTION('',(6.17863248487043E-16,0.,1.));
#16461=DIRECTION('center_axis',(0.,-1.,0.));
#16462=DIRECTION('ref_axis',(1.,0.,0.));
#16463=DIRECTION('',(-6.17863248487043E-16,0.,-1.));
#16464=DIRECTION('',(1.,0.,-3.20642028772608E-16));
#16465=DIRECTION('',(0.,0.,-1.));
#16466=DIRECTION('',(1.,0.,2.30118954195032E-16));
#16467=DIRECTION('',(0.,0.,-1.));
#16468=DIRECTION('',(-1.,0.,0.));
#16469=DIRECTION('',(0.,0.,-1.));
#16470=DIRECTION('',(-1.,0.,-4.44089209850065E-15));
#16471=DIRECTION('',(-6.17863248487043E-16,0.,-1.));
#16472=DIRECTION('center_axis',(0.,1.,0.));
#16473=DIRECTION('ref_axis',(-1.,0.,0.));
#16474=DIRECTION('',(0.,0.,1.));
#16475=DIRECTION('center_axis',(0.,-1.,0.));
#16476=DIRECTION('ref_axis',(-0.707106781186551,0.,0.707106781186544));
#16477=DIRECTION('',(1.,0.,0.));
#16478=DIRECTION('center_axis',(0.,-1.,0.));
#16479=DIRECTION('ref_axis',(0.707106781186541,0.,0.707106781186554));
#16480=DIRECTION('',(0.,0.,-1.));
#16481=DIRECTION('center_axis',(0.,-1.,0.));
#16482=DIRECTION('ref_axis',(0.707106781186551,0.,-0.707106781186544));
#16483=DIRECTION('',(-1.,0.,0.));
#16484=DIRECTION('center_axis',(0.,-1.,0.));
#16485=DIRECTION('ref_axis',(-0.707106781186541,0.,-0.707106781186554));
#16486=DIRECTION('center_axis',(0.,1.,0.));
#16487=DIRECTION('ref_axis',(-1.,0.,0.));
#16488=DIRECTION('center_axis',(0.,1.,0.));
#16489=DIRECTION('ref_axis',(-1.,0.,0.));
#16490=DIRECTION('center_axis',(0.,1.,0.));
#16491=DIRECTION('ref_axis',(-1.,0.,0.));
#16492=DIRECTION('center_axis',(0.,-1.,0.));
#16493=DIRECTION('ref_axis',(-0.707106781186541,0.,-0.707106781186554));
#16494=DIRECTION('center_axis',(0.,1.,0.));
#16495=DIRECTION('ref_axis',(-0.707106781186541,0.,-0.707106781186554));
#16496=DIRECTION('',(0.,-1.,0.));
#16497=DIRECTION('',(0.,1.,0.));
#16498=DIRECTION('center_axis',(-1.,0.,0.));
#16499=DIRECTION('ref_axis',(0.,0.,-1.));
#16500=DIRECTION('',(0.,0.,-1.));
#16501=DIRECTION('',(0.,1.,0.));
#16502=DIRECTION('center_axis',(0.,-1.,0.));
#16503=DIRECTION('ref_axis',(-0.707106781186551,0.,0.707106781186544));
#16504=DIRECTION('center_axis',(0.,1.,0.));
#16505=DIRECTION('ref_axis',(-0.707106781186551,0.,0.707106781186544));
#16506=DIRECTION('',(0.,-1.,0.));
#16507=DIRECTION('center_axis',(0.,0.,1.));
#16508=DIRECTION('ref_axis',(-1.,0.,0.));
#16509=DIRECTION('',(-1.,0.,0.));
#16510=DIRECTION('',(0.,1.,0.));
#16511=DIRECTION('center_axis',(0.,-1.,0.));
#16512=DIRECTION('ref_axis',(0.707106781186541,0.,0.707106781186554));
#16513=DIRECTION('center_axis',(0.,1.,0.));
#16514=DIRECTION('ref_axis',(0.707106781186541,0.,0.707106781186554));
#16515=DIRECTION('',(0.,-1.,0.));
#16516=DIRECTION('center_axis',(1.,0.,0.));
#16517=DIRECTION('ref_axis',(0.,0.,1.));
#16518=DIRECTION('',(0.,0.,1.));
#16519=DIRECTION('',(0.,1.,0.));
#16520=DIRECTION('center_axis',(0.,-1.,0.));
#16521=DIRECTION('ref_axis',(0.707106781186551,0.,-0.707106781186544));
#16522=DIRECTION('center_axis',(0.,1.,0.));
#16523=DIRECTION('ref_axis',(0.707106781186551,0.,-0.707106781186544));
#16524=DIRECTION('',(0.,-1.,0.));
#16525=DIRECTION('center_axis',(0.,0.,-1.));
#16526=DIRECTION('ref_axis',(1.,0.,0.));
#16527=DIRECTION('',(1.,0.,0.));
#16528=DIRECTION('center_axis',(0.,-1.,0.));
#16529=DIRECTION('ref_axis',(-1.,0.,0.));
#16530=DIRECTION('center_axis',(0.,-1.,0.));
#16531=DIRECTION('ref_axis',(-1.,0.,0.));
#16532=DIRECTION('',(0.,-1.,0.));
#16533=DIRECTION('center_axis',(0.,-1.,0.));
#16534=DIRECTION('ref_axis',(-1.,0.,0.));
#16535=DIRECTION('center_axis',(0.,-1.,0.));
#16536=DIRECTION('ref_axis',(-1.,0.,0.));
#16537=DIRECTION('',(0.,-1.,0.));
#16538=DIRECTION('center_axis',(0.,-1.,0.));
#16539=DIRECTION('ref_axis',(-1.,0.,0.));
#16540=DIRECTION('center_axis',(0.,-1.,0.));
#16541=DIRECTION('ref_axis',(-1.,0.,0.));
#16542=DIRECTION('',(0.,-1.,0.));
#16543=DIRECTION('center_axis',(0.,-1.,0.));
#16544=DIRECTION('ref_axis',(-1.,0.,0.));
#16545=DIRECTION('center_axis',(0.,-1.,0.));
#16546=DIRECTION('ref_axis',(-1.,0.,0.));
#16547=DIRECTION('',(0.,-1.,0.));
#16548=DIRECTION('center_axis',(1.,0.,0.));
#16549=DIRECTION('ref_axis',(0.,0.,1.));
#16550=DIRECTION('',(0.,0.,1.));
#16551=DIRECTION('',(0.,-1.,0.));
#16552=DIRECTION('',(0.,-1.,0.));
#16553=DIRECTION('',(0.,0.,-1.));
#16554=DIRECTION('',(0.,1.,0.));
#16555=DIRECTION('',(0.,1.,0.));
#16556=DIRECTION('center_axis',(-1.,0.,0.));
#16557=DIRECTION('ref_axis',(0.,-1.,0.));
#16558=DIRECTION('center_axis',(-1.,0.,0.));
#16559=DIRECTION('ref_axis',(0.,-1.,0.));
#16560=DIRECTION('center_axis',(-1.,0.,0.));
#16561=DIRECTION('ref_axis',(0.,-1.,0.));
#16562=DIRECTION('center_axis',(-1.,0.,0.));
#16563=DIRECTION('ref_axis',(0.,-1.,0.));
#16564=DIRECTION('center_axis',(0.,1.,0.));
#16565=DIRECTION('ref_axis',(0.,0.,1.));
#16566=DIRECTION('',(1.,0.,0.));
#16567=DIRECTION('',(0.,0.,1.));
#16568=DIRECTION('',(-1.,0.,-2.30118954195032E-16));
#16569=DIRECTION('center_axis',(-2.30118954195032E-16,0.,1.));
#16570=DIRECTION('ref_axis',(-1.,0.,-2.30118954195032E-16));
#16571=DIRECTION('',(0.,1.,0.));
#16572=DIRECTION('center_axis',(3.20642028772608E-16,0.,1.));
#16573=DIRECTION('ref_axis',(1.,0.,-3.20642028772608E-16));
#16574=DIRECTION('',(0.,-1.,0.));
#16575=DIRECTION('',(1.,0.,-3.20642028772608E-16));
#16576=DIRECTION('',(0.,1.,0.));
#16577=DIRECTION('',(-1.,0.,3.20642028772608E-16));
#16578=DIRECTION('center_axis',(1.,0.,0.));
#16579=DIRECTION('ref_axis',(0.,-1.,0.));
#16580=DIRECTION('',(-1.,0.,0.));
#16581=DIRECTION('center_axis',(-1.,0.,0.));
#16582=DIRECTION('ref_axis',(0.,-1.,0.));
#16583=DIRECTION('center_axis',(1.,0.,0.));
#16584=DIRECTION('ref_axis',(0.,-1.,0.));
#16585=DIRECTION('',(-1.,0.,0.));
#16586=DIRECTION('center_axis',(-1.,0.,0.));
#16587=DIRECTION('ref_axis',(0.,-1.,0.));
#16588=DIRECTION('center_axis',(1.,0.,0.));
#16589=DIRECTION('ref_axis',(0.,-1.,0.));
#16590=DIRECTION('',(-1.,0.,0.));
#16591=DIRECTION('center_axis',(-1.,0.,0.));
#16592=DIRECTION('ref_axis',(0.,-1.,0.));
#16593=DIRECTION('center_axis',(1.,0.,0.));
#16594=DIRECTION('ref_axis',(0.,-1.,0.));
#16595=DIRECTION('',(-1.,0.,0.));
#16596=DIRECTION('center_axis',(-1.,0.,0.));
#16597=DIRECTION('ref_axis',(0.,-1.,0.));
#16598=DIRECTION('center_axis',(0.,0.,-1.));
#16599=DIRECTION('ref_axis',(1.,0.,0.));
#16600=DIRECTION('',(0.,-1.,0.));
#16601=DIRECTION('center_axis',(1.,0.,0.));
#16602=DIRECTION('ref_axis',(0.,0.,1.));
#16603=DIRECTION('center_axis',(1.,0.,-1.3356066461656E-16));
#16604=DIRECTION('ref_axis',(1.3356066461656E-16,0.,1.));
#16605=DIRECTION('',(1.3356066461656E-16,0.,1.));
#16606=DIRECTION('',(0.,-1.,0.));
#16607=DIRECTION('',(1.3356066461656E-16,0.,1.));
#16608=DIRECTION('center_axis',(0.,1.,0.));
#16609=DIRECTION('ref_axis',(0.,0.,1.));
#16610=DIRECTION('',(1.,0.,4.44089209850065E-15));
#16611=DIRECTION('center_axis',(0.,-1.,0.));
#16612=DIRECTION('ref_axis',(0.,0.,-1.));
#16613=DIRECTION('',(-6.17863248487043E-16,0.,-1.));
#16614=DIRECTION('',(-1.,0.,-4.44089209850065E-15));
#16615=DIRECTION('center_axis',(4.44089209850065E-15,0.,-1.));
#16616=DIRECTION('ref_axis',(-1.,0.,-4.44089209850065E-15));
#16617=DIRECTION('',(0.,-1.,0.));
#16618=DIRECTION('center_axis',(1.,0.,-6.17863248487043E-16));
#16619=DIRECTION('ref_axis',(-6.17863248487043E-16,0.,-1.));
#16620=DIRECTION('center_axis',(-1.87150970643919E-15,0.,-1.));
#16621=DIRECTION('ref_axis',(1.,0.,-1.87150970643919E-15));
#16622=DIRECTION('',(-1.,0.,1.87150970643919E-15));
#16623=DIRECTION('',(0.,-1.,0.));
#16624=DIRECTION('',(1.,0.,-1.87150970643919E-15));
#16625=DIRECTION('',(0.,-1.,0.));
#16626=DIRECTION('center_axis',(-1.,0.,0.));
#16627=DIRECTION('ref_axis',(0.,0.,-1.));
#16628=DIRECTION('',(0.,0.,1.));
#16629=DIRECTION('',(0.,0.,-1.));
#16630=DIRECTION('',(0.,-1.,0.));
#16631=DIRECTION('center_axis',(0.,0.,1.));
#16632=DIRECTION('ref_axis',(-1.,0.,0.));
#16633=DIRECTION('',(1.,0.,0.));
#16634=DIRECTION('',(-1.,0.,0.));
#16635=DIRECTION('',(0.,-1.,0.));
#16636=DIRECTION('center_axis',(1.,0.,0.));
#16637=DIRECTION('ref_axis',(0.,0.,1.));
#16638=DIRECTION('',(0.,0.,-1.));
#16639=DIRECTION('',(0.,0.,1.));
#16640=DIRECTION('center_axis',(0.,-1.,0.));
#16641=DIRECTION('ref_axis',(0.,0.,-1.));
#16642=DIRECTION('center_axis',(0.,-1.,0.));
#16643=DIRECTION('ref_axis',(-1.,0.,0.));
#16644=DIRECTION('center_axis',(0.,-1.,0.));
#16645=DIRECTION('ref_axis',(-1.,0.,0.));
#16646=DIRECTION('',(0.,-1.,0.));
#16647=DIRECTION('center_axis',(0.,1.,0.));
#16648=DIRECTION('ref_axis',(-1.,0.,0.));
#16649=DIRECTION('center_axis',(0.,-1.,0.));
#16650=DIRECTION('ref_axis',(-1.,0.,0.));
#16651=DIRECTION('center_axis',(0.,-1.,0.));
#16652=DIRECTION('ref_axis',(-1.,0.,0.));
#16653=DIRECTION('',(0.,-1.,0.));
#16654=DIRECTION('center_axis',(0.,1.,0.));
#16655=DIRECTION('ref_axis',(-1.,0.,0.));
#16656=DIRECTION('center_axis',(0.,1.,0.));
#16657=DIRECTION('ref_axis',(0.,0.,1.));
#16658=DIRECTION('center_axis',(0.,-1.,0.));
#16659=DIRECTION('ref_axis',(0.,0.,1.));
#16660=DIRECTION('',(-8.65956056235493E-17,-0.707106781186547,0.707106781186547));
#16661=DIRECTION('center_axis',(0.,-1.,0.));
#16662=DIRECTION('ref_axis',(0.,0.,1.));
#16663=DIRECTION('center_axis',(0.,-1.,0.));
#16664=DIRECTION('ref_axis',(0.,0.,1.));
#16665=DIRECTION('',(0.,-1.,0.));
#16666=DIRECTION('center_axis',(0.,-1.,0.));
#16667=DIRECTION('ref_axis',(0.,0.,1.));
#16668=DIRECTION('center_axis',(0.,-1.,0.));
#16669=DIRECTION('ref_axis',(0.,0.,1.));
#16670=DIRECTION('center_axis',(0.,1.,0.));
#16671=DIRECTION('ref_axis',(1.,0.,0.));
#16672=DIRECTION('center_axis',(0.,1.,0.));
#16673=DIRECTION('ref_axis',(0.,0.,1.));
#16674=DIRECTION('center_axis',(0.,-1.,0.));
#16675=DIRECTION('ref_axis',(0.,0.,1.));
#16676=DIRECTION('',(-8.65956056235493E-17,-0.707106781186547,0.707106781186547));
#16677=DIRECTION('center_axis',(0.,-1.,0.));
#16678=DIRECTION('ref_axis',(0.,0.,1.));
#16679=DIRECTION('center_axis',(0.,-1.,0.));
#16680=DIRECTION('ref_axis',(0.,0.,1.));
#16681=DIRECTION('',(0.,-1.,0.));
#16682=DIRECTION('center_axis',(0.,-1.,0.));
#16683=DIRECTION('ref_axis',(0.,0.,1.));
#16684=DIRECTION('center_axis',(0.,-1.,0.));
#16685=DIRECTION('ref_axis',(0.,0.,1.));
#16686=DIRECTION('center_axis',(0.,1.,0.));
#16687=DIRECTION('ref_axis',(1.,0.,0.));
#16688=DIRECTION('center_axis',(0.,1.,0.));
#16689=DIRECTION('ref_axis',(0.,0.,1.));
#16690=DIRECTION('center_axis',(0.,-1.,0.));
#16691=DIRECTION('ref_axis',(0.,0.,1.));
#16692=DIRECTION('',(-8.65956056235493E-17,-0.707106781186547,0.707106781186547));
#16693=DIRECTION('center_axis',(0.,-1.,0.));
#16694=DIRECTION('ref_axis',(0.,0.,1.));
#16695=DIRECTION('center_axis',(0.,-1.,0.));
#16696=DIRECTION('ref_axis',(0.,0.,1.));
#16697=DIRECTION('',(0.,-1.,0.));
#16698=DIRECTION('center_axis',(0.,-1.,0.));
#16699=DIRECTION('ref_axis',(0.,0.,1.));
#16700=DIRECTION('center_axis',(0.,-1.,0.));
#16701=DIRECTION('ref_axis',(0.,0.,1.));
#16702=DIRECTION('center_axis',(0.,1.,0.));
#16703=DIRECTION('ref_axis',(1.,0.,0.));
#16704=DIRECTION('center_axis',(0.,-1.,0.));
#16705=DIRECTION('ref_axis',(1.,0.,0.));
#16706=DIRECTION('center_axis',(0.,1.,0.));
#16707=DIRECTION('ref_axis',(1.,0.,0.));
#16708=DIRECTION('',(0.,1.,0.));
#16709=DIRECTION('center_axis',(0.,0.,-1.));
#16710=DIRECTION('ref_axis',(1.,0.,0.));
#16711=DIRECTION('',(-1.,0.,0.));
#16712=DIRECTION('',(0.,1.,0.));
#16713=DIRECTION('',(1.,0.,0.));
#16714=DIRECTION('',(0.,-1.,0.));
#16715=DIRECTION('center_axis',(-1.,0.,8.8817841970013E-15));
#16716=DIRECTION('ref_axis',(-8.8817841970013E-15,0.,-1.));
#16717=DIRECTION('',(8.8817841970013E-15,0.,1.));
#16718=DIRECTION('',(-8.8817841970013E-15,0.,-1.));
#16719=DIRECTION('',(0.,-1.,0.));
#16720=DIRECTION('center_axis',(0.,-1.,0.));
#16721=DIRECTION('ref_axis',(0.,0.,-1.));
#16722=DIRECTION('',(1.,0.,4.44089209850065E-15));
#16723=DIRECTION('',(-9.86864910777915E-16,0.,-1.));
#16724=DIRECTION('center_axis',(0.,-1.,0.));
#16725=DIRECTION('ref_axis',(1.,0.,0.));
#16726=DIRECTION('center_axis',(0.,1.,0.));
#16727=DIRECTION('ref_axis',(1.,0.,0.));
#16728=DIRECTION('',(0.,1.,0.));
#16729=DIRECTION('center_axis',(0.,0.,-1.));
#16730=DIRECTION('ref_axis',(1.,0.,0.));
#16731=DIRECTION('',(-1.,0.,0.));
#16732=DIRECTION('',(0.,1.,0.));
#16733=DIRECTION('',(1.,0.,0.));
#16734=DIRECTION('',(0.,-1.,0.));
#16735=DIRECTION('center_axis',(-1.,0.,2.22044604925032E-15));
#16736=DIRECTION('ref_axis',(-2.22044604925032E-15,0.,-1.));
#16737=DIRECTION('',(2.22044604925032E-15,0.,1.));
#16738=DIRECTION('',(-2.22044604925032E-15,0.,-1.));
#16739=DIRECTION('',(0.,-1.,0.));
#16740=DIRECTION('center_axis',(-0.707106781186547,0.,0.707106781186548));
#16741=DIRECTION('ref_axis',(-0.707106781186548,0.,-0.707106781186547));
#16742=DIRECTION('',(0.707106781186548,0.,0.707106781186547));
#16743=DIRECTION('',(-0.707106781186548,0.,-0.707106781186547));
#16744=DIRECTION('',(0.,-1.,0.));
#16745=DIRECTION('center_axis',(0.,-1.,0.));
#16746=DIRECTION('ref_axis',(0.,0.,-1.));
#16747=DIRECTION('',(-9.86864910777915E-16,0.,-1.));
#16748=DIRECTION('center_axis',(0.,-1.,0.));
#16749=DIRECTION('ref_axis',(1.,0.,0.));
#16750=DIRECTION('center_axis',(0.,1.,0.));
#16751=DIRECTION('ref_axis',(1.,0.,0.));
#16752=DIRECTION('',(0.,1.,0.));
#16753=DIRECTION('center_axis',(-4.44089209850061E-15,0.,-1.));
#16754=DIRECTION('ref_axis',(1.,0.,-4.44089209850061E-15));
#16755=DIRECTION('',(-1.,0.,4.44089209850061E-15));
#16756=DIRECTION('',(0.,-1.,0.));
#16757=DIRECTION('',(1.,0.,-4.44089209850061E-15));
#16758=DIRECTION('',(0.,-1.,0.));
#16759=DIRECTION('center_axis',(-1.,0.,-3.33066907387547E-15));
#16760=DIRECTION('ref_axis',(3.33066907387547E-15,0.,-1.));
#16761=DIRECTION('',(-3.33066907387547E-15,0.,1.));
#16762=DIRECTION('',(3.33066907387547E-15,0.,-1.));
#16763=DIRECTION('',(0.,-1.,0.));
#16764=DIRECTION('center_axis',(1.,0.,1.11022302462516E-14));
#16765=DIRECTION('ref_axis',(-1.11022302462516E-14,0.,1.));
#16766=DIRECTION('',(1.11022302462516E-14,0.,-1.));
#16767=DIRECTION('',(0.,1.,0.));
#16768=DIRECTION('',(-1.11022302462516E-14,0.,1.));
#16769=DIRECTION('center_axis',(0.,-1.,0.));
#16770=DIRECTION('ref_axis',(0.,0.,-1.));
#16771=DIRECTION('',(1.,0.,4.44089209850065E-15));
#16772=DIRECTION('center_axis',(0.,-1.,0.));
#16773=DIRECTION('ref_axis',(-1.,0.,0.));
#16774=DIRECTION('center_axis',(0.,-1.,0.));
#16775=DIRECTION('ref_axis',(-1.,0.,0.));
#16776=DIRECTION('',(0.,-1.,0.));
#16777=DIRECTION('center_axis',(0.,1.,0.));
#16778=DIRECTION('ref_axis',(-1.,0.,0.));
#16779=DIRECTION('center_axis',(3.20642028772608E-16,0.,1.));
#16780=DIRECTION('ref_axis',(1.,0.,-3.20642028772608E-16));
#16781=DIRECTION('',(0.,1.,0.));
#16782=DIRECTION('',(-1.,0.,3.20642028772608E-16));
#16783=DIRECTION('',(0.,-1.,0.));
#16784=DIRECTION('',(1.,0.,-3.20642028772608E-16));
#16785=DIRECTION('',(0.,1.,0.));
#16786=DIRECTION('',(1.,0.,-3.20642028772608E-16));
#16787=DIRECTION('center_axis',(-1.,0.,9.86864910777915E-16));
#16788=DIRECTION('ref_axis',(9.86864910777915E-16,0.,1.));
#16789=DIRECTION('',(9.86864910777915E-16,0.,1.));
#16790=DIRECTION('',(9.86864910777915E-16,0.,1.));
#16791=DIRECTION('',(9.86864910777915E-16,0.,1.));
#16792=DIRECTION('',(0.,-1.,0.));
#16793=DIRECTION('center_axis',(0.,-1.,0.));
#16794=DIRECTION('ref_axis',(0.,0.,-1.));
#16795=DIRECTION('',(1.73628864001528E-15,0.,-1.));
#16796=DIRECTION('',(-1.,0.,-4.44089209850065E-15));
#16797=DIRECTION('center_axis',(-1.,0.,-1.73628864001528E-15));
#16798=DIRECTION('ref_axis',(1.73628864001528E-15,0.,-1.));
#16799=DIRECTION('',(1.73628864001528E-15,0.,-1.));
#16800=DIRECTION('',(0.,1.,0.));
#16801=DIRECTION('center_axis',(0.,1.,0.));
#16802=DIRECTION('ref_axis',(0.,0.,1.));
#16803=DIRECTION('',(0.,0.,-1.));
#16804=DIRECTION('',(-1.,0.,-2.30118954195032E-16));
#16805=DIRECTION('',(-1.3356066461656E-16,0.,-1.));
#16806=DIRECTION('',(1.,0.,0.));
#16807=DIRECTION('center_axis',(-1.,0.,1.3356066461656E-16));
#16808=DIRECTION('ref_axis',(-1.3356066461656E-16,0.,-1.));
#16809=DIRECTION('',(1.3356066461656E-16,0.,1.));
#16810=DIRECTION('',(0.,-1.,0.));
#16811=DIRECTION('',(0.,-1.,0.));
#16812=DIRECTION('center_axis',(1.,0.,-1.3356066461656E-16));
#16813=DIRECTION('ref_axis',(0.,-1.,0.));
#16814=DIRECTION('center_axis',(1.,0.,-1.3356066461656E-16));
#16815=DIRECTION('ref_axis',(0.,-1.,0.));
#16816=DIRECTION('center_axis',(1.,0.,-1.3356066461656E-16));
#16817=DIRECTION('ref_axis',(0.,-1.,0.));
#16818=DIRECTION('center_axis',(1.,0.,-1.3356066461656E-16));
#16819=DIRECTION('ref_axis',(0.,-1.,0.));
#16820=DIRECTION('center_axis',(-2.30118954195032E-16,0.,1.));
#16821=DIRECTION('ref_axis',(-1.,0.,-2.30118954195032E-16));
#16822=DIRECTION('',(0.,1.,0.));
#16823=DIRECTION('',(1.,0.,2.30118954195032E-16));
#16824=DIRECTION('center_axis',(1.,0.,0.));
#16825=DIRECTION('ref_axis',(0.,-1.,0.));
#16826=DIRECTION('',(-1.,0.,0.));
#16827=DIRECTION('center_axis',(-1.,0.,0.));
#16828=DIRECTION('ref_axis',(0.,-1.,0.));
#16829=DIRECTION('center_axis',(1.,0.,0.));
#16830=DIRECTION('ref_axis',(0.,-1.,0.));
#16831=DIRECTION('',(-1.,0.,0.));
#16832=DIRECTION('center_axis',(-1.,0.,0.));
#16833=DIRECTION('ref_axis',(0.,-1.,0.));
#16834=DIRECTION('center_axis',(1.,0.,0.));
#16835=DIRECTION('ref_axis',(0.,-1.,0.));
#16836=DIRECTION('',(-1.,0.,0.));
#16837=DIRECTION('center_axis',(-1.,0.,0.));
#16838=DIRECTION('ref_axis',(0.,-1.,0.));
#16839=DIRECTION('center_axis',(1.,0.,0.));
#16840=DIRECTION('ref_axis',(0.,-1.,0.));
#16841=DIRECTION('',(-1.,0.,0.));
#16842=DIRECTION('center_axis',(-1.,0.,0.));
#16843=DIRECTION('ref_axis',(0.,-1.,0.));
#16844=DIRECTION('center_axis',(0.,1.,0.));
#16845=DIRECTION('ref_axis',(0.,0.,1.));
#16846=DIRECTION('',(0.,0.,1.));
#16847=DIRECTION('',(1.,0.,4.44089209850065E-15));
#16848=DIRECTION('center_axis',(4.44089209850065E-15,0.,-1.));
#16849=DIRECTION('ref_axis',(-1.,0.,-4.44089209850065E-15));
#16850=DIRECTION('',(0.,-1.,0.));
#16851=DIRECTION('',(-1.,0.,-4.44089209850065E-15));
#16852=DIRECTION('',(-1.,0.,-4.44089209850065E-15));
#16853=DIRECTION('center_axis',(0.,-1.,0.));
#16854=DIRECTION('ref_axis',(1.,0.,0.));
#16855=DIRECTION('',(0.,0.,-1.));
#16856=DIRECTION('',(-1.,0.,0.));
#16857=DIRECTION('',(0.,0.,-1.));
#16858=DIRECTION('center_axis',(0.,0.,-1.));
#16859=DIRECTION('ref_axis',(1.,0.,0.));
#16860=DIRECTION('',(0.,-1.,0.));
#16861=DIRECTION('center_axis',(1.,0.,0.));
#16862=DIRECTION('ref_axis',(0.,0.,1.));
#16863=DIRECTION('center_axis',(0.,-1.,0.));
#16864=DIRECTION('ref_axis',(0.707106781186541,0.,0.707106781186554));
#16865=DIRECTION('center_axis',(0.,1.,0.));
#16866=DIRECTION('ref_axis',(0.707106781186541,0.,0.707106781186554));
#16867=DIRECTION('',(0.,1.,0.));
#16868=DIRECTION('center_axis',(0.,-1.,0.));
#16869=DIRECTION('ref_axis',(0.707106781186541,0.,0.707106781186554));
#16870=DIRECTION('',(0.,-1.,0.));
#16871=DIRECTION('center_axis',(3.1834351960578E-16,0.,1.));
#16872=DIRECTION('ref_axis',(-1.,0.,3.1834351960578E-16));
#16873=DIRECTION('',(-1.,0.,3.1834351960578E-16));
#16874=DIRECTION('',(0.,1.,0.));
#16875=DIRECTION('',(-1.,0.,3.1834351960578E-16));
#16876=DIRECTION('',(0.,1.,0.));
#16877=DIRECTION('',(1.,1.4210854715202E-15,-3.1834351960578E-16));
#16878=DIRECTION('',(-7.40148683083357E-15,-1.,2.35621536804339E-30));
#16879=DIRECTION('',(-1.,1.8947806286936E-15,3.1834351960578E-16));
#16880=DIRECTION('',(0.,1.,0.));
#16881=DIRECTION('',(1.,1.4210854715202E-15,-3.1834351960578E-16));
#16882=DIRECTION('',(-7.40148683083357E-15,-1.,2.35621536804339E-30));
#16883=DIRECTION('',(-1.,1.8947806286936E-15,3.1834351960578E-16));
#16884=DIRECTION('',(0.,1.,0.));
#16885=DIRECTION('',(1.,1.4210854715202E-15,-3.1834351960578E-16));
#16886=DIRECTION('',(-7.40148683083357E-15,-1.,2.35621536804339E-30));
#16887=DIRECTION('',(-1.,1.8947806286936E-15,3.1834351960578E-16));
#16888=DIRECTION('',(0.,1.,0.));
#16889=DIRECTION('',(1.,1.4210854715202E-15,-3.1834351960578E-16));
#16890=DIRECTION('',(-7.40148683083357E-15,-1.,2.35621536804339E-30));
#16891=DIRECTION('',(-1.,1.8947806286936E-15,3.1834351960578E-16));
#16892=DIRECTION('',(0.,1.,0.));
#16893=DIRECTION('',(1.,1.4210854715202E-15,-3.1834351960578E-16));
#16894=DIRECTION('',(-7.40148683083357E-15,-1.,2.35621536804339E-30));
#16895=DIRECTION('',(-1.,1.8947806286936E-15,3.1834351960578E-16));
#16896=DIRECTION('',(0.,1.,0.));
#16897=DIRECTION('',(1.,1.4210854715202E-15,-3.1834351960578E-16));
#16898=DIRECTION('',(-7.40148683083357E-15,-1.,2.35621536804339E-30));
#16899=DIRECTION('',(-1.,1.8947806286936E-15,3.1834351960578E-16));
#16900=DIRECTION('',(0.,1.,0.));
#16901=DIRECTION('',(1.,1.4210854715202E-15,-3.1834351960578E-16));
#16902=DIRECTION('',(-7.40148683083357E-15,-1.,2.35621536804339E-30));
#16903=DIRECTION('',(-1.,1.8947806286936E-15,3.1834351960578E-16));
#16904=DIRECTION('',(0.,1.,0.));
#16905=DIRECTION('',(1.,1.4210854715202E-15,-3.1834351960578E-16));
#16906=DIRECTION('',(-7.40148683083357E-15,-1.,2.35621536804339E-30));
#16907=DIRECTION('',(-1.,1.8947806286936E-15,3.1834351960578E-16));
#16908=DIRECTION('center_axis',(0.,-1.,0.));
#16909=DIRECTION('ref_axis',(0.,0.,-1.));
#16910=DIRECTION('',(-3.94745964311167E-16,0.,1.));
#16911=DIRECTION('',(1.,0.,-3.20642028772608E-16));
#16912=DIRECTION('',(0.,0.,-1.));
#16913=DIRECTION('',(1.,0.,1.11022302462516E-15));
#16914=DIRECTION('',(0.,0.,-1.));
#16915=DIRECTION('',(1.,0.,0.));
#16916=DIRECTION('',(0.,0.,-1.));
#16917=DIRECTION('',(1.,0.,0.));
#16918=DIRECTION('',(0.,0.,1.));
#16919=DIRECTION('',(1.,0.,0.));
#16920=DIRECTION('',(0.,0.,-1.));
#16921=DIRECTION('',(1.,0.,0.));
#16922=DIRECTION('',(0.,0.,-1.));
#16923=DIRECTION('center_axis',(0.,1.,0.));
#16924=DIRECTION('ref_axis',(-1.,0.,0.));
#16925=DIRECTION('center_axis',(0.,1.,0.));
#16926=DIRECTION('ref_axis',(-1.,0.,0.));
#16927=DIRECTION('center_axis',(0.,1.,0.));
#16928=DIRECTION('ref_axis',(-1.,0.,0.));
#16929=DIRECTION('center_axis',(0.,1.,0.));
#16930=DIRECTION('ref_axis',(-1.,0.,0.));
#16931=DIRECTION('center_axis',(0.,1.,0.));
#16932=DIRECTION('ref_axis',(-1.,0.,0.));
#16933=DIRECTION('center_axis',(0.,1.,0.));
#16934=DIRECTION('ref_axis',(-1.,0.,0.));
#16935=DIRECTION('center_axis',(0.,1.,0.));
#16936=DIRECTION('ref_axis',(-1.,0.,0.));
#16937=DIRECTION('center_axis',(-1.,0.,0.));
#16938=DIRECTION('ref_axis',(0.,1.,0.));
#16939=DIRECTION('center_axis',(-1.,0.,-3.94745964311167E-16));
#16940=DIRECTION('ref_axis',(0.,1.,0.));
#16941=DIRECTION('',(-1.,0.,0.));
#16942=DIRECTION('center_axis',(1.,0.,0.));
#16943=DIRECTION('ref_axis',(0.,1.,0.));
#16944=DIRECTION('center_axis',(-1.,0.,0.));
#16945=DIRECTION('ref_axis',(0.,1.,0.));
#16946=DIRECTION('center_axis',(-1.,0.,-3.94745964311167E-16));
#16947=DIRECTION('ref_axis',(0.,1.,0.));
#16948=DIRECTION('',(-1.,0.,0.));
#16949=DIRECTION('center_axis',(1.,0.,0.));
#16950=DIRECTION('ref_axis',(0.,1.,0.));
#16951=DIRECTION('center_axis',(0.,1.,0.));
#16952=DIRECTION('ref_axis',(1.,0.,0.));
#16953=DIRECTION('center_axis',(0.,-1.,0.));
#16954=DIRECTION('ref_axis',(1.,0.,0.));
#16955=DIRECTION('',(0.,-1.,0.));
#16956=DIRECTION('center_axis',(0.,1.,0.));
#16957=DIRECTION('ref_axis',(1.,0.,0.));
#16958=DIRECTION('center_axis',(-1.,0.,8.8817841970013E-15));
#16959=DIRECTION('ref_axis',(8.8817841970013E-15,0.,1.));
#16960=DIRECTION('',(-8.8817841970013E-15,0.,-1.));
#16961=DIRECTION('',(0.,-1.,0.));
#16962=DIRECTION('',(8.8817841970013E-15,0.,1.));
#16963=DIRECTION('',(0.,1.,0.));
#16964=DIRECTION('center_axis',(0.,0.,-1.));
#16965=DIRECTION('ref_axis',(-1.,0.,0.));
#16966=DIRECTION('',(1.,0.,0.));
#16967=DIRECTION('',(-1.,0.,0.));
#16968=DIRECTION('',(0.,1.,0.));
#16969=DIRECTION('center_axis',(0.,-1.,0.));
#16970=DIRECTION('ref_axis',(1.,0.,0.));
#16971=DIRECTION('',(0.,0.,-1.));
#16972=DIRECTION('',(1.,0.,0.));
#16973=DIRECTION('center_axis',(0.,-1.,0.));
#16974=DIRECTION('ref_axis',(1.,0.,0.));
#16975=DIRECTION('',(0.,0.,1.));
#16976=DIRECTION('',(-1.,0.,0.));
#16977=DIRECTION('center_axis',(0.,0.,-1.));
#16978=DIRECTION('ref_axis',(1.,0.,0.));
#16979=DIRECTION('',(0.,-1.,0.));
#16980=DIRECTION('',(1.,0.,0.));
#16981=DIRECTION('',(0.,-1.,0.));
#16982=DIRECTION('',(1.,0.,0.));
#16983=DIRECTION('',(0.,1.,0.));
#16984=DIRECTION('',(-1.,0.,0.));
#16985=DIRECTION('',(0.,-1.,0.));
#16986=DIRECTION('',(0.,-1.,0.));
#16987=DIRECTION('',(1.,0.,0.));
#16988=DIRECTION('',(0.,1.,0.));
#16989=DIRECTION('',(0.,-1.,0.));
#16990=DIRECTION('',(1.,0.,0.));
#16991=DIRECTION('',(0.,-1.,0.));
#16992=DIRECTION('',(0.,-1.,0.));
#16993=DIRECTION('',(1.,-1.8947806286936E-15,0.));
#16994=DIRECTION('',(7.40148683083357E-15,1.,0.));
#16995=DIRECTION('',(-1.,-1.4210854715202E-15,0.));
#16996=DIRECTION('',(0.,-1.,0.));
#16997=DIRECTION('',(1.,-1.8947806286936E-15,0.));
#16998=DIRECTION('',(7.40148683083357E-15,1.,0.));
#16999=DIRECTION('',(-1.,-1.4210854715202E-15,0.));
#17000=DIRECTION('',(0.,-1.,0.));
#17001=DIRECTION('',(1.,-1.8947806286936E-15,0.));
#17002=DIRECTION('',(7.40148683083357E-15,1.,0.));
#17003=DIRECTION('',(-1.,-1.4210854715202E-15,0.));
#17004=DIRECTION('',(0.,-1.,0.));
#17005=DIRECTION('',(1.,-1.8947806286936E-15,0.));
#17006=DIRECTION('',(7.40148683083357E-15,1.,0.));
#17007=DIRECTION('',(-1.,-1.4210854715202E-15,0.));
#17008=DIRECTION('',(0.,-1.,0.));
#17009=DIRECTION('',(1.,-1.8947806286936E-15,0.));
#17010=DIRECTION('',(7.40148683083357E-15,1.,0.));
#17011=DIRECTION('',(-1.,-1.4210854715202E-15,0.));
#17012=DIRECTION('',(0.,-1.,0.));
#17013=DIRECTION('',(1.,-1.8947806286936E-15,0.));
#17014=DIRECTION('',(7.40148683083357E-15,1.,0.));
#17015=DIRECTION('',(-1.,-1.4210854715202E-15,0.));
#17016=DIRECTION('',(0.,-1.,0.));
#17017=DIRECTION('',(1.,-1.8947806286936E-15,0.));
#17018=DIRECTION('',(7.40148683083357E-15,1.,0.));
#17019=DIRECTION('',(-1.,-1.4210854715202E-15,0.));
#17020=DIRECTION('',(0.,-1.,0.));
#17021=DIRECTION('',(1.,-1.8947806286936E-15,0.));
#17022=DIRECTION('',(7.40148683083357E-15,1.,0.));
#17023=DIRECTION('',(-1.,-1.4210854715202E-15,0.));
#17024=DIRECTION('',(0.,-1.,0.));
#17025=DIRECTION('',(1.,0.,0.));
#17026=DIRECTION('',(0.,1.,0.));
#17027=DIRECTION('',(-1.,0.,0.));
#17028=DIRECTION('center_axis',(0.,1.,0.));
#17029=DIRECTION('ref_axis',(1.,0.,0.));
#17030=DIRECTION('center_axis',(0.,-1.,0.));
#17031=DIRECTION('ref_axis',(1.,0.,0.));
#17032=DIRECTION('',(0.,-1.,0.));
#17033=DIRECTION('center_axis',(0.,1.,0.));
#17034=DIRECTION('ref_axis',(1.,0.,0.));
#17035=DIRECTION('center_axis',(1.,0.,1.11022302462516E-14));
#17036=DIRECTION('ref_axis',(1.11022302462516E-14,0.,-1.));
#17037=DIRECTION('',(1.11022302462516E-14,0.,-1.));
#17038=DIRECTION('',(0.,1.,0.));
#17039=DIRECTION('',(1.11022302462516E-14,0.,-1.));
#17040=DIRECTION('center_axis',(-1.,0.,-3.33066907387547E-15));
#17041=DIRECTION('ref_axis',(-3.33066907387547E-15,0.,1.));
#17042=DIRECTION('',(-3.33066907387547E-15,0.,1.));
#17043=DIRECTION('',(-3.33066907387547E-15,0.,1.));
#17044=DIRECTION('',(0.,1.,0.));
#17045=DIRECTION('center_axis',(-4.44089209850061E-15,0.,-1.));
#17046=DIRECTION('ref_axis',(-1.,0.,4.44089209850061E-15));
#17047=DIRECTION('',(-1.,0.,4.44089209850061E-15));
#17048=DIRECTION('',(-1.,0.,4.44089209850061E-15));
#17049=DIRECTION('center_axis',(0.,-1.,0.));
#17050=DIRECTION('ref_axis',(1.,0.,0.));
#17051=DIRECTION('center_axis',(0.,-1.,0.));
#17052=DIRECTION('ref_axis',(1.,0.,0.));
#17053=DIRECTION('center_axis',(-1.,0.,0.));
#17054=DIRECTION('ref_axis',(0.,0.,-1.));
#17055=DIRECTION('',(0.,-1.,0.));
#17056=DIRECTION('',(0.,0.,-1.));
#17057=DIRECTION('center_axis',(0.,0.,-1.));
#17058=DIRECTION('ref_axis',(1.,0.,0.));
#17059=DIRECTION('',(0.,-1.,0.));
#17060=DIRECTION('',(1.,0.,0.));
#17061=DIRECTION('center_axis',(-1.,0.,0.));
#17062=DIRECTION('ref_axis',(0.,0.,-1.));
#17063=DIRECTION('',(0.,-1.,0.));
#17064=DIRECTION('',(0.,0.,-1.));
#17065=DIRECTION('center_axis',(1.11022302462516E-15,0.,-1.));
#17066=DIRECTION('ref_axis',(1.,0.,1.11022302462516E-15));
#17067=DIRECTION('',(0.,1.,0.));
#17068=DIRECTION('',(1.,0.,1.11022302462516E-15));
#17069=DIRECTION('center_axis',(-1.,0.,0.));
#17070=DIRECTION('ref_axis',(0.,0.,-1.));
#17071=DIRECTION('',(0.,0.,-1.));
#17072=DIRECTION('',(0.,-1.,0.));
#17073=DIRECTION('',(0.,0.,-1.));
#17074=DIRECTION('center_axis',(-3.20642028772608E-16,0.,-1.));
#17075=DIRECTION('ref_axis',(1.,0.,-3.20642028772608E-16));
#17076=DIRECTION('',(0.,-1.,0.));
#17077=DIRECTION('',(1.,0.,-3.20642028772608E-16));
#17078=DIRECTION('center_axis',(0.,-1.,0.));
#17079=DIRECTION('ref_axis',(-1.,0.,0.));
#17080=DIRECTION('center_axis',(0.,1.,0.));
#17081=DIRECTION('ref_axis',(-1.,0.,0.));
#17082=DIRECTION('',(0.,1.,0.));
#17083=DIRECTION('center_axis',(0.,-1.,0.));
#17084=DIRECTION('ref_axis',(-1.,0.,0.));
#17085=DIRECTION('center_axis',(0.,1.,0.));
#17086=DIRECTION('ref_axis',(-1.,0.,0.));
#17087=DIRECTION('',(0.,1.,0.));
#17088=DIRECTION('center_axis',(0.,-1.,0.));
#17089=DIRECTION('ref_axis',(-1.,0.,0.));
#17090=DIRECTION('center_axis',(0.,1.,0.));
#17091=DIRECTION('ref_axis',(-1.,0.,0.));
#17092=DIRECTION('',(0.,1.,0.));
#17093=DIRECTION('center_axis',(0.,-1.,0.));
#17094=DIRECTION('ref_axis',(-1.,0.,0.));
#17095=DIRECTION('center_axis',(0.,1.,0.));
#17096=DIRECTION('ref_axis',(-1.,0.,0.));
#17097=DIRECTION('',(0.,1.,0.));
#17098=DIRECTION('center_axis',(-1.,0.,0.));
#17099=DIRECTION('ref_axis',(0.,0.,-1.));
#17100=DIRECTION('',(0.,1.,0.));
#17101=DIRECTION('',(0.,0.,-1.));
#17102=DIRECTION('center_axis',(1.,0.,0.));
#17103=DIRECTION('ref_axis',(0.,0.,1.));
#17104=DIRECTION('',(0.,0.,1.));
#17105=DIRECTION('',(0.,-1.,0.));
#17106=DIRECTION('center_axis',(0.,0.,-1.));
#17107=DIRECTION('ref_axis',(1.,0.,0.));
#17108=DIRECTION('',(1.,0.,0.));
#17109=DIRECTION('center_axis',(0.,-1.,0.));
#17110=DIRECTION('ref_axis',(-1.,0.,0.));
#17111=DIRECTION('center_axis',(0.,-1.,0.));
#17112=DIRECTION('ref_axis',(-1.,0.,0.));
#17113=DIRECTION('center_axis',(0.,1.,0.));
#17114=DIRECTION('ref_axis',(-1.,0.,0.));
#17115=DIRECTION('',(0.,1.,0.));
#17116=DIRECTION('center_axis',(0.,-1.,0.));
#17117=DIRECTION('ref_axis',(-1.,0.,0.));
#17118=DIRECTION('center_axis',(0.,1.,0.));
#17119=DIRECTION('ref_axis',(-1.,0.,0.));
#17120=DIRECTION('',(0.,1.,0.));
#17121=DIRECTION('center_axis',(0.,-1.,0.));
#17122=DIRECTION('ref_axis',(-1.,0.,0.));
#17123=DIRECTION('center_axis',(0.,1.,0.));
#17124=DIRECTION('ref_axis',(-1.,0.,0.));
#17125=DIRECTION('',(0.,1.,0.));
#17126=DIRECTION('center_axis',(0.,-1.,0.));
#17127=DIRECTION('ref_axis',(-1.,0.,0.));
#17128=DIRECTION('center_axis',(1.,-7.40148683083357E-15,-2.53765262771464E-16));
#17129=DIRECTION('ref_axis',(-7.40148683083357E-15,-1.,2.35621536804339E-30));
#17130=DIRECTION('',(-2.53765262771464E-16,0.,-1.));
#17131=DIRECTION('',(-2.53765262771464E-16,0.,-1.));
#17132=DIRECTION('center_axis',(-1.4210854715202E-15,1.,3.60622128101034E-31));
#17133=DIRECTION('ref_axis',(1.,1.4210854715202E-15,-3.1834351960578E-16));
#17134=DIRECTION('',(-2.53765262771464E-16,0.,-1.));
#17135=DIRECTION('center_axis',(-1.,0.,2.53765262771464E-16));
#17136=DIRECTION('ref_axis',(0.,1.,0.));
#17137=DIRECTION('',(-2.53765262771464E-16,0.,-1.));
#17138=DIRECTION('center_axis',(-1.8947806286936E-15,-1.,4.80829504134712E-31));
#17139=DIRECTION('ref_axis',(-1.,1.8947806286936E-15,3.1834351960578E-16));
#17140=DIRECTION('center_axis',(1.,-7.40148683083357E-15,-2.53765262771464E-16));
#17141=DIRECTION('ref_axis',(-7.40148683083357E-15,-1.,2.35621536804339E-30));
#17142=DIRECTION('',(-2.53765262771464E-16,0.,-1.));
#17143=DIRECTION('',(-2.53765262771464E-16,0.,-1.));
#17144=DIRECTION('center_axis',(-1.4210854715202E-15,1.,3.60622128101034E-31));
#17145=DIRECTION('ref_axis',(1.,1.4210854715202E-15,-3.1834351960578E-16));
#17146=DIRECTION('',(-2.53765262771464E-16,0.,-1.));
#17147=DIRECTION('center_axis',(-1.,0.,2.53765262771464E-16));
#17148=DIRECTION('ref_axis',(0.,1.,0.));
#17149=DIRECTION('',(-2.53765262771464E-16,0.,-1.));
#17150=DIRECTION('center_axis',(-1.8947806286936E-15,-1.,4.80829504134712E-31));
#17151=DIRECTION('ref_axis',(-1.,1.8947806286936E-15,3.1834351960578E-16));
#17152=DIRECTION('center_axis',(1.,-7.40148683083357E-15,-2.53765262771464E-16));
#17153=DIRECTION('ref_axis',(-7.40148683083357E-15,-1.,2.35621536804339E-30));
#17154=DIRECTION('',(-2.53765262771464E-16,0.,-1.));
#17155=DIRECTION('',(-2.53765262771464E-16,0.,-1.));
#17156=DIRECTION('center_axis',(-1.4210854715202E-15,1.,3.60622128101034E-31));
#17157=DIRECTION('ref_axis',(1.,1.4210854715202E-15,-3.1834351960578E-16));
#17158=DIRECTION('',(-2.53765262771464E-16,0.,-1.));
#17159=DIRECTION('center_axis',(-1.,0.,2.53765262771464E-16));
#17160=DIRECTION('ref_axis',(0.,1.,0.));
#17161=DIRECTION('',(-2.53765262771464E-16,0.,-1.));
#17162=DIRECTION('center_axis',(-1.8947806286936E-15,-1.,4.80829504134712E-31));
#17163=DIRECTION('ref_axis',(-1.,1.8947806286936E-15,3.1834351960578E-16));
#17164=DIRECTION('center_axis',(1.,-7.40148683083357E-15,-2.53765262771464E-16));
#17165=DIRECTION('ref_axis',(-7.40148683083357E-15,-1.,2.35621536804339E-30));
#17166=DIRECTION('',(-2.53765262771464E-16,0.,-1.));
#17167=DIRECTION('',(-2.53765262771464E-16,0.,-1.));
#17168=DIRECTION('center_axis',(-1.4210854715202E-15,1.,3.60622128101034E-31));
#17169=DIRECTION('ref_axis',(1.,1.4210854715202E-15,-3.1834351960578E-16));
#17170=DIRECTION('',(-2.53765262771464E-16,0.,-1.));
#17171=DIRECTION('center_axis',(-1.,0.,2.53765262771464E-16));
#17172=DIRECTION('ref_axis',(0.,1.,0.));
#17173=DIRECTION('',(-2.53765262771464E-16,0.,-1.));
#17174=DIRECTION('center_axis',(-1.8947806286936E-15,-1.,4.80829504134712E-31));
#17175=DIRECTION('ref_axis',(-1.,1.8947806286936E-15,3.1834351960578E-16));
#17176=DIRECTION('center_axis',(1.,-7.40148683083357E-15,-2.53765262771464E-16));
#17177=DIRECTION('ref_axis',(-7.40148683083357E-15,-1.,2.35621536804339E-30));
#17178=DIRECTION('',(-2.53765262771464E-16,0.,-1.));
#17179=DIRECTION('',(-2.53765262771464E-16,0.,-1.));
#17180=DIRECTION('center_axis',(-1.4210854715202E-15,1.,3.60622128101034E-31));
#17181=DIRECTION('ref_axis',(1.,1.4210854715202E-15,-3.1834351960578E-16));
#17182=DIRECTION('',(-2.53765262771464E-16,0.,-1.));
#17183=DIRECTION('center_axis',(-1.,0.,2.53765262771464E-16));
#17184=DIRECTION('ref_axis',(0.,1.,0.));
#17185=DIRECTION('',(-2.53765262771464E-16,0.,-1.));
#17186=DIRECTION('center_axis',(-1.8947806286936E-15,-1.,4.80829504134712E-31));
#17187=DIRECTION('ref_axis',(-1.,1.8947806286936E-15,3.1834351960578E-16));
#17188=DIRECTION('center_axis',(1.,-7.40148683083357E-15,-2.53765262771464E-16));
#17189=DIRECTION('ref_axis',(-7.40148683083357E-15,-1.,2.35621536804339E-30));
#17190=DIRECTION('',(-2.53765262771464E-16,0.,-1.));
#17191=DIRECTION('',(-2.53765262771464E-16,0.,-1.));
#17192=DIRECTION('center_axis',(-1.4210854715202E-15,1.,3.60622128101034E-31));
#17193=DIRECTION('ref_axis',(1.,1.4210854715202E-15,-3.1834351960578E-16));
#17194=DIRECTION('',(-2.53765262771464E-16,0.,-1.));
#17195=DIRECTION('center_axis',(-1.,0.,2.53765262771464E-16));
#17196=DIRECTION('ref_axis',(0.,1.,0.));
#17197=DIRECTION('',(-2.53765262771464E-16,0.,-1.));
#17198=DIRECTION('center_axis',(-1.8947806286936E-15,-1.,4.80829504134712E-31));
#17199=DIRECTION('ref_axis',(-1.,1.8947806286936E-15,3.1834351960578E-16));
#17200=DIRECTION('center_axis',(1.,-7.40148683083357E-15,-2.53765262771464E-16));
#17201=DIRECTION('ref_axis',(-7.40148683083357E-15,-1.,2.35621536804339E-30));
#17202=DIRECTION('',(-2.53765262771464E-16,0.,-1.));
#17203=DIRECTION('',(-2.53765262771464E-16,0.,-1.));
#17204=DIRECTION('center_axis',(-1.4210854715202E-15,1.,3.60622128101034E-31));
#17205=DIRECTION('ref_axis',(1.,1.4210854715202E-15,-3.1834351960578E-16));
#17206=DIRECTION('',(-2.53765262771464E-16,0.,-1.));
#17207=DIRECTION('center_axis',(-1.,0.,2.53765262771464E-16));
#17208=DIRECTION('ref_axis',(0.,1.,0.));
#17209=DIRECTION('',(-2.53765262771464E-16,0.,-1.));
#17210=DIRECTION('center_axis',(-1.8947806286936E-15,-1.,4.80829504134712E-31));
#17211=DIRECTION('ref_axis',(-1.,1.8947806286936E-15,3.1834351960578E-16));
#17212=DIRECTION('center_axis',(1.,-7.40148683083357E-15,-2.53765262771464E-16));
#17213=DIRECTION('ref_axis',(-7.40148683083357E-15,-1.,2.35621536804339E-30));
#17214=DIRECTION('',(-2.53765262771464E-16,0.,-1.));
#17215=DIRECTION('',(-2.53765262771464E-16,0.,-1.));
#17216=DIRECTION('center_axis',(-1.4210854715202E-15,1.,3.60622128101034E-31));
#17217=DIRECTION('ref_axis',(1.,1.4210854715202E-15,-3.1834351960578E-16));
#17218=DIRECTION('',(-2.53765262771464E-16,0.,-1.));
#17219=DIRECTION('center_axis',(-1.,0.,2.53765262771464E-16));
#17220=DIRECTION('ref_axis',(0.,1.,0.));
#17221=DIRECTION('',(-2.53765262771464E-16,0.,-1.));
#17222=DIRECTION('center_axis',(-1.8947806286936E-15,-1.,4.80829504134712E-31));
#17223=DIRECTION('ref_axis',(-1.,1.8947806286936E-15,3.1834351960578E-16));
#17224=DIRECTION('center_axis',(1.,0.,3.94745964311167E-16));
#17225=DIRECTION('ref_axis',(-3.94745964311167E-16,0.,1.));
#17226=DIRECTION('',(-3.94745964311167E-16,0.,1.));
#17227=DIRECTION('center_axis',(0.,-1.,0.));
#17228=DIRECTION('ref_axis',(0.,0.,-1.));
#17229=DIRECTION('',(0.,0.,1.));
#17230=DIRECTION('center_axis',(0.,0.,-1.));
#17231=DIRECTION('ref_axis',(-1.,0.,0.));
#17232=DIRECTION('',(0.,-1.,0.));
#17233=DIRECTION('',(1.,0.,0.));
#17234=DIRECTION('',(0.,-1.,0.));
#17235=DIRECTION('',(-1.,0.,0.));
#17236=DIRECTION('center_axis',(0.,1.,0.));
#17237=DIRECTION('ref_axis',(1.,0.,0.));
#17238=DIRECTION('',(0.,0.,-1.));
#17239=DIRECTION('',(0.,0.,-1.));
#17240=DIRECTION('center_axis',(1.,0.,0.));
#17241=DIRECTION('ref_axis',(0.,-1.,0.));
#17242=DIRECTION('',(0.,0.,-1.));
#17243=DIRECTION('center_axis',(-1.,0.,0.));
#17244=DIRECTION('ref_axis',(0.,1.,0.));
#17245=DIRECTION('center_axis',(-1.,0.,0.));
#17246=DIRECTION('ref_axis',(0.,1.,0.));
#17247=DIRECTION('center_axis',(-1.,0.,0.));
#17248=DIRECTION('ref_axis',(0.,1.,0.));
#17249=DIRECTION('center_axis',(-1.,0.,0.));
#17250=DIRECTION('ref_axis',(0.,1.,0.));
#17251=DIRECTION('center_axis',(0.,-1.,0.));
#17252=DIRECTION('ref_axis',(-1.,0.,0.));
#17253=DIRECTION('',(0.,0.,1.));
#17254=DIRECTION('center_axis',(-1.,0.,0.));
#17255=DIRECTION('ref_axis',(0.,1.,0.));
#17256=DIRECTION('',(-1.,0.,0.));
#17257=DIRECTION('center_axis',(1.,0.,0.));
#17258=DIRECTION('ref_axis',(0.,1.,0.));
#17259=DIRECTION('center_axis',(-1.,0.,0.));
#17260=DIRECTION('ref_axis',(0.,1.,0.));
#17261=DIRECTION('',(-1.,0.,0.));
#17262=DIRECTION('center_axis',(1.,0.,0.));
#17263=DIRECTION('ref_axis',(0.,1.,0.));
#17264=DIRECTION('center_axis',(-1.,0.,0.));
#17265=DIRECTION('ref_axis',(0.,1.,0.));
#17266=DIRECTION('',(-1.,0.,0.));
#17267=DIRECTION('center_axis',(1.,0.,0.));
#17268=DIRECTION('ref_axis',(0.,1.,0.));
#17269=DIRECTION('center_axis',(-1.,0.,0.));
#17270=DIRECTION('ref_axis',(0.,1.,0.));
#17271=DIRECTION('',(-1.,0.,0.));
#17272=DIRECTION('center_axis',(1.,0.,0.));
#17273=DIRECTION('ref_axis',(0.,1.,0.));
#17274=DIRECTION('center_axis',(-1.,0.,0.));
#17275=DIRECTION('ref_axis',(0.,0.,1.));
#17276=DIRECTION('center_axis',(0.,-1.,0.));
#17277=DIRECTION('ref_axis',(-0.707106781186554,0.,0.707106781186541));
#17278=DIRECTION('center_axis',(0.,1.,0.));
#17279=DIRECTION('ref_axis',(-0.707106781186554,0.,0.707106781186541));
#17280=DIRECTION('',(0.,1.,0.));
#17281=DIRECTION('center_axis',(0.,-1.,0.));
#17282=DIRECTION('ref_axis',(-0.707106781186554,0.,0.707106781186541));
#17283=DIRECTION('',(0.,-1.,0.));
#17284=DIRECTION('center_axis',(0.,-1.,0.));
#17285=DIRECTION('ref_axis',(0.,0.,-1.));
#17286=DIRECTION('',(-2.63163976207444E-16,0.,-1.));
#17287=DIRECTION('',(1.,0.,3.33066907387554E-14));
#17288=DIRECTION('',(0.,0.,1.));
#17289=DIRECTION('',(1.,0.,0.));
#17290=DIRECTION('',(0.,0.,1.));
#17291=DIRECTION('',(-1.,0.,3.1834351960578E-16));
#17292=DIRECTION('center_axis',(-1.,0.,2.63163976207444E-16));
#17293=DIRECTION('ref_axis',(-2.63163976207444E-16,0.,-1.));
#17294=DIRECTION('',(-2.63163976207444E-16,0.,-1.));
#17295=DIRECTION('',(0.,1.,0.));
#17296=DIRECTION('',(2.63163976207444E-16,-4.91071673063633E-33,1.));
#17297=DIRECTION('',(0.,-1.,0.));
#17298=DIRECTION('',(-2.63163976207444E-16,0.,-1.));
#17299=DIRECTION('',(0.,1.,0.));
#17300=DIRECTION('',(2.63163976207444E-16,-4.91071673063633E-33,1.));
#17301=DIRECTION('',(0.,-1.,0.));
#17302=DIRECTION('',(-2.63163976207444E-16,0.,-1.));
#17303=DIRECTION('',(0.,1.,0.));
#17304=DIRECTION('',(2.63163976207444E-16,-4.91071673063633E-33,1.));
#17305=DIRECTION('',(0.,-1.,0.));
#17306=DIRECTION('',(-2.63163976207444E-16,0.,-1.));
#17307=DIRECTION('',(0.,1.,0.));
#17308=DIRECTION('',(2.63163976207444E-16,-4.91071673063633E-33,1.));
#17309=DIRECTION('',(0.,-1.,0.));
#17310=DIRECTION('',(-2.63163976207444E-16,0.,-1.));
#17311=DIRECTION('',(0.,1.,0.));
#17312=DIRECTION('',(2.63163976207444E-16,-4.91071673063633E-33,1.));
#17313=DIRECTION('',(0.,-1.,0.));
#17314=DIRECTION('',(-2.63163976207444E-16,0.,-1.));
#17315=DIRECTION('',(0.,1.,0.));
#17316=DIRECTION('',(2.63163976207444E-16,-4.91071673063633E-33,1.));
#17317=DIRECTION('',(0.,-1.,0.));
#17318=DIRECTION('',(-2.63163976207444E-16,0.,-1.));
#17319=DIRECTION('',(0.,1.,0.));
#17320=DIRECTION('',(2.63163976207444E-16,-4.91071673063633E-33,1.));
#17321=DIRECTION('',(0.,-1.,0.));
#17322=DIRECTION('',(-2.63163976207444E-16,0.,-1.));
#17323=DIRECTION('',(0.,1.,0.));
#17324=DIRECTION('',(2.63163976207444E-16,-4.91071673063633E-33,1.));
#17325=DIRECTION('',(0.,-1.,0.));
#17326=DIRECTION('',(-2.63163976207444E-16,0.,-1.));
#17327=DIRECTION('',(0.,-1.,0.));
#17328=DIRECTION('center_axis',(1.,0.,-2.63163976207444E-16));
#17329=DIRECTION('ref_axis',(0.,1.,0.));
#17330=DIRECTION('center_axis',(1.,0.,-2.63163976207444E-16));
#17331=DIRECTION('ref_axis',(0.,1.,0.));
#17332=DIRECTION('center_axis',(0.,-1.,0.));
#17333=DIRECTION('ref_axis',(-0.707106781186554,0.,0.707106781186541));
#17334=DIRECTION('center_axis',(5.22488185652848E-16,1.,-1.32589351727181E-31));
#17335=DIRECTION('ref_axis',(-0.707106781186554,0.,0.707106781186541));
#17336=DIRECTION('',(0.,1.,0.));
#17337=DIRECTION('center_axis',(0.,-1.,0.));
#17338=DIRECTION('ref_axis',(-0.707106781186554,0.,0.707106781186541));
#17339=DIRECTION('center_axis',(0.,-1.,0.));
#17340=DIRECTION('ref_axis',(-1.,0.,3.1834351960578E-16));
#17341=DIRECTION('',(-1.,0.,3.1834351960578E-16));
#17342=DIRECTION('',(-2.53765262771464E-16,0.,-1.));
#17343=DIRECTION('',(1.,0.,0.));
#17344=DIRECTION('',(0.,0.,1.));
#17345=DIRECTION('',(-1.,0.,3.1834351960578E-16));
#17346=DIRECTION('center_axis',(3.1834351960578E-16,0.,1.));
#17347=DIRECTION('ref_axis',(-1.,0.,3.1834351960578E-16));
#17348=DIRECTION('',(0.,1.,0.));
#17349=DIRECTION('',(-1.,0.,3.1834351960578E-16));
#17350=DIRECTION('',(0.,1.,0.));
#17351=DIRECTION('',(1.,-5.22488185652848E-16,-3.1834351960578E-16));
#17352=DIRECTION('',(0.,-1.,0.));
#17353=DIRECTION('',(-1.,0.,3.1834351960578E-16));
#17354=DIRECTION('',(0.,1.,0.));
#17355=DIRECTION('',(1.,-5.22488185652848E-16,-3.1834351960578E-16));
#17356=DIRECTION('',(0.,-1.,0.));
#17357=DIRECTION('',(-1.,0.,3.1834351960578E-16));
#17358=DIRECTION('',(0.,1.,0.));
#17359=DIRECTION('',(1.,-5.22488185652848E-16,-3.1834351960578E-16));
#17360=DIRECTION('',(0.,-1.,0.));
#17361=DIRECTION('',(-1.,0.,3.1834351960578E-16));
#17362=DIRECTION('',(0.,1.,0.));
#17363=DIRECTION('',(1.,-5.22488185652848E-16,-3.1834351960578E-16));
#17364=DIRECTION('',(0.,-1.,0.));
#17365=DIRECTION('',(-1.,0.,3.1834351960578E-16));
#17366=DIRECTION('',(0.,1.,0.));
#17367=DIRECTION('',(1.,-5.22488185652848E-16,-3.1834351960578E-16));
#17368=DIRECTION('',(0.,-1.,0.));
#17369=DIRECTION('',(-1.,0.,3.1834351960578E-16));
#17370=DIRECTION('',(0.,1.,0.));
#17371=DIRECTION('',(1.,-5.22488185652848E-16,-3.1834351960578E-16));
#17372=DIRECTION('',(0.,-1.,0.));
#17373=DIRECTION('',(-1.,0.,3.1834351960578E-16));
#17374=DIRECTION('',(0.,1.,0.));
#17375=DIRECTION('',(1.,-5.22488185652848E-16,-3.1834351960578E-16));
#17376=DIRECTION('',(0.,-1.,0.));
#17377=DIRECTION('',(1.,-5.22488185652848E-16,-3.1834351960578E-16));
#17378=DIRECTION('',(0.,-1.,0.));
#17379=DIRECTION('',(-1.,0.,3.1834351960578E-16));
#17380=DIRECTION('center_axis',(0.,-1.,0.));
#17381=DIRECTION('ref_axis',(-0.707106781186554,0.,0.707106781186541));
#17382=DIRECTION('center_axis',(5.22488185652848E-16,1.,-1.32589351727181E-31));
#17383=DIRECTION('ref_axis',(-0.707106781186554,0.,0.707106781186541));
#17384=DIRECTION('center_axis',(0.,-1.,0.));
#17385=DIRECTION('ref_axis',(-0.707106781186554,0.,0.707106781186541));
#17386=DIRECTION('center_axis',(5.22488185652848E-16,1.,-1.32589351727181E-31));
#17387=DIRECTION('ref_axis',(1.,-5.22488185652848E-16,-3.1834351960578E-16));
#17388=DIRECTION('',(1.,-5.22488185652848E-16,-3.1834351960578E-16));
#17389=DIRECTION('',(0.,-1.32589351727181E-31,-1.));
#17390=DIRECTION('',(-1.,5.22488185652848E-16,0.));
#17391=DIRECTION('',(-2.53765262771464E-16,0.,-1.));
#17392=DIRECTION('center_axis',(0.,-1.,0.));
#17393=DIRECTION('ref_axis',(-0.707106781186554,0.,0.707106781186541));
#17394=DIRECTION('center_axis',(5.22488185652848E-16,1.,-1.32589351727181E-31));
#17395=DIRECTION('ref_axis',(-0.707106781186554,0.,0.707106781186541));
#17396=DIRECTION('center_axis',(0.,-1.,0.));
#17397=DIRECTION('ref_axis',(-0.707106781186554,0.,0.707106781186541));
#17398=DIRECTION('center_axis',(0.,-1.,0.));
#17399=DIRECTION('ref_axis',(-1.,0.,3.1834351960578E-16));
#17400=DIRECTION('',(-2.53765262771464E-16,0.,-1.));
#17401=DIRECTION('',(1.,0.,0.));
#17402=DIRECTION('',(0.,0.,1.));
#17403=DIRECTION('',(-1.,0.,3.1834351960578E-16));
#17404=DIRECTION('center_axis',(0.,-1.,0.));
#17405=DIRECTION('ref_axis',(-0.707106781186554,0.,0.707106781186541));
#17406=DIRECTION('center_axis',(5.22488185652848E-16,1.,-1.32589351727181E-31));
#17407=DIRECTION('ref_axis',(-0.707106781186554,0.,0.707106781186541));
#17408=DIRECTION('center_axis',(0.,-1.,0.));
#17409=DIRECTION('ref_axis',(-0.707106781186554,0.,0.707106781186541));
#17410=DIRECTION('center_axis',(5.22488185652848E-16,1.,-1.32589351727181E-31));
#17411=DIRECTION('ref_axis',(1.,-5.22488185652848E-16,-3.1834351960578E-16));
#17412=DIRECTION('',(1.,-5.22488185652848E-16,-3.1834351960578E-16));
#17413=DIRECTION('',(0.,-1.32589351727181E-31,-1.));
#17414=DIRECTION('',(-1.,5.22488185652848E-16,0.));
#17415=DIRECTION('',(-2.53765262771464E-16,0.,-1.));
#17416=DIRECTION('center_axis',(0.,-1.,0.));
#17417=DIRECTION('ref_axis',(-0.707106781186554,0.,0.707106781186541));
#17418=DIRECTION('center_axis',(5.22488185652848E-16,1.,-1.32589351727181E-31));
#17419=DIRECTION('ref_axis',(-0.707106781186554,0.,0.707106781186541));
#17420=DIRECTION('center_axis',(0.,-1.,0.));
#17421=DIRECTION('ref_axis',(-0.707106781186554,0.,0.707106781186541));
#17422=DIRECTION('center_axis',(0.,-1.,0.));
#17423=DIRECTION('ref_axis',(-1.,0.,3.1834351960578E-16));
#17424=DIRECTION('',(-2.53765262771464E-16,0.,-1.));
#17425=DIRECTION('',(1.,0.,0.));
#17426=DIRECTION('',(0.,0.,1.));
#17427=DIRECTION('',(-1.,0.,3.1834351960578E-16));
#17428=DIRECTION('center_axis',(0.,-1.,0.));
#17429=DIRECTION('ref_axis',(-0.707106781186554,0.,0.707106781186541));
#17430=DIRECTION('center_axis',(5.22488185652848E-16,1.,-1.32589351727181E-31));
#17431=DIRECTION('ref_axis',(-0.707106781186554,0.,0.707106781186541));
#17432=DIRECTION('center_axis',(0.,-1.,0.));
#17433=DIRECTION('ref_axis',(-0.707106781186554,0.,0.707106781186541));
#17434=DIRECTION('center_axis',(5.22488185652848E-16,1.,-1.32589351727181E-31));
#17435=DIRECTION('ref_axis',(1.,-5.22488185652848E-16,-3.1834351960578E-16));
#17436=DIRECTION('',(1.,-5.22488185652848E-16,-3.1834351960578E-16));
#17437=DIRECTION('',(0.,-1.32589351727181E-31,-1.));
#17438=DIRECTION('',(-1.,5.22488185652848E-16,0.));
#17439=DIRECTION('',(-2.53765262771464E-16,0.,-1.));
#17440=DIRECTION('center_axis',(0.,-1.,0.));
#17441=DIRECTION('ref_axis',(-0.707106781186554,0.,0.707106781186541));
#17442=DIRECTION('center_axis',(5.22488185652848E-16,1.,-1.32589351727181E-31));
#17443=DIRECTION('ref_axis',(-0.707106781186554,0.,0.707106781186541));
#17444=DIRECTION('center_axis',(0.,-1.,0.));
#17445=DIRECTION('ref_axis',(-0.707106781186554,0.,0.707106781186541));
#17446=DIRECTION('center_axis',(0.,-1.,0.));
#17447=DIRECTION('ref_axis',(-1.,0.,3.1834351960578E-16));
#17448=DIRECTION('',(-2.53765262771464E-16,0.,-1.));
#17449=DIRECTION('',(1.,0.,0.));
#17450=DIRECTION('',(0.,0.,1.));
#17451=DIRECTION('',(-1.,0.,3.1834351960578E-16));
#17452=DIRECTION('center_axis',(0.,-1.,0.));
#17453=DIRECTION('ref_axis',(-0.707106781186554,0.,0.707106781186541));
#17454=DIRECTION('center_axis',(0.,-1.,0.));
#17455=DIRECTION('ref_axis',(-0.707106781186554,0.,0.707106781186541));
#17456=DIRECTION('center_axis',(5.22488185652848E-16,1.,-1.32589351727181E-31));
#17457=DIRECTION('ref_axis',(-0.707106781186554,0.,0.707106781186541));
#17458=DIRECTION('center_axis',(0.,-1.,0.));
#17459=DIRECTION('ref_axis',(0.,0.,-1.));
#17460=DIRECTION('',(0.,0.,1.));
#17461=DIRECTION('',(1.,0.,0.));
#17462=DIRECTION('',(0.,0.,1.));
#17463=DIRECTION('',(1.,0.,6.83214169000097E-16));
#17464=DIRECTION('',(0.,0.,1.));
#17465=DIRECTION('',(1.,0.,0.));
#17466=DIRECTION('',(0.,0.,1.));
#17467=DIRECTION('',(1.,0.,3.33066907387554E-14));
#17468=DIRECTION('center_axis',(0.,1.,0.));
#17469=DIRECTION('ref_axis',(-1.,0.,0.));
#17470=DIRECTION('center_axis',(-1.,0.,0.));
#17471=DIRECTION('ref_axis',(0.,1.,0.));
#17472=DIRECTION('center_axis',(-1.,0.,0.));
#17473=DIRECTION('ref_axis',(0.,1.,0.));
#17474=DIRECTION('',(-1.,0.,0.));
#17475=DIRECTION('center_axis',(-1.,0.,0.));
#17476=DIRECTION('ref_axis',(0.,1.,0.));
#17477=DIRECTION('center_axis',(-1.,0.,0.));
#17478=DIRECTION('ref_axis',(0.,1.,0.));
#17479=DIRECTION('',(-1.,0.,0.));
#17480=DIRECTION('center_axis',(0.,1.,0.));
#17481=DIRECTION('ref_axis',(1.,0.,0.));
#17482=DIRECTION('center_axis',(0.,-1.,0.));
#17483=DIRECTION('ref_axis',(1.,0.,0.));
#17484=DIRECTION('',(0.,-1.,0.));
#17485=DIRECTION('center_axis',(0.,1.,0.));
#17486=DIRECTION('ref_axis',(1.,0.,0.));
#17487=DIRECTION('center_axis',(0.707106781186416,0.,0.707106781186679));
#17488=DIRECTION('ref_axis',(0.707106781186679,0.,-0.707106781186416));
#17489=DIRECTION('',(-0.707106781186679,0.,0.707106781186416));
#17490=DIRECTION('',(0.,1.,0.));
#17491=DIRECTION('',(0.707106781186679,0.,-0.707106781186416));
#17492=DIRECTION('',(0.,1.,0.));
#17493=DIRECTION('center_axis',(3.61932706027799E-13,0.,-1.));
#17494=DIRECTION('ref_axis',(-1.,0.,-3.61932706027799E-13));
#17495=DIRECTION('',(-1.,0.,-3.61932706027799E-13));
#17496=DIRECTION('',(0.,-1.,0.));
#17497=DIRECTION('',(-1.,0.,-3.61932706027799E-13));
#17498=DIRECTION('',(0.,1.,0.));
#17499=DIRECTION('center_axis',(1.,0.,0.));
#17500=DIRECTION('ref_axis',(0.,0.,-1.));
#17501=DIRECTION('',(0.,0.,-1.));
#17502=DIRECTION('',(0.,0.,-1.));
#17503=DIRECTION('center_axis',(0.,-1.,0.));
#17504=DIRECTION('ref_axis',(1.,0.,0.));
#17505=DIRECTION('',(0.,0.,1.));
#17506=DIRECTION('center_axis',(0.,-1.,0.));
#17507=DIRECTION('ref_axis',(1.,0.,0.));
#17508=DIRECTION('',(0.,0.,-1.));
#17509=DIRECTION('center_axis',(0.,1.,0.));
#17510=DIRECTION('ref_axis',(1.,0.,0.));
#17511=DIRECTION('center_axis',(0.,-1.,0.));
#17512=DIRECTION('ref_axis',(1.,0.,0.));
#17513=DIRECTION('',(0.,-1.,0.));
#17514=DIRECTION('center_axis',(0.,1.,0.));
#17515=DIRECTION('ref_axis',(1.,0.,0.));
#17516=DIRECTION('center_axis',(1.,0.,0.));
#17517=DIRECTION('ref_axis',(0.,0.,-1.));
#17518=DIRECTION('',(0.,0.,-1.));
#17519=DIRECTION('',(0.,1.,0.));
#17520=DIRECTION('',(0.,0.,-1.));
#17521=DIRECTION('',(0.,1.,0.));
#17522=DIRECTION('center_axis',(0.,0.,-1.));
#17523=DIRECTION('ref_axis',(-1.,0.,0.));
#17524=DIRECTION('',(-1.,0.,0.));
#17525=DIRECTION('',(0.,-1.,0.));
#17526=DIRECTION('',(-1.,0.,0.));
#17527=DIRECTION('center_axis',(0.,-1.,0.));
#17528=DIRECTION('ref_axis',(1.,0.,0.));
#17529=DIRECTION('',(1.,0.,0.));
#17530=DIRECTION('',(0.,0.,1.));
#17531=DIRECTION('center_axis',(0.,-1.,0.));
#17532=DIRECTION('ref_axis',(1.,0.,0.));
#17533=DIRECTION('',(0.,0.,-1.));
#17534=DIRECTION('',(-1.,0.,0.));
#17535=DIRECTION('center_axis',(0.,0.,-1.));
#17536=DIRECTION('ref_axis',(1.,0.,0.));
#17537=DIRECTION('',(0.,-1.,0.));
#17538=DIRECTION('',(1.,0.,0.));
#17539=DIRECTION('',(0.,1.,0.));
#17540=DIRECTION('',(-1.,5.22488185652848E-16,0.));
#17541=DIRECTION('',(0.,-1.,0.));
#17542=DIRECTION('',(0.,1.,0.));
#17543=DIRECTION('',(0.,-1.,0.));
#17544=DIRECTION('',(1.,0.,0.));
#17545=DIRECTION('',(0.,1.,0.));
#17546=DIRECTION('',(-1.,5.22488185652848E-16,0.));
#17547=DIRECTION('',(0.,-1.,0.));
#17548=DIRECTION('',(0.,1.,0.));
#17549=DIRECTION('',(-1.,5.22488185652848E-16,0.));
#17550=DIRECTION('',(0.,-1.,0.));
#17551=DIRECTION('',(0.,1.,0.));
#17552=DIRECTION('',(-1.,5.22488185652848E-16,0.));
#17553=DIRECTION('',(0.,-1.,0.));
#17554=DIRECTION('',(0.,1.,0.));
#17555=DIRECTION('',(0.,-1.,0.));
#17556=DIRECTION('',(1.,0.,0.));
#17557=DIRECTION('',(0.,1.,0.));
#17558=DIRECTION('',(0.,-1.,0.));
#17559=DIRECTION('',(1.,0.,0.));
#17560=DIRECTION('',(0.,1.,0.));
#17561=DIRECTION('',(-1.,5.22488185652848E-16,0.));
#17562=DIRECTION('',(0.,-1.,0.));
#17563=DIRECTION('',(1.,0.,0.));
#17564=DIRECTION('',(0.,1.,0.));
#17565=DIRECTION('',(0.,-1.,0.));
#17566=DIRECTION('',(-1.,0.,0.));
#17567=DIRECTION('',(0.,-1.,0.));
#17568=DIRECTION('',(1.,0.,0.));
#17569=DIRECTION('',(0.,-1.,0.));
#17570=DIRECTION('',(0.,-1.,0.));
#17571=DIRECTION('center_axis',(1.,0.,0.));
#17572=DIRECTION('ref_axis',(0.,0.,1.));
#17573=DIRECTION('',(0.,1.,0.));
#17574=DIRECTION('',(0.,0.,1.));
#17575=DIRECTION('',(0.,-1.,0.));
#17576=DIRECTION('center_axis',(6.83214169000097E-16,0.,-1.));
#17577=DIRECTION('ref_axis',(1.,0.,6.83214169000097E-16));
#17578=DIRECTION('',(0.,-1.,0.));
#17579=DIRECTION('',(1.,0.,6.83214169000097E-16));
#17580=DIRECTION('center_axis',(1.,0.,0.));
#17581=DIRECTION('ref_axis',(0.,0.,1.));
#17582=DIRECTION('',(0.,0.,1.));
#17583=DIRECTION('center_axis',(-1.,0.,0.));
#17584=DIRECTION('ref_axis',(0.,0.,1.));
#17585=DIRECTION('',(0.,0.,1.));
#17586=DIRECTION('',(0.,-1.,0.));
#17587=DIRECTION('',(0.,0.,-1.));
#17588=DIRECTION('center_axis',(1.,0.,0.));
#17589=DIRECTION('ref_axis',(0.,1.,0.));
#17590=DIRECTION('center_axis',(1.,0.,0.));
#17591=DIRECTION('ref_axis',(0.,1.,0.));
#17592=DIRECTION('center_axis',(1.,0.,0.));
#17593=DIRECTION('ref_axis',(0.,1.,0.));
#17594=DIRECTION('center_axis',(1.,0.,0.));
#17595=DIRECTION('ref_axis',(0.,1.,0.));
#17596=DIRECTION('center_axis',(0.,-1.,0.));
#17597=DIRECTION('ref_axis',(-1.,0.,0.));
#17598=DIRECTION('center_axis',(0.,1.,0.));
#17599=DIRECTION('ref_axis',(-1.,0.,0.));
#17600=DIRECTION('',(0.,1.,0.));
#17601=DIRECTION('center_axis',(0.,0.,-1.));
#17602=DIRECTION('ref_axis',(1.,0.,0.));
#17603=DIRECTION('',(1.,0.,0.));
#17604=DIRECTION('',(0.,-1.,0.));
#17605=DIRECTION('center_axis',(0.,-1.,0.));
#17606=DIRECTION('ref_axis',(-1.,0.,0.));
#17607=DIRECTION('',(0.,0.,1.));
#17608=DIRECTION('center_axis',(5.22488185652848E-16,1.,-1.32589351727181E-31));
#17609=DIRECTION('ref_axis',(1.,-5.22488185652848E-16,-3.1834351960578E-16));
#17610=DIRECTION('',(1.,-5.22488185652848E-16,-3.1834351960578E-16));
#17611=DIRECTION('',(0.,-1.32589351727181E-31,-1.));
#17612=DIRECTION('',(-2.53765262771464E-16,0.,-1.));
#17613=DIRECTION('center_axis',(0.,-1.,0.));
#17614=DIRECTION('ref_axis',(-1.,0.,3.1834351960578E-16));
#17615=DIRECTION('',(-2.53765262771464E-16,0.,-1.));
#17616=DIRECTION('',(0.,0.,1.));
#17617=DIRECTION('',(-1.,0.,3.1834351960578E-16));
#17618=DIRECTION('center_axis',(1.,0.,-2.53765262771464E-16));
#17619=DIRECTION('ref_axis',(0.,-1.,0.));
#17620=DIRECTION('center_axis',(-2.53765262771464E-16,0.,-1.));
#17621=DIRECTION('ref_axis',(-1.,0.,2.53765262771464E-16));
#17622=DIRECTION('',(0.,-1.,0.));
#17623=DIRECTION('center_axis',(1.,0.,0.));
#17624=DIRECTION('ref_axis',(0.,0.,1.));
#17625=DIRECTION('',(0.,-1.,0.));
#17626=DIRECTION('',(0.,-1.32589351727181E-31,-1.));
#17627=DIRECTION('',(0.,-1.,0.));
#17628=DIRECTION('',(0.,0.,1.));
#17629=DIRECTION('',(0.,-1.,0.));
#17630=DIRECTION('',(0.,0.,1.));
#17631=DIRECTION('',(0.,-1.,0.));
#17632=DIRECTION('',(0.,-1.32589351727181E-31,-1.));
#17633=DIRECTION('',(0.,-1.,0.));
#17634=DIRECTION('',(0.,-1.32589351727181E-31,-1.));
#17635=DIRECTION('',(0.,-1.,0.));
#17636=DIRECTION('',(0.,-1.32589351727181E-31,-1.));
#17637=DIRECTION('',(0.,-1.,0.));
#17638=DIRECTION('',(0.,0.,1.));
#17639=DIRECTION('',(0.,-1.,0.));
#17640=DIRECTION('center_axis',(1.,0.,-2.53765262771464E-16));
#17641=DIRECTION('ref_axis',(0.,-1.,0.));
#17642=DIRECTION('center_axis',(-2.53765262771464E-16,0.,-1.));
#17643=DIRECTION('ref_axis',(-1.,0.,2.53765262771464E-16));
#17644=DIRECTION('center_axis',(5.22488185652848E-16,1.,-1.32589351727181E-31));
#17645=DIRECTION('ref_axis',(1.,-5.22488185652848E-16,-3.1834351960578E-16));
#17646=DIRECTION('',(1.,-5.22488185652848E-16,-3.1834351960578E-16));
#17647=DIRECTION('',(-2.53765262771464E-16,0.,-1.));
#17648=DIRECTION('center_axis',(0.,-1.,0.));
#17649=DIRECTION('ref_axis',(-1.,0.,3.1834351960578E-16));
#17650=DIRECTION('',(-2.53765262771464E-16,0.,-1.));
#17651=DIRECTION('',(-1.,0.,3.1834351960578E-16));
#17652=DIRECTION('center_axis',(1.,0.,-2.53765262771464E-16));
#17653=DIRECTION('ref_axis',(0.,-1.,0.));
#17654=DIRECTION('center_axis',(-2.53765262771464E-16,0.,-1.));
#17655=DIRECTION('ref_axis',(-1.,0.,2.53765262771464E-16));
#17656=DIRECTION('center_axis',(5.22488185652848E-16,1.,-1.32589351727181E-31));
#17657=DIRECTION('ref_axis',(1.,-5.22488185652848E-16,-3.1834351960578E-16));
#17658=DIRECTION('',(1.,-5.22488185652848E-16,-3.1834351960578E-16));
#17659=DIRECTION('',(-2.53765262771464E-16,0.,-1.));
#17660=DIRECTION('center_axis',(1.,0.,-2.53765262771464E-16));
#17661=DIRECTION('ref_axis',(0.,-1.,0.));
#17662=DIRECTION('center_axis',(-2.53765262771464E-16,0.,-1.));
#17663=DIRECTION('ref_axis',(-1.,0.,2.53765262771464E-16));
#17664=DIRECTION('center_axis',(5.22488185652848E-16,1.,-1.32589351727181E-31));
#17665=DIRECTION('ref_axis',(1.,-5.22488185652848E-16,-3.1834351960578E-16));
#17666=DIRECTION('',(1.,-5.22488185652848E-16,-3.1834351960578E-16));
#17667=DIRECTION('',(-2.53765262771464E-16,0.,-1.));
#17668=DIRECTION('center_axis',(1.,0.,-2.53765262771464E-16));
#17669=DIRECTION('ref_axis',(0.,-1.,0.));
#17670=DIRECTION('center_axis',(-2.53765262771464E-16,0.,-1.));
#17671=DIRECTION('ref_axis',(-1.,0.,2.53765262771464E-16));
#17672=DIRECTION('center_axis',(1.,0.,-2.53765262771464E-16));
#17673=DIRECTION('ref_axis',(0.,-1.,0.));
#17674=DIRECTION('center_axis',(-2.53765262771464E-16,0.,-1.));
#17675=DIRECTION('ref_axis',(-1.,0.,2.53765262771464E-16));
#17676=DIRECTION('center_axis',(0.,-1.,0.));
#17677=DIRECTION('ref_axis',(-1.,0.,3.1834351960578E-16));
#17678=DIRECTION('',(-2.53765262771464E-16,0.,-1.));
#17679=DIRECTION('',(-1.,0.,3.1834351960578E-16));
#17680=DIRECTION('center_axis',(1.,0.,-2.53765262771464E-16));
#17681=DIRECTION('ref_axis',(0.,-1.,0.));
#17682=DIRECTION('center_axis',(-2.53765262771464E-16,0.,-1.));
#17683=DIRECTION('ref_axis',(-1.,0.,2.53765262771464E-16));
#17684=DIRECTION('center_axis',(5.22488185652848E-16,1.,-1.32589351727181E-31));
#17685=DIRECTION('ref_axis',(1.,-5.22488185652848E-16,-3.1834351960578E-16));
#17686=DIRECTION('',(1.,-5.22488185652848E-16,-3.1834351960578E-16));
#17687=DIRECTION('',(-2.53765262771464E-16,0.,-1.));
#17688=DIRECTION('center_axis',(0.,-1.,0.));
#17689=DIRECTION('ref_axis',(-1.,0.,3.1834351960578E-16));
#17690=DIRECTION('',(-2.53765262771464E-16,0.,-1.));
#17691=DIRECTION('',(-1.,0.,3.1834351960578E-16));
#17692=DIRECTION('center_axis',(1.,0.,-2.53765262771464E-16));
#17693=DIRECTION('ref_axis',(0.,-1.,0.));
#17694=DIRECTION('center_axis',(-2.53765262771464E-16,0.,-1.));
#17695=DIRECTION('ref_axis',(-1.,0.,2.53765262771464E-16));
#17696=DIRECTION('center_axis',(0.,1.,0.));
#17697=DIRECTION('ref_axis',(1.,0.,0.));
#17698=DIRECTION('',(1.,0.,0.));
#17699=DIRECTION('',(0.,0.,-1.));
#17700=DIRECTION('center_axis',(0.,0.,-1.));
#17701=DIRECTION('ref_axis',(-1.,0.,0.));
#17702=DIRECTION('',(-1.,0.,0.));
#17703=DIRECTION('',(0.,1.,0.));
#17704=DIRECTION('center_axis',(0.,-1.,0.));
#17705=DIRECTION('ref_axis',(-1.,0.,0.));
#17706=DIRECTION('',(0.,0.,-1.));
#17707=DIRECTION('center_axis',(-1.,0.,0.));
#17708=DIRECTION('ref_axis',(0.,1.,0.));
#17709=DIRECTION('',(-1.,0.,0.));
#17710=DIRECTION('center_axis',(1.,0.,0.));
#17711=DIRECTION('ref_axis',(0.,1.,0.));
#17712=DIRECTION('center_axis',(-1.,0.,0.));
#17713=DIRECTION('ref_axis',(0.,1.,0.));
#17714=DIRECTION('',(-1.,0.,0.));
#17715=DIRECTION('center_axis',(1.,0.,0.));
#17716=DIRECTION('ref_axis',(0.,1.,0.));
#17717=DIRECTION('center_axis',(-1.,0.,0.));
#17718=DIRECTION('ref_axis',(0.,1.,0.));
#17719=DIRECTION('',(-1.,0.,0.));
#17720=DIRECTION('center_axis',(1.,0.,0.));
#17721=DIRECTION('ref_axis',(0.,1.,0.));
#17722=DIRECTION('center_axis',(-1.,0.,0.));
#17723=DIRECTION('ref_axis',(0.,1.,0.));
#17724=DIRECTION('',(-1.,0.,0.));
#17725=DIRECTION('center_axis',(1.,0.,0.));
#17726=DIRECTION('ref_axis',(0.,1.,0.));
#17727=DIRECTION('center_axis',(-1.,0.,0.));
#17728=DIRECTION('ref_axis',(0.,1.,0.));
#17729=DIRECTION('center_axis',(3.33066907387554E-14,0.,-1.));
#17730=DIRECTION('ref_axis',(1.,0.,3.33066907387554E-14));
#17731=DIRECTION('center_axis',(0.,-1.,0.));
#17732=DIRECTION('ref_axis',(1.,0.,0.));
#17733=DIRECTION('',(0.,-1.,0.));
#17734=DIRECTION('center_axis',(0.,-1.,0.));
#17735=DIRECTION('ref_axis',(1.,0.,0.));
#17736=DIRECTION('',(0.,1.,0.));
#17737=DIRECTION('center_axis',(0.,1.,0.));
#17738=DIRECTION('ref_axis',(1.,0.,0.));
#17739=DIRECTION('center_axis',(0.,-1.,0.));
#17740=DIRECTION('ref_axis',(-1.,0.,0.));
#17741=DIRECTION('',(-1.,0.,0.));
#17742=DIRECTION('',(0.,0.,-1.));
#17743=DIRECTION('',(-1.,0.,0.));
#17744=DIRECTION('',(0.,0.,-1.));
#17745=DIRECTION('',(-1.,0.,0.));
#17746=DIRECTION('center_axis',(0.,0.,-1.));
#17747=DIRECTION('ref_axis',(-1.,0.,0.));
#17748=DIRECTION('',(1.,0.,0.));
#17749=DIRECTION('',(-0.707106781186547,-0.707106781186548,0.));
#17750=DIRECTION('center_axis',(0.707106781186548,-0.707106781186547,0.));
#17751=DIRECTION('ref_axis',(-0.707106781186547,-0.707106781186548,0.));
#17752=DIRECTION('',(-0.707106781186547,-0.707106781186548,0.));
#17753=DIRECTION('',(0.,0.,-1.));
#17754=DIRECTION('center_axis',(0.,1.,0.));
#17755=DIRECTION('ref_axis',(1.,0.,0.));
#17756=DIRECTION('',(1.,0.,0.));
#17757=DIRECTION('',(0.,0.,-1.));
#17758=DIRECTION('',(1.,0.,0.));
#17759=DIRECTION('center_axis',(-0.707106781186547,-0.707106781186548,0.));
#17760=DIRECTION('ref_axis',(-0.707106781186548,0.707106781186547,0.));
#17761=DIRECTION('',(-0.707106781186548,0.707106781186547,0.));
#17762=DIRECTION('',(-0.707106781186548,0.707106781186547,0.));
#17763=DIRECTION('center_axis',(0.,0.,-1.));
#17764=DIRECTION('ref_axis',(-1.,0.,0.));
#17765=DIRECTION('center_axis',(0.,0.,-1.));
#17766=DIRECTION('ref_axis',(1.,0.,0.));
#17767=DIRECTION('',(0.,0.,1.));
#17768=DIRECTION('',(1.,0.,0.));
#17769=CARTESIAN_POINT('',(0.,0.,0.));
#17770=CARTESIAN_POINT('',(0.,0.,0.));
#17771=CARTESIAN_POINT('Origin',(1.24899959967968,1.75,0.));
#17772=CARTESIAN_POINT('',(-1.24899959967968,1.75,0.));
#17773=CARTESIAN_POINT('',(1.24899959967968,1.75,0.));
#17774=CARTESIAN_POINT('',(-1.24899959967968,1.75,0.));
#17775=CARTESIAN_POINT('',(-1.24899959967968,1.75,6.));
#17776=CARTESIAN_POINT('',(-1.24899959967968,1.75,0.));
#17777=CARTESIAN_POINT('',(1.24899959967968,1.75,6.));
#17778=CARTESIAN_POINT('',(-1.24899959967968,1.75,6.));
#17779=CARTESIAN_POINT('',(1.24899959967968,1.75,0.));
#17780=CARTESIAN_POINT('Origin',(0.,0.,0.));
#17781=CARTESIAN_POINT('Origin',(0.,0.,0.));
#17782=CARTESIAN_POINT('Origin',(0.,0.,6.));
#17783=CARTESIAN_POINT('Origin',(0.,-0.2,6.));
#17784=CARTESIAN_POINT('Origin',(0.,-0.2,0.));
#17785=CARTESIAN_POINT('Origin',(2.50000000000011,-75.,-3.20728819086195E-15));
#17786=CARTESIAN_POINT('',(2.50000000000011,-75.,4.99999999999999));
#17787=CARTESIAN_POINT('',(2.50000000000011,-75.,-3.20728819086195E-15));
#17788=CARTESIAN_POINT('',(2.50000000000011,-75.,24.25));
#17789=CARTESIAN_POINT('',(2.50000000000011,-70.,4.99999999999999));
#17790=CARTESIAN_POINT('',(2.50000000000011,-75.,4.99999999999999));
#17791=CARTESIAN_POINT('',(2.50000000000011,-70.,-3.33066907387547E-15));
#17792=CARTESIAN_POINT('',(2.50000000000011,-70.,-3.20728819086195E-15));
#17793=CARTESIAN_POINT('',(2.50000000000011,-75.,-3.20728819086195E-15));
#17794=CARTESIAN_POINT('Origin',(12.5000000000001,-75.,2.86134752255669E-15));
#17795=CARTESIAN_POINT('',(12.5000000000001,-75.,3.33066907387547E-15));
#17796=CARTESIAN_POINT('',(-9.99999999999993,-75.,-1.33226762955019E-14));
#17797=CARTESIAN_POINT('',(12.5000000000001,-70.,3.33066907387547E-15));
#17798=CARTESIAN_POINT('',(12.5000000000001,-70.,2.86134752255669E-15));
#17799=CARTESIAN_POINT('',(12.5000000000001,-75.,3.33066907387547E-15));
#17800=CARTESIAN_POINT('Origin',(12.5000000000001,-75.,5.));
#17801=CARTESIAN_POINT('',(12.5000000000001,-75.,5.));
#17802=CARTESIAN_POINT('',(12.5000000000001,-75.,26.75));
#17803=CARTESIAN_POINT('',(12.5000000000001,-70.,5.));
#17804=CARTESIAN_POINT('',(12.5000000000001,-70.,5.));
#17805=CARTESIAN_POINT('',(12.5000000000001,-75.,5.));
#17806=CARTESIAN_POINT('Origin',(2.50000000000011,-75.,4.99999999999999));
#17807=CARTESIAN_POINT('',(-14.9999999999999,-75.,4.99999999999997));
#17808=CARTESIAN_POINT('',(2.50000000000011,-70.,4.99999999999999));
#17809=CARTESIAN_POINT('Origin',(7.50000000000011,-70.,2.5));
#17810=CARTESIAN_POINT('Origin',(-102.,-75.,106.));
#17811=CARTESIAN_POINT('',(-102.,-75.,12.));
#17812=CARTESIAN_POINT('',(-102.,-67.,12.));
#17813=CARTESIAN_POINT('',(-102.,-75.,12.));
#17814=CARTESIAN_POINT('',(-102.,-67.,106.));
#17815=CARTESIAN_POINT('',(-102.,-67.,115.));
#17816=CARTESIAN_POINT('',(-102.,-75.,106.));
#17817=CARTESIAN_POINT('',(-102.,-75.,106.));
#17818=CARTESIAN_POINT('',(-102.,-75.,77.25));
#17819=CARTESIAN_POINT('',(-102.,-73.2,102.));
#17820=CARTESIAN_POINT('Origin',(-102.,-71.,102.));
#17821=CARTESIAN_POINT('',(-102.,-73.2,41.3333333333333));
#17822=CARTESIAN_POINT('Origin',(-102.,-71.,41.3333333333333));
#17823=CARTESIAN_POINT('',(-102.,-73.2,71.6666666666666));
#17824=CARTESIAN_POINT('Origin',(-102.,-71.,71.6666666666666));
#17825=CARTESIAN_POINT('Origin',(-105.,125.,49.5));
#17826=CARTESIAN_POINT('',(-105.,-67.,12.));
#17827=CARTESIAN_POINT('',(-105.,-76.4,12.));
#17828=CARTESIAN_POINT('',(-105.,25.,12.));
#17829=CARTESIAN_POINT('',(-105.,-76.4,114.799999999999));
#17830=CARTESIAN_POINT('',(-105.,-76.4,49.));
#17831=CARTESIAN_POINT('',(-105.,-75.,114.799999999999));
#17832=CARTESIAN_POINT('',(-105.,25.,114.799999999999));
#17833=CARTESIAN_POINT('',(-105.,-75.,106.));
#17834=CARTESIAN_POINT('',(-105.,-75.,49.));
#17835=CARTESIAN_POINT('',(-105.,-67.,106.));
#17836=CARTESIAN_POINT('',(-105.,25.,106.));
#17837=CARTESIAN_POINT('',(-105.,-67.,51.25));
#17838=CARTESIAN_POINT('',(-105.,-73.2,102.));
#17839=CARTESIAN_POINT('Origin',(-105.,-71.,102.));
#17840=CARTESIAN_POINT('',(-105.,-73.2,41.3333333333333));
#17841=CARTESIAN_POINT('Origin',(-105.,-71.,41.3333333333333));
#17842=CARTESIAN_POINT('',(-105.,-73.2,71.6666666666666));
#17843=CARTESIAN_POINT('Origin',(-105.,-71.,71.6666666666666));
#17844=CARTESIAN_POINT('Origin',(24.5,-75.,10.));
#17845=CARTESIAN_POINT('',(22.5,-75.,10.));
#17846=CARTESIAN_POINT('',(24.5,-75.,12.));
#17847=CARTESIAN_POINT('Origin',(24.5,-75.,10.));
#17848=CARTESIAN_POINT('',(24.5,-76.8,12.));
#17849=CARTESIAN_POINT('',(24.5,-75.,12.));
#17850=CARTESIAN_POINT('',(22.5,-76.8,10.));
#17851=CARTESIAN_POINT('Origin',(24.5,-76.8,10.));
#17852=CARTESIAN_POINT('',(22.5,-75.,10.));
#17853=CARTESIAN_POINT('Origin',(61.5,-75.,12.));
#17854=CARTESIAN_POINT('',(59.5,-75.,12.));
#17855=CARTESIAN_POINT('',(14.5,-75.,12.));
#17856=CARTESIAN_POINT('',(59.5,-76.8,12.));
#17857=CARTESIAN_POINT('',(59.5,-75.,12.));
#17858=CARTESIAN_POINT('',(14.5,-76.8,12.));
#17859=CARTESIAN_POINT('Origin',(59.5,-75.,10.));
#17860=CARTESIAN_POINT('',(61.5,-76.8,10.));
#17861=CARTESIAN_POINT('Origin',(59.5,-76.8,10.));
#17862=CARTESIAN_POINT('',(61.5,-75.,10.));
#17863=CARTESIAN_POINT('Origin',(59.5,-75.,10.));
#17864=CARTESIAN_POINT('',(61.5,-75.,10.));
#17865=CARTESIAN_POINT('Origin',(-87.5,-75.,10.));
#17866=CARTESIAN_POINT('',(-85.5,-76.8,10.));
#17867=CARTESIAN_POINT('',(-87.5,-76.8,12.));
#17868=CARTESIAN_POINT('Origin',(-87.5,-76.8,10.));
#17869=CARTESIAN_POINT('',(-87.5,-75.,12.));
#17870=CARTESIAN_POINT('',(-87.5,-75.,12.));
#17871=CARTESIAN_POINT('',(-85.5,-75.,10.));
#17872=CARTESIAN_POINT('Origin',(-87.5,-75.,10.));
#17873=CARTESIAN_POINT('',(-85.5,-75.,10.));
#17874=CARTESIAN_POINT('Origin',(-85.5,-75.,-17.9999999999999));
#17875=CARTESIAN_POINT('',(-85.5,-75.,-17.9999999999999));
#17876=CARTESIAN_POINT('',(-85.5,-75.,15.25));
#17877=CARTESIAN_POINT('',(-85.5,-76.8,-17.9999999999999));
#17878=CARTESIAN_POINT('',(-85.5,-75.,-17.9999999999999));
#17879=CARTESIAN_POINT('',(-85.5,-76.8,15.25));
#17880=CARTESIAN_POINT('Origin',(-85.5,-75.,12.));
#17881=CARTESIAN_POINT('',(-95.25,-67.,12.));
#17882=CARTESIAN_POINT('',(-59.,-75.,12.));
#17883=CARTESIAN_POINT('',(-104.1,-76.8,12.));
#17884=CARTESIAN_POINT('',(-59.,-76.8,12.));
#17885=CARTESIAN_POINT('',(-104.1,-76.4,12.));
#17886=CARTESIAN_POINT('',(-104.1,-75.9,12.));
#17887=CARTESIAN_POINT('',(-95.2499999999999,-76.4,12.));
#17888=CARTESIAN_POINT('Origin',(61.5,-75.,-18.));
#17889=CARTESIAN_POINT('',(61.5,-75.,-18.));
#17890=CARTESIAN_POINT('',(61.5,-75.,15.2500000000001));
#17891=CARTESIAN_POINT('',(61.5,-76.8,-18.));
#17892=CARTESIAN_POINT('',(61.5,-75.,-18.));
#17893=CARTESIAN_POINT('',(61.5,-76.8,15.2500000000001));
#17894=CARTESIAN_POINT('Origin',(22.5,-75.,12.));
#17895=CARTESIAN_POINT('',(22.5000000000001,-76.8,-18.));
#17896=CARTESIAN_POINT('',(22.5,-76.8,30.2500000000001));
#17897=CARTESIAN_POINT('',(22.5000000000001,-75.,-18.));
#17898=CARTESIAN_POINT('',(22.5000000000001,-75.,-18.));
#17899=CARTESIAN_POINT('',(22.5,-75.,30.2500000000001));
#17900=CARTESIAN_POINT('Origin',(-105.,-76.4,48.5));
#17901=CARTESIAN_POINT('',(-104.1,-76.4,114.799999999999));
#17902=CARTESIAN_POINT('',(-104.1,-76.4,15.2500000000001));
#17903=CARTESIAN_POINT('',(-1.1168843627729E-13,-76.4,114.8));
#17904=CARTESIAN_POINT('Origin',(-104.1,-76.8,115.));
#17905=CARTESIAN_POINT('',(-104.1,-76.8,114.799999999999));
#17906=CARTESIAN_POINT('',(-104.1,-76.8,81.75));
#17907=CARTESIAN_POINT('',(-104.1,-75.9,114.799999999999));
#17908=CARTESIAN_POINT('Origin',(-32.5,-76.8,48.5));
#17909=CARTESIAN_POINT('',(-170.,-76.8,-17.9999999999999));
#17910=CARTESIAN_POINT('',(104.8,-76.8,-18.));
#17911=CARTESIAN_POINT('',(-170.,-76.8,-17.9999999999999));
#17912=CARTESIAN_POINT('',(104.8,-76.8,114.8));
#17913=CARTESIAN_POINT('',(104.8,-76.8,15.2499999999999));
#17914=CARTESIAN_POINT('',(20.5,-76.8,114.8));
#17915=CARTESIAN_POINT('',(36.2499999999998,-76.8,114.8));
#17916=CARTESIAN_POINT('',(20.5,-76.8,50.));
#17917=CARTESIAN_POINT('',(20.5,-76.8,81.75));
#17918=CARTESIAN_POINT('',(15.3704261489394,-76.8,50.));
#17919=CARTESIAN_POINT('',(-16.2176065372349,-76.8,50.));
#17920=CARTESIAN_POINT('',(-15.3704261489394,-76.8,50.));
#17921=CARTESIAN_POINT('Origin',(0.,-76.8,48.));
#17922=CARTESIAN_POINT('',(-20.3704261489395,-76.8,50.));
#17923=CARTESIAN_POINT('',(-16.2176065372349,-76.8,50.));
#17924=CARTESIAN_POINT('',(-20.3704261489395,-76.8,114.799999999999));
#17925=CARTESIAN_POINT('',(-20.3704261489395,-76.8,81.75));
#17926=CARTESIAN_POINT('',(36.2499999999998,-76.8,114.8));
#17927=CARTESIAN_POINT('',(-32.5,-76.8,114.5));
#17928=CARTESIAN_POINT('Origin',(-32.5,-76.8,111.));
#17929=CARTESIAN_POINT('',(101.,-76.8,114.5));
#17930=CARTESIAN_POINT('Origin',(101.,-76.8,111.));
#17931=CARTESIAN_POINT('',(-34.15,-76.8,-9.));
#17932=CARTESIAN_POINT('Origin',(-32.5,-76.8,-9.));
#17933=CARTESIAN_POINT('',(80.35,-76.8,-9.));
#17934=CARTESIAN_POINT('Origin',(82.,-76.8,-9.));
#17935=CARTESIAN_POINT('Origin',(-170.,-75.,-17.9999999999999));
#17936=CARTESIAN_POINT('',(104.8,-75.,-18.));
#17937=CARTESIAN_POINT('',(-170.,-75.,-17.9999999999999));
#17938=CARTESIAN_POINT('',(104.8,-75.,-18.));
#17939=CARTESIAN_POINT('Origin',(-170.,-75.,-17.9999999999999));
#17940=CARTESIAN_POINT('',(-170.,-75.,-17.9999999999999));
#17941=CARTESIAN_POINT('Origin',(82.,-76.8,-9.));
#17942=CARTESIAN_POINT('',(80.35,-75.,-9.));
#17943=CARTESIAN_POINT('',(80.35,-76.8,-9.));
#17944=CARTESIAN_POINT('Origin',(82.,-75.,-9.));
#17945=CARTESIAN_POINT('Origin',(-32.5,-76.8,-9.));
#17946=CARTESIAN_POINT('',(-34.15,-75.,-9.));
#17947=CARTESIAN_POINT('',(-34.15,-76.8,-9.));
#17948=CARTESIAN_POINT('Origin',(-32.5,-75.,-9.));
#17949=CARTESIAN_POINT('Origin',(101.,-75.85,111.));
#17950=CARTESIAN_POINT('',(101.,-75.,112.7));
#17951=CARTESIAN_POINT('',(101.,-75.85,113.55));
#17952=CARTESIAN_POINT('Origin',(101.,-75.,111.));
#17953=CARTESIAN_POINT('Origin',(-32.5,-75.85,111.));
#17954=CARTESIAN_POINT('',(-32.5,-75.,112.7));
#17955=CARTESIAN_POINT('',(-32.5,-75.85,113.55));
#17956=CARTESIAN_POINT('Origin',(-32.5,-75.,111.));
#17957=CARTESIAN_POINT('Origin',(15.5,-75.,48.));
#17958=CARTESIAN_POINT('',(15.5,-75.,50.));
#17959=CARTESIAN_POINT('',(15.5,-75.,48.));
#17960=CARTESIAN_POINT('',(15.5,-75.,48.25));
#17961=CARTESIAN_POINT('',(15.5,-74.8,50.));
#17962=CARTESIAN_POINT('',(15.5,-75.45,50.));
#17963=CARTESIAN_POINT('',(15.5,-74.8,114.8));
#17964=CARTESIAN_POINT('',(15.5,-74.8,64.75));
#17965=CARTESIAN_POINT('',(15.5,-72.,114.8));
#17966=CARTESIAN_POINT('',(15.5,-75.,114.8));
#17967=CARTESIAN_POINT('',(15.5,-72.,48.));
#17968=CARTESIAN_POINT('',(15.5,-72.,48.));
#17969=CARTESIAN_POINT('',(15.5,-75.,48.));
#17970=CARTESIAN_POINT('Origin',(25.5,-75.,48.));
#17971=CARTESIAN_POINT('',(25.5,-75.,48.));
#17972=CARTESIAN_POINT('',(-3.5,-75.,48.));
#17973=CARTESIAN_POINT('',(25.5,-72.,48.));
#17974=CARTESIAN_POINT('',(25.5,-72.,48.));
#17975=CARTESIAN_POINT('',(25.5,-75.,48.));
#17976=CARTESIAN_POINT('Origin',(25.5,-75.,115.));
#17977=CARTESIAN_POINT('',(25.5,-75.,114.8));
#17978=CARTESIAN_POINT('',(25.5,-75.,81.75));
#17979=CARTESIAN_POINT('',(25.5,-72.,114.8));
#17980=CARTESIAN_POINT('',(25.5,-72.,115.));
#17981=CARTESIAN_POINT('',(25.5,-75.,114.8));
#17982=CARTESIAN_POINT('Origin',(20.5,-74.8,81.5));
#17983=CARTESIAN_POINT('',(22.5,-74.8,50.));
#17984=CARTESIAN_POINT('',(22.5,-74.8,114.8));
#17985=CARTESIAN_POINT('',(22.5,-74.8,98.25));
#17986=CARTESIAN_POINT('',(62.7499999999999,-74.8,114.8));
#17987=CARTESIAN_POINT('',(10.2823934627651,-74.8,50.));
#17988=CARTESIAN_POINT('Origin',(20.5,-72.,81.5));
#17989=CARTESIAN_POINT('',(62.7499999999999,-72.,114.8));
#17990=CARTESIAN_POINT('Origin',(-32.5,-75.,48.5));
#17991=CARTESIAN_POINT('',(15.3704261489394,-75.,50.));
#17992=CARTESIAN_POINT('Origin',(0.,-75.,48.));
#17993=CARTESIAN_POINT('',(-16.2176065372349,-75.,50.));
#17994=CARTESIAN_POINT('Origin',(-25.5,-75.,48.));
#17995=CARTESIAN_POINT('',(-25.5,-75.,114.799999999999));
#17996=CARTESIAN_POINT('',(-25.5,-75.,48.));
#17997=CARTESIAN_POINT('',(-25.5,-75.,48.25));
#17998=CARTESIAN_POINT('',(-25.5,-72.,114.799999999999));
#17999=CARTESIAN_POINT('',(-25.5,-75.,114.799999999999));
#18000=CARTESIAN_POINT('',(-25.5,-72.,48.));
#18001=CARTESIAN_POINT('',(-25.5,-72.,48.));
#18002=CARTESIAN_POINT('',(-25.5,-75.,48.));
#18003=CARTESIAN_POINT('Origin',(-15.5,-75.,48.));
#18004=CARTESIAN_POINT('',(-15.5,-75.,48.));
#18005=CARTESIAN_POINT('',(-24.,-75.,48.));
#18006=CARTESIAN_POINT('',(-15.5,-72.,48.));
#18007=CARTESIAN_POINT('',(-15.5,-72.,48.));
#18008=CARTESIAN_POINT('',(-15.5,-75.,48.));
#18009=CARTESIAN_POINT('Origin',(-15.5,-75.,115.));
#18010=CARTESIAN_POINT('',(-15.5,-74.8,114.799999999999));
#18011=CARTESIAN_POINT('',(-15.5,-74.8,50.));
#18012=CARTESIAN_POINT('',(-15.5,-74.8,98.25));
#18013=CARTESIAN_POINT('',(-15.5,-75.,50.));
#18014=CARTESIAN_POINT('',(-15.5,-75.45,50.));
#18015=CARTESIAN_POINT('',(-15.5,-75.,81.75));
#18016=CARTESIAN_POINT('',(-15.5,-72.,114.799999999999));
#18017=CARTESIAN_POINT('',(-15.5,-72.,115.));
#18018=CARTESIAN_POINT('',(-15.5,-75.,114.799999999999));
#18019=CARTESIAN_POINT('Origin',(-20.5,-74.8,81.5));
#18020=CARTESIAN_POINT('',(-22.3704261489395,-74.8,50.));
#18021=CARTESIAN_POINT('',(-10.2176065372349,-74.8,50.));
#18022=CARTESIAN_POINT('',(-22.3704261489395,-74.8,114.799999999999));
#18023=CARTESIAN_POINT('',(42.2499999999999,-74.8,114.8));
#18024=CARTESIAN_POINT('',(-22.3704261489395,-74.8,98.25));
#18025=CARTESIAN_POINT('Origin',(-20.5,-72.,81.5));
#18026=CARTESIAN_POINT('',(42.2499999999999,-72.,114.8));
#18027=CARTESIAN_POINT('Origin',(-32.5,-75.,48.5));
#18028=CARTESIAN_POINT('',(-70.25,-75.,106.));
#18029=CARTESIAN_POINT('',(36.2499999999998,-75.,114.8));
#18030=CARTESIAN_POINT('Origin',(0.,-75.,48.));
#18031=CARTESIAN_POINT('',(104.8,-75.,114.8));
#18032=CARTESIAN_POINT('',(36.2499999999998,-75.,114.8));
#18033=CARTESIAN_POINT('',(104.8,-75.,15.2499999999999));
#18034=CARTESIAN_POINT('Origin',(0.0647869255302558,-75.9,50.));
#18035=CARTESIAN_POINT('',(15.3704261489394,-75.,50.));
#18036=CARTESIAN_POINT('',(20.5,-76.8,50.));
#18037=CARTESIAN_POINT('Origin',(22.3,-75.,115.));
#18038=CARTESIAN_POINT('',(42.9749999999999,-54.325,114.8));
#18039=CARTESIAN_POINT('Origin',(-20.3704261489395,-76.8,115.));
#18040=CARTESIAN_POINT('',(10.5221803882955,-107.692606537235,114.8));
#18041=CARTESIAN_POINT('',(-20.3704261489395,-76.8,50.));
#18042=CARTESIAN_POINT('Origin',(0.0647869255302558,-75.9,50.));
#18043=CARTESIAN_POINT('',(-15.3704261489394,-75.,50.));
#18044=CARTESIAN_POINT('',(-15.3704261489394,-75.,50.));
#18045=CARTESIAN_POINT('',(-16.2176065372349,-75.,50.));
#18046=CARTESIAN_POINT('Origin',(105.,-75.,114.8));
#18047=CARTESIAN_POINT('',(104.8,-75.,114.8));
#18048=CARTESIAN_POINT('Origin',(105.,-75.,114.8));
#18049=CARTESIAN_POINT('Origin',(0.,-75.,48.));
#18050=CARTESIAN_POINT('Origin',(0.,-75.,48.));
#18051=CARTESIAN_POINT('Origin',(104.8,-75.,-18.));
#18052=CARTESIAN_POINT('Origin',(-105.,-67.,53.));
#18053=CARTESIAN_POINT('',(-102.,-67.,106.));
#18054=CARTESIAN_POINT('Origin',(-102.,-71.,102.));
#18055=CARTESIAN_POINT('',(-102.,-73.2,102.));
#18056=CARTESIAN_POINT('Origin',(-102.,-71.,41.3333333333333));
#18057=CARTESIAN_POINT('',(-102.,-73.2,41.3333333333333));
#18058=CARTESIAN_POINT('Origin',(-102.,-71.,71.6666666666666));
#18059=CARTESIAN_POINT('',(-102.,-73.2,71.6666666666666));
#18060=CARTESIAN_POINT('Origin',(-32.5,-75.,48.5));
#18061=CARTESIAN_POINT('Origin',(-108.,-75.,106.));
#18062=CARTESIAN_POINT('Origin',(105.,-75.,115.));
#18063=CARTESIAN_POINT('',(107.,328.,115.));
#18064=CARTESIAN_POINT('',(105.,328.,117.));
#18065=CARTESIAN_POINT('Origin',(105.,328.,115.));
#18066=CARTESIAN_POINT('',(105.,312.987503247092,117.));
#18067=CARTESIAN_POINT('',(105.,-75.,117.));
#18068=CARTESIAN_POINT('',(107.,312.987503247092,115.));
#18069=CARTESIAN_POINT('Origin',(105.,312.987503247092,115.));
#18070=CARTESIAN_POINT('',(107.,-75.,115.));
#18071=CARTESIAN_POINT('Origin',(36.,312.987503247092,117.));
#18072=CARTESIAN_POINT('',(36.,312.987503247092,117.));
#18073=CARTESIAN_POINT('',(71.5000000000001,312.987503247092,117.));
#18074=CARTESIAN_POINT('',(36.,312.987503247092,115.));
#18075=CARTESIAN_POINT('',(36.,312.987503247092,117.));
#18076=CARTESIAN_POINT('',(105.,312.987503247092,115.));
#18077=CARTESIAN_POINT('',(-66.9999999999999,312.987503247092,115.));
#18078=CARTESIAN_POINT('',(105.,312.987503247092,46.9999999999999));
#18079=CARTESIAN_POINT('',(105.,312.987503247092,116.));
#18080=CARTESIAN_POINT('',(107.,312.987503247092,46.9999999999999));
#18081=CARTESIAN_POINT('',(-38.,312.987503247092,47.));
#18082=CARTESIAN_POINT('',(107.,312.987503247092,49.5));
#18083=CARTESIAN_POINT('Origin',(107.,-75.,117.));
#18084=CARTESIAN_POINT('',(-105.,328.,117.));
#18085=CARTESIAN_POINT('',(-172.,328.,117.));
#18086=CARTESIAN_POINT('',(-105.,125.,117.));
#18087=CARTESIAN_POINT('',(-105.,25.,117.));
#18088=CARTESIAN_POINT('',(105.,125.,117.));
#18089=CARTESIAN_POINT('',(37.25,125.,117.));
#18090=CARTESIAN_POINT('',(105.,219.987503247092,117.));
#18091=CARTESIAN_POINT('',(105.,-75.,117.));
#18092=CARTESIAN_POINT('',(36.,219.987503247092,117.));
#18093=CARTESIAN_POINT('',(107.,219.987503247092,117.));
#18094=CARTESIAN_POINT('',(36.,222.987503247092,117.));
#18095=CARTESIAN_POINT('',(35.9999999999974,72.4937516235469,117.));
#18096=CARTESIAN_POINT('',(105.,222.987503247092,117.));
#18097=CARTESIAN_POINT('',(71.5,222.987503247092,117.));
#18098=CARTESIAN_POINT('',(105.,228.987503247092,117.));
#18099=CARTESIAN_POINT('',(105.,-75.,117.));
#18100=CARTESIAN_POINT('',(36.,228.987503247092,117.));
#18101=CARTESIAN_POINT('',(107.,228.987503247092,117.));
#18102=CARTESIAN_POINT('',(36.,231.987503247092,117.));
#18103=CARTESIAN_POINT('',(35.9999999999973,76.9937516235469,117.));
#18104=CARTESIAN_POINT('',(105.,231.987503247092,117.));
#18105=CARTESIAN_POINT('',(71.5,231.987503247092,117.));
#18106=CARTESIAN_POINT('',(105.,237.987503247092,117.));
#18107=CARTESIAN_POINT('',(105.,-75.,117.));
#18108=CARTESIAN_POINT('',(36.,237.987503247092,117.));
#18109=CARTESIAN_POINT('',(107.,237.987503247092,117.));
#18110=CARTESIAN_POINT('',(36.,240.987503247092,117.));
#18111=CARTESIAN_POINT('',(35.9999999999972,81.4937516235469,117.));
#18112=CARTESIAN_POINT('',(105.,240.987503247092,117.));
#18113=CARTESIAN_POINT('',(71.5000000000001,240.987503247092,117.));
#18114=CARTESIAN_POINT('',(105.,246.987503247092,117.));
#18115=CARTESIAN_POINT('',(105.,-75.,117.));
#18116=CARTESIAN_POINT('',(36.,246.987503247092,117.));
#18117=CARTESIAN_POINT('',(107.,246.987503247092,117.));
#18118=CARTESIAN_POINT('',(36.,249.987503247092,117.));
#18119=CARTESIAN_POINT('',(35.9999999999971,85.9937516235469,117.));
#18120=CARTESIAN_POINT('',(105.,249.987503247092,117.));
#18121=CARTESIAN_POINT('',(71.5000000000001,249.987503247092,117.));
#18122=CARTESIAN_POINT('',(105.,255.987503247092,117.));
#18123=CARTESIAN_POINT('',(105.,-75.,117.));
#18124=CARTESIAN_POINT('',(36.,255.987503247092,117.));
#18125=CARTESIAN_POINT('',(107.,255.987503247092,117.));
#18126=CARTESIAN_POINT('',(36.,258.987503247092,117.));
#18127=CARTESIAN_POINT('',(35.999999999997,90.4937516235469,117.));
#18128=CARTESIAN_POINT('',(105.,258.987503247092,117.));
#18129=CARTESIAN_POINT('',(71.5000000000001,258.987503247092,117.));
#18130=CARTESIAN_POINT('',(105.,264.987503247092,117.));
#18131=CARTESIAN_POINT('',(105.,-75.,117.));
#18132=CARTESIAN_POINT('',(36.,264.987503247092,117.));
#18133=CARTESIAN_POINT('',(107.,264.987503247092,117.));
#18134=CARTESIAN_POINT('',(36.,267.987503247092,117.));
#18135=CARTESIAN_POINT('',(35.999999999997,94.9937516235469,117.));
#18136=CARTESIAN_POINT('',(105.,267.987503247092,117.));
#18137=CARTESIAN_POINT('',(71.5000000000001,267.987503247092,117.));
#18138=CARTESIAN_POINT('',(105.,273.987503247092,117.));
#18139=CARTESIAN_POINT('',(105.,-75.,117.));
#18140=CARTESIAN_POINT('',(36.,273.987503247092,117.));
#18141=CARTESIAN_POINT('',(107.,273.987503247092,117.));
#18142=CARTESIAN_POINT('',(36.,276.987503247092,117.));
#18143=CARTESIAN_POINT('',(35.9999999999969,99.4937516235469,117.));
#18144=CARTESIAN_POINT('',(105.,276.987503247092,117.));
#18145=CARTESIAN_POINT('',(71.5000000000001,276.987503247092,117.));
#18146=CARTESIAN_POINT('',(105.,282.987503247092,117.));
#18147=CARTESIAN_POINT('',(105.,-75.,117.));
#18148=CARTESIAN_POINT('',(36.,282.987503247092,117.));
#18149=CARTESIAN_POINT('',(107.,282.987503247092,117.));
#18150=CARTESIAN_POINT('',(36.,285.987503247092,117.));
#18151=CARTESIAN_POINT('',(35.9999999999968,103.993751623547,117.));
#18152=CARTESIAN_POINT('',(105.,285.987503247092,117.));
#18153=CARTESIAN_POINT('',(71.5000000000001,285.987503247092,117.));
#18154=CARTESIAN_POINT('',(105.,291.987503247092,117.));
#18155=CARTESIAN_POINT('',(105.,-75.,117.));
#18156=CARTESIAN_POINT('',(36.,291.987503247092,117.));
#18157=CARTESIAN_POINT('',(107.,291.987503247092,117.));
#18158=CARTESIAN_POINT('',(36.,294.987503247092,117.));
#18159=CARTESIAN_POINT('',(35.9999999999967,108.493751623547,117.));
#18160=CARTESIAN_POINT('',(105.,294.987503247092,117.));
#18161=CARTESIAN_POINT('',(71.5000000000001,294.987503247092,117.));
#18162=CARTESIAN_POINT('',(105.,300.987503247092,117.));
#18163=CARTESIAN_POINT('',(105.,-75.,117.));
#18164=CARTESIAN_POINT('',(36.,300.987503247092,117.));
#18165=CARTESIAN_POINT('',(107.,300.987503247092,117.));
#18166=CARTESIAN_POINT('',(36.,303.987503247092,117.));
#18167=CARTESIAN_POINT('',(35.9999999999966,112.993751623547,117.));
#18168=CARTESIAN_POINT('',(105.,303.987503247092,117.));
#18169=CARTESIAN_POINT('',(71.5000000000001,303.987503247092,117.));
#18170=CARTESIAN_POINT('',(105.,309.987503247092,117.));
#18171=CARTESIAN_POINT('',(105.,-75.,117.));
#18172=CARTESIAN_POINT('',(36.,309.987503247092,117.));
#18173=CARTESIAN_POINT('',(107.,309.987503247092,117.));
#18174=CARTESIAN_POINT('',(35.9999999999966,117.493751623547,117.));
#18175=CARTESIAN_POINT('',(33.,312.987503247092,117.));
#18176=CARTESIAN_POINT('',(33.,309.987503247092,117.));
#18177=CARTESIAN_POINT('',(33.0000000000006,118.993751623546,117.));
#18178=CARTESIAN_POINT('',(-38.,309.987503247092,117.));
#18179=CARTESIAN_POINT('',(70.0000000000001,309.987503247092,117.));
#18180=CARTESIAN_POINT('',(-38.,312.987503247092,117.));
#18181=CARTESIAN_POINT('',(-38.0000000000017,117.493751623547,117.));
#18182=CARTESIAN_POINT('',(34.5,312.987503247092,117.));
#18183=CARTESIAN_POINT('',(33.,303.987503247092,117.));
#18184=CARTESIAN_POINT('',(33.,300.987503247092,117.));
#18185=CARTESIAN_POINT('',(33.0000000000006,114.493751623546,117.));
#18186=CARTESIAN_POINT('',(-38.,300.987503247092,117.));
#18187=CARTESIAN_POINT('',(70.0000000000001,300.987503247092,117.));
#18188=CARTESIAN_POINT('',(-38.,303.987503247092,117.));
#18189=CARTESIAN_POINT('',(-38.0000000000017,112.993751623547,117.));
#18190=CARTESIAN_POINT('',(34.5,303.987503247092,117.));
#18191=CARTESIAN_POINT('',(33.,294.987503247092,117.));
#18192=CARTESIAN_POINT('',(33.,291.987503247092,117.));
#18193=CARTESIAN_POINT('',(33.0000000000006,109.993751623546,117.));
#18194=CARTESIAN_POINT('',(-38.,291.987503247092,117.));
#18195=CARTESIAN_POINT('',(70.0000000000001,291.987503247092,117.));
#18196=CARTESIAN_POINT('',(-38.,294.987503247092,117.));
#18197=CARTESIAN_POINT('',(-38.0000000000017,108.493751623547,117.));
#18198=CARTESIAN_POINT('',(34.5,294.987503247092,117.));
#18199=CARTESIAN_POINT('',(33.,285.987503247092,117.));
#18200=CARTESIAN_POINT('',(33.,282.987503247092,117.));
#18201=CARTESIAN_POINT('',(33.0000000000006,105.493751623546,117.));
#18202=CARTESIAN_POINT('',(-38.,282.987503247092,117.));
#18203=CARTESIAN_POINT('',(70.0000000000001,282.987503247092,117.));
#18204=CARTESIAN_POINT('',(-38.,285.987503247092,117.));
#18205=CARTESIAN_POINT('',(-38.0000000000016,103.993751623547,117.));
#18206=CARTESIAN_POINT('',(34.5,285.987503247092,117.));
#18207=CARTESIAN_POINT('',(33.,276.987503247092,117.));
#18208=CARTESIAN_POINT('',(33.,273.987503247092,117.));
#18209=CARTESIAN_POINT('',(33.0000000000006,100.993751623546,117.));
#18210=CARTESIAN_POINT('',(-38.,273.987503247092,117.));
#18211=CARTESIAN_POINT('',(70.0000000000001,273.987503247092,117.));
#18212=CARTESIAN_POINT('',(-38.,276.987503247092,117.));
#18213=CARTESIAN_POINT('',(-38.0000000000016,99.4937516235468,117.));
#18214=CARTESIAN_POINT('',(34.5,276.987503247092,117.));
#18215=CARTESIAN_POINT('',(33.,267.987503247092,117.));
#18216=CARTESIAN_POINT('',(33.,264.987503247092,117.));
#18217=CARTESIAN_POINT('',(33.0000000000005,96.4937516235461,117.));
#18218=CARTESIAN_POINT('',(-38.,264.987503247092,117.));
#18219=CARTESIAN_POINT('',(70.0000000000001,264.987503247092,117.));
#18220=CARTESIAN_POINT('',(-38.,267.987503247092,117.));
#18221=CARTESIAN_POINT('',(-38.0000000000015,94.9937516235468,117.));
#18222=CARTESIAN_POINT('',(34.5,267.987503247092,117.));
#18223=CARTESIAN_POINT('',(33.,258.987503247092,117.));
#18224=CARTESIAN_POINT('',(33.,255.987503247092,117.));
#18225=CARTESIAN_POINT('',(33.0000000000005,91.9937516235461,117.));
#18226=CARTESIAN_POINT('',(-38.,255.987503247092,117.));
#18227=CARTESIAN_POINT('',(70.0000000000001,255.987503247092,117.));
#18228=CARTESIAN_POINT('',(-38.,258.987503247092,117.));
#18229=CARTESIAN_POINT('',(-38.0000000000015,90.4937516235469,117.));
#18230=CARTESIAN_POINT('',(34.5,258.987503247092,117.));
#18231=CARTESIAN_POINT('',(33.,249.987503247092,117.));
#18232=CARTESIAN_POINT('',(33.,246.987503247092,117.));
#18233=CARTESIAN_POINT('',(33.0000000000005,87.4937516235461,117.));
#18234=CARTESIAN_POINT('',(-38.,246.987503247092,117.));
#18235=CARTESIAN_POINT('',(70.0000000000001,246.987503247092,117.));
#18236=CARTESIAN_POINT('',(-38.,249.987503247092,117.));
#18237=CARTESIAN_POINT('',(-38.0000000000015,85.9937516235468,117.));
#18238=CARTESIAN_POINT('',(34.5,249.987503247092,117.));
#18239=CARTESIAN_POINT('',(33.,240.987503247092,117.));
#18240=CARTESIAN_POINT('',(33.,237.987503247092,117.));
#18241=CARTESIAN_POINT('',(33.0000000000005,82.9937516235461,117.));
#18242=CARTESIAN_POINT('',(-38.,237.987503247092,117.));
#18243=CARTESIAN_POINT('',(70.0000000000001,237.987503247092,117.));
#18244=CARTESIAN_POINT('',(-38.,240.987503247092,117.));
#18245=CARTESIAN_POINT('',(-38.0000000000014,81.4937516235469,117.));
#18246=CARTESIAN_POINT('',(34.5,240.987503247092,117.));
#18247=CARTESIAN_POINT('',(33.,231.987503247092,117.));
#18248=CARTESIAN_POINT('',(33.,228.987503247092,117.));
#18249=CARTESIAN_POINT('',(33.0000000000005,78.4937516235461,117.));
#18250=CARTESIAN_POINT('',(-38.,228.987503247092,117.));
#18251=CARTESIAN_POINT('',(70.0000000000001,228.987503247092,117.));
#18252=CARTESIAN_POINT('',(-38.,231.987503247092,117.));
#18253=CARTESIAN_POINT('',(-38.0000000000014,76.9937516235469,117.));
#18254=CARTESIAN_POINT('',(34.5,231.987503247092,117.));
#18255=CARTESIAN_POINT('',(33.,222.987503247092,117.));
#18256=CARTESIAN_POINT('',(33.,219.987503247092,117.));
#18257=CARTESIAN_POINT('',(33.0000000000005,73.9937516235461,117.));
#18258=CARTESIAN_POINT('',(-38.,219.987503247092,117.));
#18259=CARTESIAN_POINT('',(70.0000000000001,219.987503247092,117.));
#18260=CARTESIAN_POINT('',(-38.,222.987503247092,117.));
#18261=CARTESIAN_POINT('',(-38.0000000000013,72.4937516235469,117.));
#18262=CARTESIAN_POINT('',(34.5,222.987503247092,117.));
#18263=CARTESIAN_POINT('',(-96.,168.,117.));
#18264=CARTESIAN_POINT('',(-96.,171.,117.));
#18265=CARTESIAN_POINT('',(-96.,46.5000000000001,117.));
#18266=CARTESIAN_POINT('',(-21.,171.,117.));
#18267=CARTESIAN_POINT('',(5.49999999999979,171.,117.));
#18268=CARTESIAN_POINT('',(-21.,168.,117.));
#18269=CARTESIAN_POINT('',(-21.0000000000009,48.0000000000006,117.));
#18270=CARTESIAN_POINT('',(43.0000000000002,168.,117.));
#18271=CARTESIAN_POINT('',(-96.,159.,117.));
#18272=CARTESIAN_POINT('',(-96.,162.,117.));
#18273=CARTESIAN_POINT('',(-96.,42.0000000000001,117.));
#18274=CARTESIAN_POINT('',(-21.,162.,117.));
#18275=CARTESIAN_POINT('',(5.49999999999979,162.,117.));
#18276=CARTESIAN_POINT('',(-21.,159.,117.));
#18277=CARTESIAN_POINT('',(-21.0000000000009,43.5000000000006,117.));
#18278=CARTESIAN_POINT('',(43.0000000000002,159.,117.));
#18279=CARTESIAN_POINT('',(-96.,150.,117.));
#18280=CARTESIAN_POINT('',(-96.,153.,117.));
#18281=CARTESIAN_POINT('',(-96.,37.5000000000001,117.));
#18282=CARTESIAN_POINT('',(-21.,153.,117.));
#18283=CARTESIAN_POINT('',(5.4999999999998,153.,117.));
#18284=CARTESIAN_POINT('',(-21.,150.,117.));
#18285=CARTESIAN_POINT('',(-21.0000000000008,39.0000000000006,117.));
#18286=CARTESIAN_POINT('',(43.0000000000002,150.,117.));
#18287=CARTESIAN_POINT('',(-96.,141.,117.));
#18288=CARTESIAN_POINT('',(-96.,144.,117.));
#18289=CARTESIAN_POINT('',(-96.,33.0000000000001,117.));
#18290=CARTESIAN_POINT('',(-21.,144.,117.));
#18291=CARTESIAN_POINT('',(5.49999999999981,144.,117.));
#18292=CARTESIAN_POINT('',(-21.,141.,117.));
#18293=CARTESIAN_POINT('',(-21.0000000000008,34.5000000000006,117.));
#18294=CARTESIAN_POINT('',(43.0000000000002,141.,117.));
#18295=CARTESIAN_POINT('',(-96.,132.,117.));
#18296=CARTESIAN_POINT('',(-96.,135.,117.));
#18297=CARTESIAN_POINT('',(-96.,28.5000000000001,117.));
#18298=CARTESIAN_POINT('',(-21.,135.,117.));
#18299=CARTESIAN_POINT('',(5.49999999999981,135.,117.));
#18300=CARTESIAN_POINT('',(-21.,132.,117.));
#18301=CARTESIAN_POINT('',(-21.0000000000008,30.0000000000006,117.));
#18302=CARTESIAN_POINT('',(43.0000000000002,132.,117.));
#18303=CARTESIAN_POINT('Origin',(105.,-75.,115.));
#18304=CARTESIAN_POINT('',(107.,303.987503247092,115.));
#18305=CARTESIAN_POINT('Origin',(105.,303.987503247092,115.));
#18306=CARTESIAN_POINT('',(107.,309.987503247092,115.));
#18307=CARTESIAN_POINT('',(107.,-75.,115.));
#18308=CARTESIAN_POINT('Origin',(105.,309.987503247092,115.));
#18309=CARTESIAN_POINT('Origin',(36.,303.987503247092,117.));
#18310=CARTESIAN_POINT('',(36.,303.987503247092,115.));
#18311=CARTESIAN_POINT('',(36.,303.987503247092,117.));
#18312=CARTESIAN_POINT('',(105.,303.987503247092,115.));
#18313=CARTESIAN_POINT('',(-66.9999999999999,303.987503247092,115.));
#18314=CARTESIAN_POINT('',(105.,303.987503247092,46.9999999999999));
#18315=CARTESIAN_POINT('',(105.,303.987503247092,116.));
#18316=CARTESIAN_POINT('',(107.,303.987503247092,46.9999999999999));
#18317=CARTESIAN_POINT('',(-38.,303.987503247092,47.));
#18318=CARTESIAN_POINT('',(107.,303.987503247092,49.5));
#18319=CARTESIAN_POINT('Origin',(105.,-75.,115.));
#18320=CARTESIAN_POINT('',(107.,294.987503247092,115.));
#18321=CARTESIAN_POINT('Origin',(105.,294.987503247092,115.));
#18322=CARTESIAN_POINT('',(107.,300.987503247092,115.));
#18323=CARTESIAN_POINT('',(107.,-75.,115.));
#18324=CARTESIAN_POINT('Origin',(105.,300.987503247092,115.));
#18325=CARTESIAN_POINT('Origin',(36.,294.987503247092,117.));
#18326=CARTESIAN_POINT('',(36.,294.987503247092,115.));
#18327=CARTESIAN_POINT('',(36.,294.987503247092,117.));
#18328=CARTESIAN_POINT('',(105.,294.987503247092,115.));
#18329=CARTESIAN_POINT('',(-66.9999999999999,294.987503247092,115.));
#18330=CARTESIAN_POINT('',(105.,294.987503247092,46.9999999999999));
#18331=CARTESIAN_POINT('',(105.,294.987503247092,116.));
#18332=CARTESIAN_POINT('',(107.,294.987503247092,46.9999999999999));
#18333=CARTESIAN_POINT('',(-38.,294.987503247092,47.));
#18334=CARTESIAN_POINT('',(107.,294.987503247092,49.5));
#18335=CARTESIAN_POINT('Origin',(105.,-75.,115.));
#18336=CARTESIAN_POINT('',(107.,285.987503247092,115.));
#18337=CARTESIAN_POINT('Origin',(105.,285.987503247092,115.));
#18338=CARTESIAN_POINT('',(107.,291.987503247092,115.));
#18339=CARTESIAN_POINT('',(107.,-75.,115.));
#18340=CARTESIAN_POINT('Origin',(105.,291.987503247092,115.));
#18341=CARTESIAN_POINT('Origin',(36.,285.987503247092,117.));
#18342=CARTESIAN_POINT('',(36.,285.987503247092,115.));
#18343=CARTESIAN_POINT('',(36.,285.987503247092,117.));
#18344=CARTESIAN_POINT('',(105.,285.987503247092,115.));
#18345=CARTESIAN_POINT('',(-66.9999999999999,285.987503247092,115.));
#18346=CARTESIAN_POINT('',(105.,285.987503247092,46.9999999999999));
#18347=CARTESIAN_POINT('',(105.,285.987503247092,116.));
#18348=CARTESIAN_POINT('',(107.,285.987503247092,46.9999999999999));
#18349=CARTESIAN_POINT('',(-38.,285.987503247092,47.));
#18350=CARTESIAN_POINT('',(107.,285.987503247092,49.5));
#18351=CARTESIAN_POINT('Origin',(105.,-75.,115.));
#18352=CARTESIAN_POINT('',(107.,276.987503247092,115.));
#18353=CARTESIAN_POINT('Origin',(105.,276.987503247092,115.));
#18354=CARTESIAN_POINT('',(107.,282.987503247092,115.));
#18355=CARTESIAN_POINT('',(107.,-75.,115.));
#18356=CARTESIAN_POINT('Origin',(105.,282.987503247092,115.));
#18357=CARTESIAN_POINT('Origin',(36.,276.987503247092,117.));
#18358=CARTESIAN_POINT('',(36.,276.987503247092,115.));
#18359=CARTESIAN_POINT('',(36.,276.987503247092,117.));
#18360=CARTESIAN_POINT('',(105.,276.987503247092,115.));
#18361=CARTESIAN_POINT('',(-66.9999999999999,276.987503247092,115.));
#18362=CARTESIAN_POINT('',(105.,276.987503247092,46.9999999999999));
#18363=CARTESIAN_POINT('',(105.,276.987503247092,116.));
#18364=CARTESIAN_POINT('',(107.,276.987503247092,46.9999999999999));
#18365=CARTESIAN_POINT('',(-38.,276.987503247092,47.));
#18366=CARTESIAN_POINT('',(107.,276.987503247092,49.5));
#18367=CARTESIAN_POINT('Origin',(105.,-75.,115.));
#18368=CARTESIAN_POINT('',(107.,267.987503247092,115.));
#18369=CARTESIAN_POINT('Origin',(105.,267.987503247092,115.));
#18370=CARTESIAN_POINT('',(107.,273.987503247092,115.));
#18371=CARTESIAN_POINT('',(107.,-75.,115.));
#18372=CARTESIAN_POINT('Origin',(105.,273.987503247092,115.));
#18373=CARTESIAN_POINT('Origin',(36.,267.987503247092,117.));
#18374=CARTESIAN_POINT('',(36.,267.987503247092,115.));
#18375=CARTESIAN_POINT('',(36.,267.987503247092,117.));
#18376=CARTESIAN_POINT('',(105.,267.987503247092,115.));
#18377=CARTESIAN_POINT('',(-66.9999999999999,267.987503247092,115.));
#18378=CARTESIAN_POINT('',(105.,267.987503247092,46.9999999999999));
#18379=CARTESIAN_POINT('',(105.,267.987503247092,116.));
#18380=CARTESIAN_POINT('',(107.,267.987503247092,46.9999999999999));
#18381=CARTESIAN_POINT('',(-38.,267.987503247092,47.));
#18382=CARTESIAN_POINT('',(107.,267.987503247092,49.5));
#18383=CARTESIAN_POINT('Origin',(105.,-75.,115.));
#18384=CARTESIAN_POINT('',(107.,258.987503247092,115.));
#18385=CARTESIAN_POINT('Origin',(105.,258.987503247092,115.));
#18386=CARTESIAN_POINT('',(107.,264.987503247092,115.));
#18387=CARTESIAN_POINT('',(107.,-75.,115.));
#18388=CARTESIAN_POINT('Origin',(105.,264.987503247092,115.));
#18389=CARTESIAN_POINT('Origin',(36.,258.987503247092,117.));
#18390=CARTESIAN_POINT('',(36.,258.987503247092,115.));
#18391=CARTESIAN_POINT('',(36.,258.987503247092,117.));
#18392=CARTESIAN_POINT('',(105.,258.987503247092,115.));
#18393=CARTESIAN_POINT('',(-66.9999999999999,258.987503247092,115.));
#18394=CARTESIAN_POINT('',(105.,258.987503247092,46.9999999999999));
#18395=CARTESIAN_POINT('',(105.,258.987503247092,116.));
#18396=CARTESIAN_POINT('',(107.,258.987503247092,46.9999999999999));
#18397=CARTESIAN_POINT('',(-38.,258.987503247092,47.));
#18398=CARTESIAN_POINT('',(107.,258.987503247092,49.5));
#18399=CARTESIAN_POINT('Origin',(105.,-75.,115.));
#18400=CARTESIAN_POINT('',(107.,249.987503247092,115.));
#18401=CARTESIAN_POINT('Origin',(105.,249.987503247092,115.));
#18402=CARTESIAN_POINT('',(107.,255.987503247092,115.));
#18403=CARTESIAN_POINT('',(107.,-75.,115.));
#18404=CARTESIAN_POINT('Origin',(105.,255.987503247092,115.));
#18405=CARTESIAN_POINT('Origin',(36.,249.987503247092,117.));
#18406=CARTESIAN_POINT('',(36.,249.987503247092,115.));
#18407=CARTESIAN_POINT('',(36.,249.987503247092,117.));
#18408=CARTESIAN_POINT('',(105.,249.987503247092,115.));
#18409=CARTESIAN_POINT('',(-66.9999999999999,249.987503247092,115.));
#18410=CARTESIAN_POINT('',(105.,249.987503247092,46.9999999999999));
#18411=CARTESIAN_POINT('',(105.,249.987503247092,116.));
#18412=CARTESIAN_POINT('',(107.,249.987503247092,46.9999999999999));
#18413=CARTESIAN_POINT('',(-38.,249.987503247092,47.));
#18414=CARTESIAN_POINT('',(107.,249.987503247092,49.5));
#18415=CARTESIAN_POINT('Origin',(105.,-75.,115.));
#18416=CARTESIAN_POINT('',(107.,240.987503247092,115.));
#18417=CARTESIAN_POINT('Origin',(105.,240.987503247092,115.));
#18418=CARTESIAN_POINT('',(107.,246.987503247092,115.));
#18419=CARTESIAN_POINT('',(107.,-75.,115.));
#18420=CARTESIAN_POINT('Origin',(105.,246.987503247092,115.));
#18421=CARTESIAN_POINT('Origin',(36.,240.987503247092,117.));
#18422=CARTESIAN_POINT('',(36.,240.987503247092,115.));
#18423=CARTESIAN_POINT('',(36.,240.987503247092,117.));
#18424=CARTESIAN_POINT('',(105.,240.987503247092,115.));
#18425=CARTESIAN_POINT('',(-66.9999999999999,240.987503247092,115.));
#18426=CARTESIAN_POINT('',(105.,240.987503247092,46.9999999999999));
#18427=CARTESIAN_POINT('',(105.,240.987503247092,116.));
#18428=CARTESIAN_POINT('',(107.,240.987503247092,46.9999999999999));
#18429=CARTESIAN_POINT('',(-38.,240.987503247092,47.));
#18430=CARTESIAN_POINT('',(107.,240.987503247092,49.5));
#18431=CARTESIAN_POINT('Origin',(105.,-75.,115.));
#18432=CARTESIAN_POINT('',(107.,231.987503247092,115.));
#18433=CARTESIAN_POINT('Origin',(105.,231.987503247092,115.));
#18434=CARTESIAN_POINT('',(107.,237.987503247092,115.));
#18435=CARTESIAN_POINT('',(107.,-75.,115.));
#18436=CARTESIAN_POINT('Origin',(105.,237.987503247092,115.));
#18437=CARTESIAN_POINT('Origin',(36.,231.987503247092,117.));
#18438=CARTESIAN_POINT('',(36.,231.987503247092,115.));
#18439=CARTESIAN_POINT('',(36.,231.987503247092,117.));
#18440=CARTESIAN_POINT('',(105.,231.987503247092,115.));
#18441=CARTESIAN_POINT('',(-66.9999999999999,231.987503247093,115.));
#18442=CARTESIAN_POINT('',(105.,231.987503247092,46.9999999999999));
#18443=CARTESIAN_POINT('',(105.,231.987503247092,116.));
#18444=CARTESIAN_POINT('',(107.,231.987503247092,46.9999999999999));
#18445=CARTESIAN_POINT('',(-38.,231.987503247092,47.));
#18446=CARTESIAN_POINT('',(107.,231.987503247092,49.5));
#18447=CARTESIAN_POINT('Origin',(105.,-75.,115.));
#18448=CARTESIAN_POINT('',(107.,222.987503247092,115.));
#18449=CARTESIAN_POINT('Origin',(105.,222.987503247092,115.));
#18450=CARTESIAN_POINT('',(107.,228.987503247092,115.));
#18451=CARTESIAN_POINT('',(107.,-75.,115.));
#18452=CARTESIAN_POINT('Origin',(105.,228.987503247092,115.));
#18453=CARTESIAN_POINT('Origin',(36.,222.987503247092,117.));
#18454=CARTESIAN_POINT('',(36.,222.987503247092,115.));
#18455=CARTESIAN_POINT('',(36.,222.987503247092,117.));
#18456=CARTESIAN_POINT('',(105.,222.987503247092,115.));
#18457=CARTESIAN_POINT('',(-66.9999999999999,222.987503247092,115.));
#18458=CARTESIAN_POINT('',(105.,222.987503247092,46.9999999999999));
#18459=CARTESIAN_POINT('',(105.,222.987503247092,116.));
#18460=CARTESIAN_POINT('',(107.,222.987503247092,46.9999999999999));
#18461=CARTESIAN_POINT('',(-38.,222.987503247092,47.));
#18462=CARTESIAN_POINT('',(107.,222.987503247092,49.5));
#18463=CARTESIAN_POINT('Origin',(105.,-75.,115.));
#18464=CARTESIAN_POINT('',(107.,125.,115.));
#18465=CARTESIAN_POINT('Origin',(105.,125.,115.));
#18466=CARTESIAN_POINT('',(107.,219.987503247092,115.));
#18467=CARTESIAN_POINT('',(107.,-75.,115.));
#18468=CARTESIAN_POINT('Origin',(105.,219.987503247092,115.));
#18469=CARTESIAN_POINT('Origin',(107.,219.987503247092,117.));
#18470=CARTESIAN_POINT('',(107.,219.987503247092,46.9999999999999));
#18471=CARTESIAN_POINT('',(107.,219.987503247092,49.5));
#18472=CARTESIAN_POINT('',(105.,219.987503247092,46.9999999999999));
#18473=CARTESIAN_POINT('',(107.,219.987503247092,46.9999999999999));
#18474=CARTESIAN_POINT('',(105.,219.987503247092,115.));
#18475=CARTESIAN_POINT('',(105.,219.987503247092,116.));
#18476=CARTESIAN_POINT('',(36.,219.987503247092,115.));
#18477=CARTESIAN_POINT('',(-31.4999999999999,219.987503247092,115.));
#18478=CARTESIAN_POINT('',(36.,219.987503247092,117.));
#18479=CARTESIAN_POINT('Origin',(107.,155.,-9.00000000000001));
#18480=CARTESIAN_POINT('',(107.,153.35,-9.00000000000001));
#18481=CARTESIAN_POINT('Origin',(107.,155.,-9.00000000000001));
#18482=CARTESIAN_POINT('',(105.,153.35,-9.00000000000001));
#18483=CARTESIAN_POINT('',(107.,153.35,-9.00000000000001));
#18484=CARTESIAN_POINT('Origin',(105.,155.,-9.00000000000001));
#18485=CARTESIAN_POINT('Origin',(107.,295.,-9.00000000000001));
#18486=CARTESIAN_POINT('',(107.,293.35,-9.00000000000001));
#18487=CARTESIAN_POINT('Origin',(107.,295.,-9.00000000000001));
#18488=CARTESIAN_POINT('',(105.,293.35,-9.00000000000001));
#18489=CARTESIAN_POINT('',(107.,293.35,-9.00000000000001));
#18490=CARTESIAN_POINT('Origin',(105.,295.,-9.00000000000001));
#18491=CARTESIAN_POINT('Origin',(-102.,126.5,115.));
#18492=CARTESIAN_POINT('',(-105.,126.5,107.));
#18493=CARTESIAN_POINT('',(-105.,126.5,115.));
#18494=CARTESIAN_POINT('',(-105.,126.5,82.25));
#18495=CARTESIAN_POINT('',(-102.,126.5,107.));
#18496=CARTESIAN_POINT('',(-108.,126.5,107.));
#18497=CARTESIAN_POINT('',(-102.,126.5,115.));
#18498=CARTESIAN_POINT('',(-102.,126.5,115.));
#18499=CARTESIAN_POINT('',(-136.,126.5,115.));
#18500=CARTESIAN_POINT('Origin',(-105.,225.75,107.));
#18501=CARTESIAN_POINT('',(-105.,325.,107.));
#18502=CARTESIAN_POINT('',(-105.,175.375,107.));
#18503=CARTESIAN_POINT('',(-102.,325.,107.));
#18504=CARTESIAN_POINT('',(-102.,325.,107.));
#18505=CARTESIAN_POINT('',(-102.,-75.,107.));
#18506=CARTESIAN_POINT('Origin',(-108.,325.,115.));
#18507=CARTESIAN_POINT('',(-105.,325.,115.));
#18508=CARTESIAN_POINT('',(-105.,325.,82.25));
#18509=CARTESIAN_POINT('',(-102.,325.,115.));
#18510=CARTESIAN_POINT('',(-139.,325.,115.));
#18511=CARTESIAN_POINT('',(-102.,325.,115.));
#18512=CARTESIAN_POINT('Origin',(-170.,-75.,115.));
#18513=CARTESIAN_POINT('',(28.7142857142857,125.,115.));
#18514=CARTESIAN_POINT('',(88.9999999999999,125.,115.));
#18515=CARTESIAN_POINT('',(-101.25,125.,115.));
#18516=CARTESIAN_POINT('',(28.7142857142857,128.,115.));
#18517=CARTESIAN_POINT('',(28.7142857142857,25.,115.));
#18518=CARTESIAN_POINT('',(-100.,128.,115.));
#18519=CARTESIAN_POINT('',(-102.821428571429,128.,115.));
#18520=CARTESIAN_POINT('',(-100.,125.,115.));
#18521=CARTESIAN_POINT('',(-100.,25.,115.));
#18522=CARTESIAN_POINT('',(-105.,125.,115.));
#18523=CARTESIAN_POINT('',(-101.25,125.,115.));
#18524=CARTESIAN_POINT('',(-105.,25.,115.));
#18525=CARTESIAN_POINT('',(-102.,125.,115.));
#18526=CARTESIAN_POINT('',(-105.,328.,115.));
#18527=CARTESIAN_POINT('',(-105.,25.,115.));
#18528=CARTESIAN_POINT('',(105.,328.,115.));
#18529=CARTESIAN_POINT('',(-170.,328.,115.));
#18530=CARTESIAN_POINT('',(105.,-75.,115.));
#18531=CARTESIAN_POINT('',(36.,309.987503247092,115.));
#18532=CARTESIAN_POINT('',(35.9999999999966,117.493751623544,115.));
#18533=CARTESIAN_POINT('',(105.,309.987503247092,115.));
#18534=CARTESIAN_POINT('',(-31.4999999999999,309.987503247092,115.));
#18535=CARTESIAN_POINT('',(105.,-75.,115.));
#18536=CARTESIAN_POINT('',(36.,300.987503247092,115.));
#18537=CARTESIAN_POINT('',(35.9999999999966,112.993751623544,115.));
#18538=CARTESIAN_POINT('',(105.,300.987503247092,115.));
#18539=CARTESIAN_POINT('',(-31.4999999999999,300.987503247092,115.));
#18540=CARTESIAN_POINT('',(105.,-75.,115.));
#18541=CARTESIAN_POINT('',(36.,291.987503247092,115.));
#18542=CARTESIAN_POINT('',(35.9999999999967,108.493751623544,115.));
#18543=CARTESIAN_POINT('',(105.,291.987503247092,115.));
#18544=CARTESIAN_POINT('',(-31.4999999999999,291.987503247092,115.));
#18545=CARTESIAN_POINT('',(105.,-75.,115.));
#18546=CARTESIAN_POINT('',(36.,282.987503247092,115.));
#18547=CARTESIAN_POINT('',(35.9999999999968,103.993751623544,115.));
#18548=CARTESIAN_POINT('',(105.,282.987503247092,115.));
#18549=CARTESIAN_POINT('',(-31.4999999999999,282.987503247092,115.));
#18550=CARTESIAN_POINT('',(105.,-75.,115.));
#18551=CARTESIAN_POINT('',(36.,273.987503247092,115.));
#18552=CARTESIAN_POINT('',(35.9999999999969,99.4937516235444,115.));
#18553=CARTESIAN_POINT('',(105.,273.987503247092,115.));
#18554=CARTESIAN_POINT('',(-31.4999999999999,273.987503247092,115.));
#18555=CARTESIAN_POINT('',(105.,-75.,115.));
#18556=CARTESIAN_POINT('',(36.,264.987503247092,115.));
#18557=CARTESIAN_POINT('',(35.999999999997,94.9937516235444,115.));
#18558=CARTESIAN_POINT('',(105.,264.987503247092,115.));
#18559=CARTESIAN_POINT('',(-31.4999999999999,264.987503247092,115.));
#18560=CARTESIAN_POINT('',(105.,-75.,115.));
#18561=CARTESIAN_POINT('',(36.,255.987503247092,115.));
#18562=CARTESIAN_POINT('',(35.999999999997,90.4937516235444,115.));
#18563=CARTESIAN_POINT('',(105.,255.987503247092,115.));
#18564=CARTESIAN_POINT('',(-31.4999999999999,255.987503247092,115.));
#18565=CARTESIAN_POINT('',(105.,-75.,115.));
#18566=CARTESIAN_POINT('',(36.,246.987503247092,115.));
#18567=CARTESIAN_POINT('',(35.9999999999971,85.9937516235444,115.));
#18568=CARTESIAN_POINT('',(105.,246.987503247092,115.));
#18569=CARTESIAN_POINT('',(-31.4999999999999,246.987503247092,115.));
#18570=CARTESIAN_POINT('',(105.,-75.,115.));
#18571=CARTESIAN_POINT('',(36.,237.987503247092,115.));
#18572=CARTESIAN_POINT('',(35.9999999999972,81.4937516235444,115.));
#18573=CARTESIAN_POINT('',(105.,237.987503247092,115.));
#18574=CARTESIAN_POINT('',(-31.4999999999999,237.987503247092,115.));
#18575=CARTESIAN_POINT('',(105.,-75.,115.));
#18576=CARTESIAN_POINT('',(36.,228.987503247092,115.));
#18577=CARTESIAN_POINT('',(35.9999999999973,76.9937516235444,115.));
#18578=CARTESIAN_POINT('',(105.,228.987503247092,115.));
#18579=CARTESIAN_POINT('',(-31.4999999999999,228.987503247092,115.));
#18580=CARTESIAN_POINT('',(105.,-75.,115.));
#18581=CARTESIAN_POINT('',(35.9999999999974,72.4937516235444,115.));
#18582=CARTESIAN_POINT('',(105.,128.,115.));
#18583=CARTESIAN_POINT('',(105.,-75.,115.));
#18584=CARTESIAN_POINT('',(88.9999999999999,128.,115.));
#18585=CARTESIAN_POINT('',(-36.5,128.,115.));
#18586=CARTESIAN_POINT('',(88.9999999999999,25.,115.));
#18587=CARTESIAN_POINT('',(-96.,135.,115.));
#18588=CARTESIAN_POINT('',(-96.,132.,115.));
#18589=CARTESIAN_POINT('',(-96.,28.5000000000001,115.));
#18590=CARTESIAN_POINT('',(-21.,132.,115.));
#18591=CARTESIAN_POINT('',(-95.4999999999998,132.,115.));
#18592=CARTESIAN_POINT('',(-21.,135.,115.));
#18593=CARTESIAN_POINT('',(-21.0000000000008,29.9999999999996,115.));
#18594=CARTESIAN_POINT('',(-133.,135.,115.));
#18595=CARTESIAN_POINT('',(-96.,144.,115.));
#18596=CARTESIAN_POINT('',(-96.,141.,115.));
#18597=CARTESIAN_POINT('',(-96.,33.0000000000001,115.));
#18598=CARTESIAN_POINT('',(-21.,141.,115.));
#18599=CARTESIAN_POINT('',(-95.4999999999998,141.,115.));
#18600=CARTESIAN_POINT('',(-21.,144.,115.));
#18601=CARTESIAN_POINT('',(-21.0000000000008,34.4999999999996,115.));
#18602=CARTESIAN_POINT('',(-133.,144.,115.));
#18603=CARTESIAN_POINT('',(-96.,153.,115.));
#18604=CARTESIAN_POINT('',(-96.,150.,115.));
#18605=CARTESIAN_POINT('',(-96.,37.5000000000001,115.));
#18606=CARTESIAN_POINT('',(-21.,150.,115.));
#18607=CARTESIAN_POINT('',(-95.4999999999998,150.,115.));
#18608=CARTESIAN_POINT('',(-21.,153.,115.));
#18609=CARTESIAN_POINT('',(-21.0000000000008,38.9999999999996,115.));
#18610=CARTESIAN_POINT('',(-133.,153.,115.));
#18611=CARTESIAN_POINT('',(-96.,162.,115.));
#18612=CARTESIAN_POINT('',(-96.,159.,115.));
#18613=CARTESIAN_POINT('',(-96.,42.0000000000001,115.));
#18614=CARTESIAN_POINT('',(-21.,159.,115.));
#18615=CARTESIAN_POINT('',(-95.4999999999998,159.,115.));
#18616=CARTESIAN_POINT('',(-21.,162.,115.));
#18617=CARTESIAN_POINT('',(-21.0000000000009,43.4999999999996,115.));
#18618=CARTESIAN_POINT('',(-133.,162.,115.));
#18619=CARTESIAN_POINT('',(-96.,171.,115.));
#18620=CARTESIAN_POINT('',(-96.,168.,115.));
#18621=CARTESIAN_POINT('',(-96.,46.5000000000001,115.));
#18622=CARTESIAN_POINT('',(-21.,168.,115.));
#18623=CARTESIAN_POINT('',(-95.4999999999997,168.,115.));
#18624=CARTESIAN_POINT('',(-21.,171.,115.));
#18625=CARTESIAN_POINT('',(-21.0000000000009,47.9999999999996,115.));
#18626=CARTESIAN_POINT('',(-133.,171.,115.));
#18627=CARTESIAN_POINT('',(33.,219.987503247092,115.));
#18628=CARTESIAN_POINT('',(33.,222.987503247092,115.));
#18629=CARTESIAN_POINT('',(33.0000000000005,73.9937516235465,115.));
#18630=CARTESIAN_POINT('',(-38.,222.987503247092,115.));
#18631=CARTESIAN_POINT('',(-104.,222.987503247092,115.));
#18632=CARTESIAN_POINT('',(-38.,219.987503247092,115.));
#18633=CARTESIAN_POINT('',(-38.0000000000014,72.4937516235456,115.));
#18634=CARTESIAN_POINT('',(-68.4999999999999,219.987503247092,115.));
#18635=CARTESIAN_POINT('',(33.,228.987503247092,115.));
#18636=CARTESIAN_POINT('',(33.,231.987503247092,115.));
#18637=CARTESIAN_POINT('',(33.0000000000005,78.4937516235465,115.));
#18638=CARTESIAN_POINT('',(-38.,231.987503247092,115.));
#18639=CARTESIAN_POINT('',(-104.,231.987503247092,115.));
#18640=CARTESIAN_POINT('',(-38.,228.987503247092,115.));
#18641=CARTESIAN_POINT('',(-38.0000000000014,76.9937516235456,115.));
#18642=CARTESIAN_POINT('',(-68.4999999999999,228.987503247092,115.));
#18643=CARTESIAN_POINT('',(33.,237.987503247092,115.));
#18644=CARTESIAN_POINT('',(33.,240.987503247092,115.));
#18645=CARTESIAN_POINT('',(33.0000000000005,82.9937516235465,115.));
#18646=CARTESIAN_POINT('',(-38.,240.987503247092,115.));
#18647=CARTESIAN_POINT('',(-104.,240.987503247092,115.));
#18648=CARTESIAN_POINT('',(-38.,237.987503247092,115.));
#18649=CARTESIAN_POINT('',(-38.0000000000014,81.4937516235456,115.));
#18650=CARTESIAN_POINT('',(-68.4999999999999,237.987503247092,115.));
#18651=CARTESIAN_POINT('',(33.,246.987503247092,115.));
#18652=CARTESIAN_POINT('',(33.,249.987503247092,115.));
#18653=CARTESIAN_POINT('',(33.0000000000005,87.4937516235465,115.));
#18654=CARTESIAN_POINT('',(-38.,249.987503247092,115.));
#18655=CARTESIAN_POINT('',(-104.,249.987503247092,115.));
#18656=CARTESIAN_POINT('',(-38.,246.987503247092,115.));
#18657=CARTESIAN_POINT('',(-38.0000000000015,85.9937516235456,115.));
#18658=CARTESIAN_POINT('',(-68.4999999999999,246.987503247092,115.));
#18659=CARTESIAN_POINT('',(33.,255.987503247092,115.));
#18660=CARTESIAN_POINT('',(33.,258.987503247092,115.));
#18661=CARTESIAN_POINT('',(33.0000000000005,91.9937516235465,115.));
#18662=CARTESIAN_POINT('',(-38.,258.987503247092,115.));
#18663=CARTESIAN_POINT('',(-104.,258.987503247092,115.));
#18664=CARTESIAN_POINT('',(-38.,255.987503247092,115.));
#18665=CARTESIAN_POINT('',(-38.0000000000015,90.4937516235456,115.));
#18666=CARTESIAN_POINT('',(-68.4999999999999,255.987503247092,115.));
#18667=CARTESIAN_POINT('',(33.,264.987503247092,115.));
#18668=CARTESIAN_POINT('',(33.,267.987503247092,115.));
#18669=CARTESIAN_POINT('',(33.0000000000006,96.4937516235465,115.));
#18670=CARTESIAN_POINT('',(-38.,267.987503247092,115.));
#18671=CARTESIAN_POINT('',(-104.,267.987503247092,115.));
#18672=CARTESIAN_POINT('',(-38.,264.987503247092,115.));
#18673=CARTESIAN_POINT('',(-38.0000000000015,94.9937516235456,115.));
#18674=CARTESIAN_POINT('',(-68.4999999999999,264.987503247092,115.));
#18675=CARTESIAN_POINT('',(33.,273.987503247092,115.));
#18676=CARTESIAN_POINT('',(33.,276.987503247092,115.));
#18677=CARTESIAN_POINT('',(33.0000000000006,100.993751623547,115.));
#18678=CARTESIAN_POINT('',(-38.,276.987503247092,115.));
#18679=CARTESIAN_POINT('',(-104.,276.987503247092,115.));
#18680=CARTESIAN_POINT('',(-38.,273.987503247092,115.));
#18681=CARTESIAN_POINT('',(-38.0000000000016,99.4937516235456,115.));
#18682=CARTESIAN_POINT('',(-68.4999999999999,273.987503247092,115.));
#18683=CARTESIAN_POINT('',(33.,282.987503247092,115.));
#18684=CARTESIAN_POINT('',(33.,285.987503247092,115.));
#18685=CARTESIAN_POINT('',(33.0000000000006,105.493751623547,115.));
#18686=CARTESIAN_POINT('',(-38.,285.987503247092,115.));
#18687=CARTESIAN_POINT('',(-104.,285.987503247092,115.));
#18688=CARTESIAN_POINT('',(-38.,282.987503247092,115.));
#18689=CARTESIAN_POINT('',(-38.0000000000016,103.993751623546,115.));
#18690=CARTESIAN_POINT('',(-68.4999999999999,282.987503247092,115.));
#18691=CARTESIAN_POINT('',(33.,291.987503247092,115.));
#18692=CARTESIAN_POINT('',(33.,294.987503247092,115.));
#18693=CARTESIAN_POINT('',(33.0000000000006,109.993751623547,115.));
#18694=CARTESIAN_POINT('',(-38.,294.987503247092,115.));
#18695=CARTESIAN_POINT('',(-104.,294.987503247092,115.));
#18696=CARTESIAN_POINT('',(-38.,291.987503247092,115.));
#18697=CARTESIAN_POINT('',(-38.0000000000017,108.493751623546,115.));
#18698=CARTESIAN_POINT('',(-68.4999999999999,291.987503247092,115.));
#18699=CARTESIAN_POINT('',(33.,300.987503247092,115.));
#18700=CARTESIAN_POINT('',(33.,303.987503247092,115.));
#18701=CARTESIAN_POINT('',(33.0000000000006,114.493751623547,115.));
#18702=CARTESIAN_POINT('',(-38.,303.987503247092,115.));
#18703=CARTESIAN_POINT('',(-104.,303.987503247092,115.));
#18704=CARTESIAN_POINT('',(-38.,300.987503247092,115.));
#18705=CARTESIAN_POINT('',(-38.0000000000017,112.993751623546,115.));
#18706=CARTESIAN_POINT('',(-68.4999999999999,300.987503247092,115.));
#18707=CARTESIAN_POINT('',(33.,309.987503247092,115.));
#18708=CARTESIAN_POINT('',(33.,312.987503247092,115.));
#18709=CARTESIAN_POINT('',(33.0000000000006,118.993751623547,115.));
#18710=CARTESIAN_POINT('',(-38.,312.987503247092,115.));
#18711=CARTESIAN_POINT('',(-104.,312.987503247092,115.));
#18712=CARTESIAN_POINT('',(-38.,309.987503247092,115.));
#18713=CARTESIAN_POINT('',(-38.0000000000017,117.493751623546,115.));
#18714=CARTESIAN_POINT('',(-68.4999999999998,309.987503247092,115.));
#18715=CARTESIAN_POINT('Origin',(-102.,265.,111.));
#18716=CARTESIAN_POINT('',(-102.,262.8,111.));
#18717=CARTESIAN_POINT('Origin',(-102.,265.,111.));
#18718=CARTESIAN_POINT('',(-105.,262.8,111.));
#18719=CARTESIAN_POINT('',(-102.,262.8,111.));
#18720=CARTESIAN_POINT('Origin',(-105.,265.,111.));
#18721=CARTESIAN_POINT('Origin',(-102.,209.,111.));
#18722=CARTESIAN_POINT('',(-102.,206.8,111.));
#18723=CARTESIAN_POINT('Origin',(-102.,209.,111.));
#18724=CARTESIAN_POINT('',(-105.,206.8,111.));
#18725=CARTESIAN_POINT('',(-102.,206.8,111.));
#18726=CARTESIAN_POINT('Origin',(-105.,209.,111.));
#18727=CARTESIAN_POINT('Origin',(-102.,321.,111.));
#18728=CARTESIAN_POINT('',(-102.,318.8,111.));
#18729=CARTESIAN_POINT('Origin',(-102.,321.,111.));
#18730=CARTESIAN_POINT('',(-105.,318.8,111.));
#18731=CARTESIAN_POINT('',(-102.,318.8,111.));
#18732=CARTESIAN_POINT('Origin',(-105.,321.,111.));
#18733=CARTESIAN_POINT('Origin',(-102.,153.,111.));
#18734=CARTESIAN_POINT('',(-102.,150.8,111.));
#18735=CARTESIAN_POINT('Origin',(-102.,153.,111.));
#18736=CARTESIAN_POINT('',(-105.,150.8,111.));
#18737=CARTESIAN_POINT('',(-102.,150.8,111.));
#18738=CARTESIAN_POINT('Origin',(-105.,153.,111.));
#18739=CARTESIAN_POINT('Origin',(-102.,325.,115.));
#18740=CARTESIAN_POINT('Origin',(105.,-75.,-18.));
#18741=CARTESIAN_POINT('',(105.,125.,-18.));
#18742=CARTESIAN_POINT('',(107.,125.,-18.));
#18743=CARTESIAN_POINT('',(36.25,125.,-18.));
#18744=CARTESIAN_POINT('',(105.,328.,-18.));
#18745=CARTESIAN_POINT('',(105.,-75.,-18.));
#18746=CARTESIAN_POINT('',(107.,328.,-18.));
#18747=CARTESIAN_POINT('',(-170.,328.,-17.9999999999999));
#18748=CARTESIAN_POINT('',(107.,-75.,-18.));
#18749=CARTESIAN_POINT('Origin',(36.,309.987503247092,117.));
#18750=CARTESIAN_POINT('',(36.,309.987503247092,117.));
#18751=CARTESIAN_POINT('Origin',(71.4999999999999,311.487503247092,46.9999999999999));
#18752=CARTESIAN_POINT('',(105.,309.987503247092,46.9999999999999));
#18753=CARTESIAN_POINT('',(105.,118.243751623546,46.9999999999999));
#18754=CARTESIAN_POINT('',(107.,309.987503247092,46.9999999999999));
#18755=CARTESIAN_POINT('',(107.,309.987503247092,46.9999999999999));
#18756=CARTESIAN_POINT('',(107.,118.243751623546,46.9999999999999));
#18757=CARTESIAN_POINT('Origin',(107.,309.987503247092,117.));
#18758=CARTESIAN_POINT('',(107.,309.987503247092,49.5));
#18759=CARTESIAN_POINT('',(105.,309.987503247092,116.));
#18760=CARTESIAN_POINT('Origin',(-38.,312.987503247092,117.));
#18761=CARTESIAN_POINT('',(33.,312.987503247092,117.));
#18762=CARTESIAN_POINT('',(-38.,312.987503247092,117.));
#18763=CARTESIAN_POINT('Origin',(33.,312.987503247092,117.));
#18764=CARTESIAN_POINT('',(33.,309.987503247092,117.));
#18765=CARTESIAN_POINT('Origin',(33.,309.987503247092,117.));
#18766=CARTESIAN_POINT('',(-38.,309.987503247092,117.));
#18767=CARTESIAN_POINT('Origin',(-38.,309.987503247092,117.));
#18768=CARTESIAN_POINT('Origin',(36.,300.987503247092,117.));
#18769=CARTESIAN_POINT('',(36.,300.987503247092,117.));
#18770=CARTESIAN_POINT('Origin',(71.4999999999999,302.487503247092,46.9999999999999));
#18771=CARTESIAN_POINT('',(105.,300.987503247092,46.9999999999999));
#18772=CARTESIAN_POINT('',(105.,113.743751623546,46.9999999999999));
#18773=CARTESIAN_POINT('',(107.,300.987503247092,46.9999999999999));
#18774=CARTESIAN_POINT('',(107.,300.987503247092,46.9999999999999));
#18775=CARTESIAN_POINT('',(107.,113.743751623546,46.9999999999999));
#18776=CARTESIAN_POINT('Origin',(107.,300.987503247092,117.));
#18777=CARTESIAN_POINT('',(107.,300.987503247092,49.5));
#18778=CARTESIAN_POINT('',(105.,300.987503247092,116.));
#18779=CARTESIAN_POINT('Origin',(-38.,303.987503247092,117.));
#18780=CARTESIAN_POINT('',(33.,303.987503247092,117.));
#18781=CARTESIAN_POINT('',(-38.,303.987503247092,117.));
#18782=CARTESIAN_POINT('Origin',(33.,303.987503247092,117.));
#18783=CARTESIAN_POINT('',(33.,300.987503247092,117.));
#18784=CARTESIAN_POINT('Origin',(33.,300.987503247092,117.));
#18785=CARTESIAN_POINT('',(-38.,300.987503247092,117.));
#18786=CARTESIAN_POINT('Origin',(-38.,300.987503247092,117.));
#18787=CARTESIAN_POINT('Origin',(36.,291.987503247092,117.));
#18788=CARTESIAN_POINT('',(36.,291.987503247092,117.));
#18789=CARTESIAN_POINT('Origin',(71.4999999999999,293.487503247092,46.9999999999999));
#18790=CARTESIAN_POINT('',(105.,291.987503247092,46.9999999999999));
#18791=CARTESIAN_POINT('',(105.,109.243751623546,46.9999999999999));
#18792=CARTESIAN_POINT('',(107.,291.987503247092,46.9999999999999));
#18793=CARTESIAN_POINT('',(107.,291.987503247092,46.9999999999999));
#18794=CARTESIAN_POINT('',(107.,109.243751623546,46.9999999999999));
#18795=CARTESIAN_POINT('Origin',(107.,291.987503247092,117.));
#18796=CARTESIAN_POINT('',(107.,291.987503247092,49.5));
#18797=CARTESIAN_POINT('',(105.,291.987503247092,116.));
#18798=CARTESIAN_POINT('Origin',(-38.,294.987503247092,117.));
#18799=CARTESIAN_POINT('',(33.,294.987503247092,117.));
#18800=CARTESIAN_POINT('',(-38.,294.987503247092,117.));
#18801=CARTESIAN_POINT('Origin',(33.,294.987503247092,117.));
#18802=CARTESIAN_POINT('',(33.,291.987503247092,117.));
#18803=CARTESIAN_POINT('Origin',(33.,291.987503247092,117.));
#18804=CARTESIAN_POINT('',(-38.,291.987503247092,117.));
#18805=CARTESIAN_POINT('Origin',(-38.,291.987503247092,117.));
#18806=CARTESIAN_POINT('Origin',(36.,282.987503247092,117.));
#18807=CARTESIAN_POINT('',(36.,282.987503247092,117.));
#18808=CARTESIAN_POINT('Origin',(71.4999999999999,284.487503247092,46.9999999999999));
#18809=CARTESIAN_POINT('',(105.,282.987503247092,46.9999999999999));
#18810=CARTESIAN_POINT('',(105.,104.743751623546,46.9999999999999));
#18811=CARTESIAN_POINT('',(107.,282.987503247092,46.9999999999999));
#18812=CARTESIAN_POINT('',(107.,282.987503247092,46.9999999999999));
#18813=CARTESIAN_POINT('',(107.,104.743751623546,46.9999999999999));
#18814=CARTESIAN_POINT('Origin',(107.,282.987503247092,117.));
#18815=CARTESIAN_POINT('',(107.,282.987503247092,49.5));
#18816=CARTESIAN_POINT('',(105.,282.987503247092,116.));
#18817=CARTESIAN_POINT('Origin',(-38.,285.987503247092,117.));
#18818=CARTESIAN_POINT('',(33.,285.987503247092,117.));
#18819=CARTESIAN_POINT('',(-38.,285.987503247092,117.));
#18820=CARTESIAN_POINT('Origin',(33.,285.987503247092,117.));
#18821=CARTESIAN_POINT('',(33.,282.987503247092,117.));
#18822=CARTESIAN_POINT('Origin',(33.,282.987503247092,117.));
#18823=CARTESIAN_POINT('',(-38.,282.987503247092,117.));
#18824=CARTESIAN_POINT('Origin',(-38.,282.987503247092,117.));
#18825=CARTESIAN_POINT('Origin',(36.,273.987503247092,117.));
#18826=CARTESIAN_POINT('',(36.,273.987503247092,117.));
#18827=CARTESIAN_POINT('Origin',(71.4999999999999,275.487503247092,46.9999999999999));
#18828=CARTESIAN_POINT('',(105.,273.987503247092,46.9999999999999));
#18829=CARTESIAN_POINT('',(105.,100.243751623546,46.9999999999999));
#18830=CARTESIAN_POINT('',(107.,273.987503247092,46.9999999999999));
#18831=CARTESIAN_POINT('',(107.,273.987503247092,46.9999999999999));
#18832=CARTESIAN_POINT('',(107.,100.243751623546,46.9999999999999));
#18833=CARTESIAN_POINT('Origin',(107.,273.987503247092,117.));
#18834=CARTESIAN_POINT('',(107.,273.987503247092,49.5));
#18835=CARTESIAN_POINT('',(105.,273.987503247092,116.));
#18836=CARTESIAN_POINT('Origin',(-38.,276.987503247092,117.));
#18837=CARTESIAN_POINT('',(33.,276.987503247092,117.));
#18838=CARTESIAN_POINT('',(-38.,276.987503247092,117.));
#18839=CARTESIAN_POINT('Origin',(33.,276.987503247092,117.));
#18840=CARTESIAN_POINT('',(33.,273.987503247092,117.));
#18841=CARTESIAN_POINT('Origin',(33.,273.987503247092,117.));
#18842=CARTESIAN_POINT('',(-38.,273.987503247092,117.));
#18843=CARTESIAN_POINT('Origin',(-38.,273.987503247092,117.));
#18844=CARTESIAN_POINT('Origin',(36.,264.987503247092,117.));
#18845=CARTESIAN_POINT('',(36.,264.987503247092,117.));
#18846=CARTESIAN_POINT('Origin',(71.4999999999999,266.487503247092,46.9999999999999));
#18847=CARTESIAN_POINT('',(105.,264.987503247092,46.9999999999999));
#18848=CARTESIAN_POINT('',(105.,95.7437516235462,46.9999999999999));
#18849=CARTESIAN_POINT('',(107.,264.987503247092,46.9999999999999));
#18850=CARTESIAN_POINT('',(107.,264.987503247092,46.9999999999999));
#18851=CARTESIAN_POINT('',(107.,95.7437516235462,46.9999999999999));
#18852=CARTESIAN_POINT('Origin',(107.,264.987503247092,117.));
#18853=CARTESIAN_POINT('',(107.,264.987503247092,49.5));
#18854=CARTESIAN_POINT('',(105.,264.987503247092,116.));
#18855=CARTESIAN_POINT('Origin',(-38.,267.987503247092,117.));
#18856=CARTESIAN_POINT('',(33.,267.987503247092,117.));
#18857=CARTESIAN_POINT('',(-38.,267.987503247092,117.));
#18858=CARTESIAN_POINT('Origin',(33.,267.987503247092,117.));
#18859=CARTESIAN_POINT('',(33.,264.987503247092,117.));
#18860=CARTESIAN_POINT('Origin',(33.,264.987503247092,117.));
#18861=CARTESIAN_POINT('',(-38.,264.987503247092,117.));
#18862=CARTESIAN_POINT('Origin',(-38.,264.987503247092,117.));
#18863=CARTESIAN_POINT('Origin',(36.,255.987503247092,117.));
#18864=CARTESIAN_POINT('',(36.,255.987503247092,117.));
#18865=CARTESIAN_POINT('Origin',(71.4999999999999,257.487503247092,46.9999999999999));
#18866=CARTESIAN_POINT('',(105.,255.987503247092,46.9999999999999));
#18867=CARTESIAN_POINT('',(105.,91.2437516235462,46.9999999999999));
#18868=CARTESIAN_POINT('',(107.,255.987503247092,46.9999999999999));
#18869=CARTESIAN_POINT('',(107.,255.987503247092,46.9999999999999));
#18870=CARTESIAN_POINT('',(107.,91.2437516235462,46.9999999999999));
#18871=CARTESIAN_POINT('Origin',(107.,255.987503247092,117.));
#18872=CARTESIAN_POINT('',(107.,255.987503247092,49.5));
#18873=CARTESIAN_POINT('',(105.,255.987503247092,116.));
#18874=CARTESIAN_POINT('Origin',(-38.,258.987503247092,117.));
#18875=CARTESIAN_POINT('',(33.,258.987503247092,117.));
#18876=CARTESIAN_POINT('',(-38.,258.987503247092,117.));
#18877=CARTESIAN_POINT('Origin',(33.,258.987503247092,117.));
#18878=CARTESIAN_POINT('',(33.,255.987503247092,117.));
#18879=CARTESIAN_POINT('Origin',(33.,255.987503247092,117.));
#18880=CARTESIAN_POINT('',(-38.,255.987503247092,117.));
#18881=CARTESIAN_POINT('Origin',(-38.,255.987503247092,117.));
#18882=CARTESIAN_POINT('Origin',(36.,246.987503247092,117.));
#18883=CARTESIAN_POINT('',(36.,246.987503247092,117.));
#18884=CARTESIAN_POINT('Origin',(71.4999999999999,248.487503247092,46.9999999999999));
#18885=CARTESIAN_POINT('',(105.,246.987503247092,46.9999999999999));
#18886=CARTESIAN_POINT('',(105.,86.7437516235462,46.9999999999999));
#18887=CARTESIAN_POINT('',(107.,246.987503247092,46.9999999999999));
#18888=CARTESIAN_POINT('',(107.,246.987503247092,46.9999999999999));
#18889=CARTESIAN_POINT('',(107.,86.7437516235462,46.9999999999999));
#18890=CARTESIAN_POINT('Origin',(107.,246.987503247092,117.));
#18891=CARTESIAN_POINT('',(107.,246.987503247092,49.5));
#18892=CARTESIAN_POINT('',(105.,246.987503247092,116.));
#18893=CARTESIAN_POINT('Origin',(-38.,249.987503247092,117.));
#18894=CARTESIAN_POINT('',(33.,249.987503247092,117.));
#18895=CARTESIAN_POINT('',(-38.,249.987503247092,117.));
#18896=CARTESIAN_POINT('Origin',(33.,249.987503247092,117.));
#18897=CARTESIAN_POINT('',(33.,246.987503247092,117.));
#18898=CARTESIAN_POINT('Origin',(33.,246.987503247092,117.));
#18899=CARTESIAN_POINT('',(-38.,246.987503247092,117.));
#18900=CARTESIAN_POINT('Origin',(-38.,246.987503247092,117.));
#18901=CARTESIAN_POINT('Origin',(36.,237.987503247092,117.));
#18902=CARTESIAN_POINT('',(36.,237.987503247092,117.));
#18903=CARTESIAN_POINT('Origin',(71.4999999999999,239.487503247092,46.9999999999999));
#18904=CARTESIAN_POINT('',(105.,237.987503247092,46.9999999999999));
#18905=CARTESIAN_POINT('',(105.,82.2437516235462,46.9999999999999));
#18906=CARTESIAN_POINT('',(107.,237.987503247092,46.9999999999999));
#18907=CARTESIAN_POINT('',(107.,237.987503247092,46.9999999999999));
#18908=CARTESIAN_POINT('',(107.,82.2437516235462,46.9999999999999));
#18909=CARTESIAN_POINT('Origin',(107.,237.987503247092,117.));
#18910=CARTESIAN_POINT('',(107.,237.987503247092,49.5));
#18911=CARTESIAN_POINT('',(105.,237.987503247092,116.));
#18912=CARTESIAN_POINT('Origin',(-38.,240.987503247092,117.));
#18913=CARTESIAN_POINT('',(33.,240.987503247092,117.));
#18914=CARTESIAN_POINT('',(-38.,240.987503247092,117.));
#18915=CARTESIAN_POINT('Origin',(33.,240.987503247092,117.));
#18916=CARTESIAN_POINT('',(33.,237.987503247092,117.));
#18917=CARTESIAN_POINT('Origin',(33.,237.987503247092,117.));
#18918=CARTESIAN_POINT('',(-38.,237.987503247092,117.));
#18919=CARTESIAN_POINT('Origin',(-38.,237.987503247092,117.));
#18920=CARTESIAN_POINT('Origin',(36.,228.987503247092,117.));
#18921=CARTESIAN_POINT('',(36.,228.987503247092,117.));
#18922=CARTESIAN_POINT('Origin',(71.4999999999999,230.487503247092,46.9999999999999));
#18923=CARTESIAN_POINT('',(105.,228.987503247092,46.9999999999999));
#18924=CARTESIAN_POINT('',(105.,77.7437516235462,46.9999999999999));
#18925=CARTESIAN_POINT('',(107.,228.987503247092,46.9999999999999));
#18926=CARTESIAN_POINT('',(107.,228.987503247092,46.9999999999999));
#18927=CARTESIAN_POINT('',(107.,77.7437516235462,46.9999999999999));
#18928=CARTESIAN_POINT('Origin',(107.,228.987503247092,117.));
#18929=CARTESIAN_POINT('',(107.,228.987503247092,49.5));
#18930=CARTESIAN_POINT('',(105.,228.987503247092,116.));
#18931=CARTESIAN_POINT('Origin',(-38.,231.987503247092,117.));
#18932=CARTESIAN_POINT('',(33.,231.987503247092,117.));
#18933=CARTESIAN_POINT('',(-38.,231.987503247092,117.));
#18934=CARTESIAN_POINT('Origin',(33.,231.987503247092,117.));
#18935=CARTESIAN_POINT('',(33.,228.987503247092,117.));
#18936=CARTESIAN_POINT('Origin',(33.,228.987503247092,117.));
#18937=CARTESIAN_POINT('',(-38.,228.987503247092,117.));
#18938=CARTESIAN_POINT('Origin',(-38.,228.987503247092,117.));
#18939=CARTESIAN_POINT('Origin',(36.,219.987503247092,117.));
#18940=CARTESIAN_POINT('Origin',(71.4999999999999,221.487503247092,46.9999999999999));
#18941=CARTESIAN_POINT('',(105.,73.2437516235462,46.9999999999999));
#18942=CARTESIAN_POINT('',(107.,73.2437516235462,46.9999999999999));
#18943=CARTESIAN_POINT('Origin',(-38.,222.987503247092,117.));
#18944=CARTESIAN_POINT('',(33.,222.987503247092,117.));
#18945=CARTESIAN_POINT('',(-38.,222.987503247092,117.));
#18946=CARTESIAN_POINT('Origin',(33.,222.987503247092,117.));
#18947=CARTESIAN_POINT('',(33.,219.987503247092,117.));
#18948=CARTESIAN_POINT('Origin',(33.,219.987503247092,117.));
#18949=CARTESIAN_POINT('',(-38.,219.987503247092,117.));
#18950=CARTESIAN_POINT('Origin',(-38.,219.987503247092,117.));
#18951=CARTESIAN_POINT('Origin',(-21.,168.,117.));
#18952=CARTESIAN_POINT('',(-96.,168.,117.));
#18953=CARTESIAN_POINT('',(-21.,168.,117.));
#18954=CARTESIAN_POINT('Origin',(-96.,168.,117.));
#18955=CARTESIAN_POINT('',(-96.,171.,117.));
#18956=CARTESIAN_POINT('Origin',(-96.,171.,117.));
#18957=CARTESIAN_POINT('',(-21.,171.,117.));
#18958=CARTESIAN_POINT('Origin',(-21.,171.,117.));
#18959=CARTESIAN_POINT('Origin',(-21.,159.,117.));
#18960=CARTESIAN_POINT('',(-96.,159.,117.));
#18961=CARTESIAN_POINT('',(-21.,159.,117.));
#18962=CARTESIAN_POINT('Origin',(-96.,159.,117.));
#18963=CARTESIAN_POINT('',(-96.,162.,117.));
#18964=CARTESIAN_POINT('Origin',(-96.,162.,117.));
#18965=CARTESIAN_POINT('',(-21.,162.,117.));
#18966=CARTESIAN_POINT('Origin',(-21.,162.,117.));
#18967=CARTESIAN_POINT('Origin',(-21.,150.,117.));
#18968=CARTESIAN_POINT('',(-96.,150.,117.));
#18969=CARTESIAN_POINT('',(-21.,150.,117.));
#18970=CARTESIAN_POINT('Origin',(-96.,150.,117.));
#18971=CARTESIAN_POINT('',(-96.,153.,117.));
#18972=CARTESIAN_POINT('Origin',(-96.,153.,117.));
#18973=CARTESIAN_POINT('',(-21.,153.,117.));
#18974=CARTESIAN_POINT('Origin',(-21.,153.,117.));
#18975=CARTESIAN_POINT('Origin',(-21.,141.,117.));
#18976=CARTESIAN_POINT('',(-96.,141.,117.));
#18977=CARTESIAN_POINT('',(-21.,141.,117.));
#18978=CARTESIAN_POINT('Origin',(-96.,141.,117.));
#18979=CARTESIAN_POINT('',(-96.,144.,117.));
#18980=CARTESIAN_POINT('Origin',(-96.,144.,117.));
#18981=CARTESIAN_POINT('',(-21.,144.,117.));
#18982=CARTESIAN_POINT('Origin',(-21.,144.,117.));
#18983=CARTESIAN_POINT('Origin',(-21.,132.,117.));
#18984=CARTESIAN_POINT('',(-96.,132.,117.));
#18985=CARTESIAN_POINT('',(-21.,132.,117.));
#18986=CARTESIAN_POINT('Origin',(-96.,132.,117.));
#18987=CARTESIAN_POINT('',(-96.,135.,117.));
#18988=CARTESIAN_POINT('Origin',(-96.,135.,117.));
#18989=CARTESIAN_POINT('',(-21.,135.,117.));
#18990=CARTESIAN_POINT('Origin',(-21.,135.,117.));
#18991=CARTESIAN_POINT('Origin',(-32.5,328.,49.5));
#18992=CARTESIAN_POINT('',(107.,328.,117.));
#18993=CARTESIAN_POINT('',(105.,328.,107.));
#18994=CARTESIAN_POINT('',(-105.,328.,49.5));
#18995=CARTESIAN_POINT('Origin',(105.,-75.,115.));
#18996=CARTESIAN_POINT('',(105.,125.,52.0000000000001));
#18997=CARTESIAN_POINT('',(105.,125.,82.25));
#18998=CARTESIAN_POINT('',(105.,128.,52.0000000000001));
#18999=CARTESIAN_POINT('',(105.,25.,52.0000000000001));
#19000=CARTESIAN_POINT('',(105.,128.,99.25));
#19001=CARTESIAN_POINT('Origin',(88.9999999999999,125.,115.));
#19002=CARTESIAN_POINT('',(88.9999999999999,125.,107.));
#19003=CARTESIAN_POINT('',(88.9999999999999,125.,82.25));
#19004=CARTESIAN_POINT('',(88.9999999999999,128.,107.));
#19005=CARTESIAN_POINT('',(88.9999999999999,128.,115.));
#19006=CARTESIAN_POINT('',(88.9999999999999,125.,107.));
#19007=CARTESIAN_POINT('Origin',(88.9999999999999,125.,107.));
#19008=CARTESIAN_POINT('',(96.9999999999999,125.,107.));
#19009=CARTESIAN_POINT('',(28.25,125.,107.));
#19010=CARTESIAN_POINT('',(96.9999999999999,128.,107.));
#19011=CARTESIAN_POINT('',(-100.,128.,107.));
#19012=CARTESIAN_POINT('',(96.9999999999999,125.,107.));
#19013=CARTESIAN_POINT('Origin',(96.9999999999999,125.,107.));
#19014=CARTESIAN_POINT('',(96.9999999999999,125.,52.0000000000001));
#19015=CARTESIAN_POINT('',(96.9999999999999,125.,78.25));
#19016=CARTESIAN_POINT('',(96.9999999999999,128.,52.0000000000001));
#19017=CARTESIAN_POINT('',(96.9999999999999,128.,107.));
#19018=CARTESIAN_POINT('',(96.9999999999999,125.,52.0000000000001));
#19019=CARTESIAN_POINT('Origin',(96.9999999999999,125.,52.0000000000001));
#19020=CARTESIAN_POINT('',(32.25,125.,52.));
#19021=CARTESIAN_POINT('',(96.9999999999999,128.,52.0000000000001));
#19022=CARTESIAN_POINT('Origin',(96.9999999999999,128.,83.5000000000001));
#19023=CARTESIAN_POINT('',(103.2,128.,84.));
#19024=CARTESIAN_POINT('Origin',(101.,128.,84.));
#19025=CARTESIAN_POINT('',(103.2,128.,111.));
#19026=CARTESIAN_POINT('Origin',(101.,128.,111.));
#19027=CARTESIAN_POINT('',(103.2,128.,57.));
#19028=CARTESIAN_POINT('Origin',(101.,128.,57.));
#19029=CARTESIAN_POINT('Origin',(-35.6428571428572,128.,111.));
#19030=CARTESIAN_POINT('',(28.7142857142857,128.,107.));
#19031=CARTESIAN_POINT('',(-100.,128.,107.));
#19032=CARTESIAN_POINT('',(-100.,128.,107.));
#19033=CARTESIAN_POINT('',(-100.,128.,107.));
#19034=CARTESIAN_POINT('',(28.7142857142857,128.,115.));
#19035=CARTESIAN_POINT('',(-87.5142857142857,128.,111.));
#19036=CARTESIAN_POINT('Origin',(-89.7142857142857,128.,111.));
#19037=CARTESIAN_POINT('',(-49.3714285714286,128.,111.));
#19038=CARTESIAN_POINT('Origin',(-51.5714285714286,128.,111.));
#19039=CARTESIAN_POINT('',(-11.2285714285714,128.,111.));
#19040=CARTESIAN_POINT('Origin',(-13.4285714285714,128.,111.));
#19041=CARTESIAN_POINT('',(26.9142857142857,128.,111.));
#19042=CARTESIAN_POINT('Origin',(24.7142857142857,128.,111.));
#19043=CARTESIAN_POINT('Origin',(101.,125.,84.));
#19044=CARTESIAN_POINT('',(103.2,125.,84.));
#19045=CARTESIAN_POINT('Origin',(101.,125.,84.));
#19046=CARTESIAN_POINT('',(103.2,125.,84.));
#19047=CARTESIAN_POINT('Origin',(101.,125.,111.));
#19048=CARTESIAN_POINT('',(103.2,125.,111.));
#19049=CARTESIAN_POINT('Origin',(101.,125.,111.));
#19050=CARTESIAN_POINT('',(103.2,125.,111.));
#19051=CARTESIAN_POINT('Origin',(101.,125.,57.));
#19052=CARTESIAN_POINT('',(103.2,125.,57.));
#19053=CARTESIAN_POINT('Origin',(101.,125.,57.));
#19054=CARTESIAN_POINT('',(103.2,125.,57.));
#19055=CARTESIAN_POINT('Origin',(-89.7142857142857,125.,111.));
#19056=CARTESIAN_POINT('',(-87.5142857142857,125.,111.));
#19057=CARTESIAN_POINT('Origin',(-89.7142857142857,125.,111.));
#19058=CARTESIAN_POINT('',(-87.5142857142857,125.,111.));
#19059=CARTESIAN_POINT('Origin',(-51.5714285714286,125.,111.));
#19060=CARTESIAN_POINT('',(-49.3714285714286,125.,111.));
#19061=CARTESIAN_POINT('Origin',(-51.5714285714286,125.,111.));
#19062=CARTESIAN_POINT('',(-49.3714285714286,125.,111.));
#19063=CARTESIAN_POINT('Origin',(-13.4285714285714,125.,111.));
#19064=CARTESIAN_POINT('',(-11.2285714285714,125.,111.));
#19065=CARTESIAN_POINT('Origin',(-13.4285714285714,125.,111.));
#19066=CARTESIAN_POINT('',(-11.2285714285714,125.,111.));
#19067=CARTESIAN_POINT('Origin',(24.7142857142857,125.,111.));
#19068=CARTESIAN_POINT('',(26.9142857142857,125.,111.));
#19069=CARTESIAN_POINT('Origin',(24.7142857142857,125.,111.));
#19070=CARTESIAN_POINT('',(26.9142857142857,125.,111.));
#19071=CARTESIAN_POINT('Origin',(107.,-75.,-18.));
#19072=CARTESIAN_POINT('',(107.,125.,15.75));
#19073=CARTESIAN_POINT('Origin',(-105.,125.,49.5));
#19074=CARTESIAN_POINT('',(-105.,125.,49.5));
#19075=CARTESIAN_POINT('Origin',(-100.,125.,115.));
#19076=CARTESIAN_POINT('',(-100.,125.,107.));
#19077=CARTESIAN_POINT('',(-100.,125.,82.25));
#19078=CARTESIAN_POINT('',(-100.,125.,107.));
#19079=CARTESIAN_POINT('Origin',(-100.,125.,107.));
#19080=CARTESIAN_POINT('',(28.7142857142857,125.,107.));
#19081=CARTESIAN_POINT('',(-66.25,125.,107.));
#19082=CARTESIAN_POINT('',(28.7142857142857,125.,107.));
#19083=CARTESIAN_POINT('Origin',(28.7142857142857,125.,107.));
#19084=CARTESIAN_POINT('',(28.7142857142857,125.,78.25));
#19085=CARTESIAN_POINT('Origin',(-32.5,125.,49.5));
#19086=CARTESIAN_POINT('Origin',(-145.,-75.,-3.566843790023E-14));
#19087=CARTESIAN_POINT('',(-155.,-75.,-3.5527136788005E-14));
#19088=CARTESIAN_POINT('',(-145.,-75.,-3.566843790023E-14));
#19089=CARTESIAN_POINT('',(-88.75,-75.,-3.5527136788005E-14));
#19090=CARTESIAN_POINT('',(-155.,-70.,-3.5527136788005E-14));
#19091=CARTESIAN_POINT('',(-155.,-75.,-3.5527136788005E-14));
#19092=CARTESIAN_POINT('',(-145.,-70.,-3.5527136788005E-14));
#19093=CARTESIAN_POINT('',(-155.,-70.,-3.566843790023E-14));
#19094=CARTESIAN_POINT('',(-145.,-75.,-3.566843790023E-14));
#19095=CARTESIAN_POINT('Origin',(-145.,-75.,4.99999999999996));
#19096=CARTESIAN_POINT('',(-145.,-75.,4.99999999999996));
#19097=CARTESIAN_POINT('',(-145.,-75.,26.75));
#19098=CARTESIAN_POINT('',(-145.,-70.,4.99999999999996));
#19099=CARTESIAN_POINT('',(-145.,-70.,-3.566843790023E-14));
#19100=CARTESIAN_POINT('',(-145.,-75.,4.99999999999996));
#19101=CARTESIAN_POINT('Origin',(-155.,-75.,4.99999999999996));
#19102=CARTESIAN_POINT('',(-155.,-75.,4.99999999999996));
#19103=CARTESIAN_POINT('',(-93.75,-75.,4.99999999999996));
#19104=CARTESIAN_POINT('',(-155.,-70.,4.99999999999996));
#19105=CARTESIAN_POINT('',(-145.,-70.,4.99999999999996));
#19106=CARTESIAN_POINT('',(-155.,-75.,4.99999999999996));
#19107=CARTESIAN_POINT('Origin',(-155.,-75.,-3.5527136788005E-14));
#19108=CARTESIAN_POINT('',(-155.,-75.,24.25));
#19109=CARTESIAN_POINT('',(-155.,-70.,4.99999999999996));
#19110=CARTESIAN_POINT('Origin',(-150.,-70.,2.49999999999996));
#19111=CARTESIAN_POINT('Origin',(-108.,-75.,-2.44249065417534E-14));
#19112=CARTESIAN_POINT('',(-108.,-67.,12.));
#19113=CARTESIAN_POINT('',(-108.,-75.,12.));
#19114=CARTESIAN_POINT('',(-108.,-75.,12.));
#19115=CARTESIAN_POINT('',(-108.,-75.,106.));
#19116=CARTESIAN_POINT('',(-108.,-75.,24.25));
#19117=CARTESIAN_POINT('',(-108.,-67.,106.));
#19118=CARTESIAN_POINT('',(-108.,-75.,106.));
#19119=CARTESIAN_POINT('',(-108.,-67.,-17.9999999999999));
#19120=CARTESIAN_POINT('',(-108.,-73.2,71.6666666666666));
#19121=CARTESIAN_POINT('Origin',(-108.,-71.,71.6666666666666));
#19122=CARTESIAN_POINT('',(-108.,-73.2,41.3333333333333));
#19123=CARTESIAN_POINT('Origin',(-108.,-71.,41.3333333333333));
#19124=CARTESIAN_POINT('',(-108.,-73.2,102.));
#19125=CARTESIAN_POINT('Origin',(-108.,-71.,102.));
#19126=CARTESIAN_POINT('Origin',(-105.,125.,49.5));
#19127=CARTESIAN_POINT('',(-105.,-76.4,12.));
#19128=CARTESIAN_POINT('',(-105.,-67.,12.));
#19129=CARTESIAN_POINT('',(-105.,25.,12.));
#19130=CARTESIAN_POINT('',(-105.,-67.,106.));
#19131=CARTESIAN_POINT('',(-105.,-67.,51.25));
#19132=CARTESIAN_POINT('',(-105.,-75.,106.));
#19133=CARTESIAN_POINT('',(-105.,25.,106.));
#19134=CARTESIAN_POINT('',(-105.,-75.,114.799999999999));
#19135=CARTESIAN_POINT('',(-105.,-75.,49.));
#19136=CARTESIAN_POINT('',(-105.,-76.4,114.799999999999));
#19137=CARTESIAN_POINT('',(-105.,25.,114.799999999999));
#19138=CARTESIAN_POINT('',(-105.,-76.4,49.));
#19139=CARTESIAN_POINT('',(-105.,-73.2,71.6666666666666));
#19140=CARTESIAN_POINT('Origin',(-105.,-71.,71.6666666666666));
#19141=CARTESIAN_POINT('',(-105.,-73.2,41.3333333333333));
#19142=CARTESIAN_POINT('Origin',(-105.,-71.,41.3333333333333));
#19143=CARTESIAN_POINT('',(-105.,-73.2,102.));
#19144=CARTESIAN_POINT('Origin',(-105.,-71.,102.));
#19145=CARTESIAN_POINT('Origin',(-122.5,-75.,10.));
#19146=CARTESIAN_POINT('',(-124.5,-75.,10.));
#19147=CARTESIAN_POINT('',(-122.5,-75.,12.));
#19148=CARTESIAN_POINT('Origin',(-122.5,-75.,10.));
#19149=CARTESIAN_POINT('',(-122.5,-76.8,12.));
#19150=CARTESIAN_POINT('',(-122.5,-75.,12.));
#19151=CARTESIAN_POINT('',(-124.5,-76.8,10.));
#19152=CARTESIAN_POINT('Origin',(-122.5,-76.8,10.));
#19153=CARTESIAN_POINT('',(-124.5,-75.,10.));
#19154=CARTESIAN_POINT('Origin',(-85.5,-75.,12.));
#19155=CARTESIAN_POINT('',(-59.,-75.,12.));
#19156=CARTESIAN_POINT('',(-95.25,-67.,12.));
#19157=CARTESIAN_POINT('',(-105.9,-76.4,12.));
#19158=CARTESIAN_POINT('',(-95.2499999999999,-76.4,12.));
#19159=CARTESIAN_POINT('',(-105.9,-76.8,12.));
#19160=CARTESIAN_POINT('',(-105.9,-75.9,12.));
#19161=CARTESIAN_POINT('',(-59.,-76.8,12.));
#19162=CARTESIAN_POINT('Origin',(-124.5,-75.,12.));
#19163=CARTESIAN_POINT('',(-124.5,-76.8,-18.));
#19164=CARTESIAN_POINT('',(-124.5,-76.8,30.25));
#19165=CARTESIAN_POINT('',(-124.5,-75.,-18.));
#19166=CARTESIAN_POINT('',(-124.5,-75.,-17.9999999999999));
#19167=CARTESIAN_POINT('',(-124.5,-75.,30.25));
#19168=CARTESIAN_POINT('Origin',(-32.5,-75.,48.5));
#19169=CARTESIAN_POINT('',(-169.8,-75.,-17.9999999999999));
#19170=CARTESIAN_POINT('',(-170.,-75.,-17.9999999999999));
#19171=CARTESIAN_POINT('',(-169.8,-75.,114.799999999999));
#19172=CARTESIAN_POINT('',(-169.8,-75.,81.7500000000001));
#19173=CARTESIAN_POINT('',(36.2499999999998,-75.,114.8));
#19174=CARTESIAN_POINT('',(-70.25,-75.,106.));
#19175=CARTESIAN_POINT('',(-131.45,-75.,28.));
#19176=CARTESIAN_POINT('',(-131.45,-75.,48.));
#19177=CARTESIAN_POINT('',(-131.45,-75.,38.2500000000001));
#19178=CARTESIAN_POINT('',(-144.45,-75.,48.));
#19179=CARTESIAN_POINT('',(-81.975,-75.,48.));
#19180=CARTESIAN_POINT('',(-144.45,-75.,28.));
#19181=CARTESIAN_POINT('',(-144.45,-75.,48.2500000000001));
#19182=CARTESIAN_POINT('',(-88.475,-75.,28.));
#19183=CARTESIAN_POINT('',(-141.45,-75.,58.));
#19184=CARTESIAN_POINT('Origin',(-137.95,-75.,58.));
#19185=CARTESIAN_POINT('',(-166.,-75.,55.2000000000735));
#19186=CARTESIAN_POINT('Origin',(-166.,-75.,53.5000000000735));
#19187=CARTESIAN_POINT('',(-166.,-75.,112.7));
#19188=CARTESIAN_POINT('Origin',(-166.,-75.,111.));
#19189=CARTESIAN_POINT('',(-148.65,-75.,-9.));
#19190=CARTESIAN_POINT('Origin',(-147.,-75.,-9.));
#19191=CARTESIAN_POINT('Origin',(-170.,-75.,-17.9999999999999));
#19192=CARTESIAN_POINT('',(-169.8,-76.8,-17.9999999999999));
#19193=CARTESIAN_POINT('',(-170.,-76.8,-17.9999999999999));
#19194=CARTESIAN_POINT('',(-169.8,-75.,-17.9999999999999));
#19195=CARTESIAN_POINT('Origin',(-32.5,-76.8,48.5));
#19196=CARTESIAN_POINT('',(-105.9,-76.8,114.799999999999));
#19197=CARTESIAN_POINT('',(-105.9,-76.8,15.25));
#19198=CARTESIAN_POINT('',(-169.8,-76.8,114.799999999999));
#19199=CARTESIAN_POINT('',(36.2499999999998,-76.8,114.8));
#19200=CARTESIAN_POINT('',(-169.8,-76.8,81.7500000000001));
#19201=CARTESIAN_POINT('',(-139.525,-76.8,58.));
#19202=CARTESIAN_POINT('Origin',(-137.95,-76.8,58.));
#19203=CARTESIAN_POINT('',(-131.45,-76.8,48.));
#19204=CARTESIAN_POINT('',(-131.45,-76.8,28.));
#19205=CARTESIAN_POINT('',(-131.45,-76.8,38.2500000000001));
#19206=CARTESIAN_POINT('',(-144.45,-76.8,28.));
#19207=CARTESIAN_POINT('',(-88.475,-76.8,28.));
#19208=CARTESIAN_POINT('',(-144.45,-76.8,48.));
#19209=CARTESIAN_POINT('',(-144.45,-76.8,48.2500000000001));
#19210=CARTESIAN_POINT('',(-81.975,-76.8,48.));
#19211=CARTESIAN_POINT('',(-166.,-76.8,57.0000000000735));
#19212=CARTESIAN_POINT('Origin',(-166.,-76.8,53.5000000000735));
#19213=CARTESIAN_POINT('',(-166.,-76.8,114.5));
#19214=CARTESIAN_POINT('Origin',(-166.,-76.8,111.));
#19215=CARTESIAN_POINT('',(-148.65,-76.8,-9.));
#19216=CARTESIAN_POINT('Origin',(-147.,-76.8,-9.));
#19217=CARTESIAN_POINT('Origin',(-147.,-76.8,-9.));
#19218=CARTESIAN_POINT('',(-148.65,-76.8,-9.));
#19219=CARTESIAN_POINT('Origin',(-166.,-75.85,111.));
#19220=CARTESIAN_POINT('',(-166.,-75.85,113.55));
#19221=CARTESIAN_POINT('Origin',(-166.,-75.85,53.5000000000735));
#19222=CARTESIAN_POINT('',(-166.,-75.85,56.0500000000735));
#19223=CARTESIAN_POINT('Origin',(-137.95,-75.,58.));
#19224=CARTESIAN_POINT('',(-141.45,-73.8,58.));
#19225=CARTESIAN_POINT('Origin',(-137.95,-73.8,58.));
#19226=CARTESIAN_POINT('',(-141.45,-75.,58.));
#19227=CARTESIAN_POINT('Origin',(-137.95,-73.8,58.));
#19228=CARTESIAN_POINT('',(-139.525,-73.8,58.));
#19229=CARTESIAN_POINT('Origin',(-137.95,-73.8,58.));
#19230=CARTESIAN_POINT('Origin',(-131.45,-75.,28.));
#19231=CARTESIAN_POINT('',(-131.45,-75.,48.));
#19232=CARTESIAN_POINT('',(-131.45,-75.,28.));
#19233=CARTESIAN_POINT('Origin',(-144.45,-75.,28.));
#19234=CARTESIAN_POINT('',(-144.45,-75.,28.));
#19235=CARTESIAN_POINT('Origin',(-144.45,-75.,48.));
#19236=CARTESIAN_POINT('',(-144.45,-75.,48.));
#19237=CARTESIAN_POINT('Origin',(-131.45,-75.,48.));
#19238=CARTESIAN_POINT('Origin',(-137.95,-75.,58.));
#19239=CARTESIAN_POINT('',(-139.525,-75.,58.));
#19240=CARTESIAN_POINT('Origin',(-105.,-67.,53.));
#19241=CARTESIAN_POINT('',(-102.,-67.,106.));
#19242=CARTESIAN_POINT('Origin',(-102.,-71.,71.6666666666666));
#19243=CARTESIAN_POINT('',(-102.,-73.2,71.6666666666666));
#19244=CARTESIAN_POINT('Origin',(-102.,-71.,41.3333333333333));
#19245=CARTESIAN_POINT('',(-102.,-73.2,41.3333333333333));
#19246=CARTESIAN_POINT('Origin',(-102.,-71.,102.));
#19247=CARTESIAN_POINT('',(-102.,-73.2,102.));
#19248=CARTESIAN_POINT('Origin',(-108.,-75.,106.));
#19249=CARTESIAN_POINT('Origin',(-105.9,-76.8,-18.));
#19250=CARTESIAN_POINT('',(-105.9,-76.4,114.799999999999));
#19251=CARTESIAN_POINT('',(-105.9,-76.4,81.75));
#19252=CARTESIAN_POINT('',(-105.9,-75.9,114.799999999999));
#19253=CARTESIAN_POINT('Origin',(-105.,-76.4,48.5));
#19254=CARTESIAN_POINT('',(-1.1168843627729E-13,-76.4,114.8));
#19255=CARTESIAN_POINT('Origin',(105.,-75.,114.8));
#19256=CARTESIAN_POINT('',(-169.8,-75.,114.799999999999));
#19257=CARTESIAN_POINT('Origin',(-169.8,-75.,115.));
#19258=CARTESIAN_POINT('Origin',(-170.,-75.,115.));
#19259=CARTESIAN_POINT('',(-172.,162.,115.));
#19260=CARTESIAN_POINT('',(-170.,162.,117.));
#19261=CARTESIAN_POINT('Origin',(-170.,162.,115.));
#19262=CARTESIAN_POINT('',(-170.,168.,117.));
#19263=CARTESIAN_POINT('',(-170.,-75.,117.));
#19264=CARTESIAN_POINT('',(-172.,168.,115.));
#19265=CARTESIAN_POINT('Origin',(-170.,168.,115.));
#19266=CARTESIAN_POINT('',(-172.,-75.,115.));
#19267=CARTESIAN_POINT('Origin',(-114.,168.,117.));
#19268=CARTESIAN_POINT('',(-114.,168.,117.));
#19269=CARTESIAN_POINT('',(-3.50000000000004,168.,117.));
#19270=CARTESIAN_POINT('',(-114.,168.,115.));
#19271=CARTESIAN_POINT('',(-114.,168.,117.));
#19272=CARTESIAN_POINT('',(-170.,168.,115.));
#19273=CARTESIAN_POINT('',(-142.,168.,115.));
#19274=CARTESIAN_POINT('',(-170.,168.,47.));
#19275=CARTESIAN_POINT('',(-170.,168.,49.5));
#19276=CARTESIAN_POINT('',(-172.,168.,47.));
#19277=CARTESIAN_POINT('',(-114.,168.,47.));
#19278=CARTESIAN_POINT('',(-172.,168.,117.));
#19279=CARTESIAN_POINT('Origin',(107.,-75.,117.));
#19280=CARTESIAN_POINT('',(-114.,162.,117.));
#19281=CARTESIAN_POINT('',(-37.4980288201291,162.,117.));
#19282=CARTESIAN_POINT('',(-114.,159.,117.));
#19283=CARTESIAN_POINT('',(-114.,43.5,117.));
#19284=CARTESIAN_POINT('',(-170.,159.,117.));
#19285=CARTESIAN_POINT('',(-3.50000000000004,159.,117.));
#19286=CARTESIAN_POINT('',(-170.,153.,117.));
#19287=CARTESIAN_POINT('',(-170.,-75.,117.));
#19288=CARTESIAN_POINT('',(-114.,153.,117.));
#19289=CARTESIAN_POINT('',(-37.4980288201291,153.,117.));
#19290=CARTESIAN_POINT('',(-114.,150.,117.));
#19291=CARTESIAN_POINT('',(-114.,39.,117.));
#19292=CARTESIAN_POINT('',(-170.,150.,117.));
#19293=CARTESIAN_POINT('',(-3.50000000000004,150.,117.));
#19294=CARTESIAN_POINT('',(-170.,144.,117.));
#19295=CARTESIAN_POINT('',(-170.,-75.,117.));
#19296=CARTESIAN_POINT('',(-114.,144.,117.));
#19297=CARTESIAN_POINT('',(-37.4980288201291,144.,117.));
#19298=CARTESIAN_POINT('',(-114.,141.,117.));
#19299=CARTESIAN_POINT('',(-114.,34.5,117.));
#19300=CARTESIAN_POINT('',(-170.,141.,117.));
#19301=CARTESIAN_POINT('',(-3.50000000000004,141.,117.));
#19302=CARTESIAN_POINT('',(-170.,135.,117.));
#19303=CARTESIAN_POINT('',(-170.,-75.,117.));
#19304=CARTESIAN_POINT('',(-114.,135.,117.));
#19305=CARTESIAN_POINT('',(-37.4980288201291,135.,117.));
#19306=CARTESIAN_POINT('',(-114.,132.,117.));
#19307=CARTESIAN_POINT('',(-114.,30.,117.));
#19308=CARTESIAN_POINT('',(-170.,132.,117.));
#19309=CARTESIAN_POINT('',(-3.50000000000004,132.,117.));
#19310=CARTESIAN_POINT('',(-170.,125.,117.));
#19311=CARTESIAN_POINT('',(-170.,-75.,117.));
#19312=CARTESIAN_POINT('',(-105.,125.,117.));
#19313=CARTESIAN_POINT('',(37.25,125.,117.));
#19314=CARTESIAN_POINT('',(-105.,328.,117.));
#19315=CARTESIAN_POINT('',(-105.,25.,117.));
#19316=CARTESIAN_POINT('',(-170.,328.,117.));
#19317=CARTESIAN_POINT('',(-172.,328.,117.));
#19318=CARTESIAN_POINT('',(-170.,312.987503247092,117.));
#19319=CARTESIAN_POINT('',(-170.,-75.,117.));
#19320=CARTESIAN_POINT('',(-113.999926878225,312.987503247092,117.));
#19321=CARTESIAN_POINT('',(-37.5000367375569,312.987503247092,117.));
#19322=CARTESIAN_POINT('',(-113.999926878225,309.987503247092,117.));
#19323=CARTESIAN_POINT('',(-113.999926878225,118.993751623546,117.));
#19324=CARTESIAN_POINT('',(-170.,309.987503247092,117.));
#19325=CARTESIAN_POINT('',(-3.4999634391123,309.987503247092,117.));
#19326=CARTESIAN_POINT('',(-170.,303.987503247092,117.));
#19327=CARTESIAN_POINT('',(-170.,-75.,117.));
#19328=CARTESIAN_POINT('',(-113.999926878225,303.987503247092,117.));
#19329=CARTESIAN_POINT('',(-37.5000367375569,303.987503247092,117.));
#19330=CARTESIAN_POINT('',(-113.999926878225,300.987503247092,117.));
#19331=CARTESIAN_POINT('',(-113.999926878225,114.493751623546,117.));
#19332=CARTESIAN_POINT('',(-170.,300.987503247092,117.));
#19333=CARTESIAN_POINT('',(-3.4999634391123,300.987503247092,117.));
#19334=CARTESIAN_POINT('',(-170.,294.987503247092,117.));
#19335=CARTESIAN_POINT('',(-170.,-75.,117.));
#19336=CARTESIAN_POINT('',(-113.999926878225,294.987503247092,117.));
#19337=CARTESIAN_POINT('',(-37.5000367375569,294.987503247092,117.));
#19338=CARTESIAN_POINT('',(-113.999926878225,291.987503247092,117.));
#19339=CARTESIAN_POINT('',(-113.999926878225,109.993751623546,117.));
#19340=CARTESIAN_POINT('',(-170.,291.987503247092,117.));
#19341=CARTESIAN_POINT('',(-3.49996343911231,291.987503247092,117.));
#19342=CARTESIAN_POINT('',(-170.,285.987503247092,117.));
#19343=CARTESIAN_POINT('',(-170.,-75.,117.));
#19344=CARTESIAN_POINT('',(-113.999926878225,285.987503247092,117.));
#19345=CARTESIAN_POINT('',(-37.5000367375569,285.987503247092,117.));
#19346=CARTESIAN_POINT('',(-113.999926878225,282.987503247092,117.));
#19347=CARTESIAN_POINT('',(-113.999926878225,105.493751623546,117.));
#19348=CARTESIAN_POINT('',(-170.,282.987503247092,117.));
#19349=CARTESIAN_POINT('',(-3.49996343911231,282.987503247092,117.));
#19350=CARTESIAN_POINT('',(-170.,276.987503247092,117.));
#19351=CARTESIAN_POINT('',(-170.,-75.,117.));
#19352=CARTESIAN_POINT('',(-113.999926878225,276.987503247092,117.));
#19353=CARTESIAN_POINT('',(-37.5000367375569,276.987503247092,117.));
#19354=CARTESIAN_POINT('',(-113.999926878225,273.987503247092,117.));
#19355=CARTESIAN_POINT('',(-113.999926878225,100.993751623546,117.));
#19356=CARTESIAN_POINT('',(-170.,273.987503247092,117.));
#19357=CARTESIAN_POINT('',(-3.49996343911231,273.987503247092,117.));
#19358=CARTESIAN_POINT('',(-170.,267.987503247092,117.));
#19359=CARTESIAN_POINT('',(-170.,-75.,117.));
#19360=CARTESIAN_POINT('',(-113.999926878225,267.987503247092,117.));
#19361=CARTESIAN_POINT('',(-37.5000367375569,267.987503247092,117.));
#19362=CARTESIAN_POINT('',(-113.999926878225,264.987503247092,117.));
#19363=CARTESIAN_POINT('',(-113.999926878225,96.4937516235461,117.));
#19364=CARTESIAN_POINT('',(-170.,264.987503247092,117.));
#19365=CARTESIAN_POINT('',(-3.49996343911232,264.987503247092,117.));
#19366=CARTESIAN_POINT('',(-170.,258.987503247092,117.));
#19367=CARTESIAN_POINT('',(-170.,-75.,117.));
#19368=CARTESIAN_POINT('',(-113.999926878225,258.987503247092,117.));
#19369=CARTESIAN_POINT('',(-37.5000367375569,258.987503247092,117.));
#19370=CARTESIAN_POINT('',(-113.999926878225,255.987503247092,117.));
#19371=CARTESIAN_POINT('',(-113.999926878225,91.9937516235461,117.));
#19372=CARTESIAN_POINT('',(-170.,255.987503247092,117.));
#19373=CARTESIAN_POINT('',(-3.49996343911232,255.987503247092,117.));
#19374=CARTESIAN_POINT('',(-170.,249.987503247092,117.));
#19375=CARTESIAN_POINT('',(-170.,-75.,117.));
#19376=CARTESIAN_POINT('',(-113.999926878225,249.987503247092,117.));
#19377=CARTESIAN_POINT('',(-37.5000367375569,249.987503247092,117.));
#19378=CARTESIAN_POINT('',(-113.999926878225,246.987503247092,117.));
#19379=CARTESIAN_POINT('',(-113.999926878225,87.4937516235461,117.));
#19380=CARTESIAN_POINT('',(-170.,246.987503247092,117.));
#19381=CARTESIAN_POINT('',(-3.49996343911233,246.987503247092,117.));
#19382=CARTESIAN_POINT('',(-170.,240.987503247092,117.));
#19383=CARTESIAN_POINT('',(-170.,-75.,117.));
#19384=CARTESIAN_POINT('',(-113.999926878225,240.987503247092,117.));
#19385=CARTESIAN_POINT('',(-37.5000367375569,240.987503247092,117.));
#19386=CARTESIAN_POINT('',(-113.999926878225,237.987503247092,117.));
#19387=CARTESIAN_POINT('',(-113.999926878225,82.9937516235461,117.));
#19388=CARTESIAN_POINT('',(-170.,237.987503247092,117.));
#19389=CARTESIAN_POINT('',(-3.49996343911233,237.987503247092,117.));
#19390=CARTESIAN_POINT('',(-170.,231.987503247092,117.));
#19391=CARTESIAN_POINT('',(-170.,-75.,117.));
#19392=CARTESIAN_POINT('',(-113.999926878225,231.987503247092,117.));
#19393=CARTESIAN_POINT('',(-37.5000367375569,231.987503247092,117.));
#19394=CARTESIAN_POINT('',(-113.999926878225,228.987503247092,117.));
#19395=CARTESIAN_POINT('',(-113.999926878225,78.4937516235462,117.));
#19396=CARTESIAN_POINT('',(-170.,228.987503247092,117.));
#19397=CARTESIAN_POINT('',(-3.49996343911234,228.987503247092,117.));
#19398=CARTESIAN_POINT('',(-170.,222.987503247092,117.));
#19399=CARTESIAN_POINT('',(-170.,-75.,117.));
#19400=CARTESIAN_POINT('',(-113.999926878225,222.987503247092,117.));
#19401=CARTESIAN_POINT('',(-37.5000367375569,222.987503247092,117.));
#19402=CARTESIAN_POINT('',(-113.999926878225,219.987503247092,117.));
#19403=CARTESIAN_POINT('',(-113.999926878225,73.9937516235461,117.));
#19404=CARTESIAN_POINT('',(-170.,219.987503247092,117.));
#19405=CARTESIAN_POINT('',(-3.49996343911234,219.987503247092,117.));
#19406=CARTESIAN_POINT('',(-170.,171.,117.));
#19407=CARTESIAN_POINT('',(-170.,-75.,117.));
#19408=CARTESIAN_POINT('',(-114.,171.,117.));
#19409=CARTESIAN_POINT('',(-37.4980288201291,171.,117.));
#19410=CARTESIAN_POINT('',(-114.,48.,117.));
#19411=CARTESIAN_POINT('Origin',(-170.,-75.,115.));
#19412=CARTESIAN_POINT('',(-172.,328.,115.));
#19413=CARTESIAN_POINT('Origin',(-170.,328.,115.));
#19414=CARTESIAN_POINT('',(-172.,312.987503247092,115.));
#19415=CARTESIAN_POINT('',(-172.,-75.,115.));
#19416=CARTESIAN_POINT('Origin',(-170.,312.987503247092,115.));
#19417=CARTESIAN_POINT('Origin',(-32.5,328.,49.5));
#19418=CARTESIAN_POINT('',(-105.,328.,115.));
#19419=CARTESIAN_POINT('',(-105.,328.,49.5));
#19420=CARTESIAN_POINT('',(-170.,328.,115.));
#19421=CARTESIAN_POINT('',(-170.,328.,115.));
#19422=CARTESIAN_POINT('',(-170.,328.,-17.9999999999999));
#19423=CARTESIAN_POINT('',(-170.,328.,-3.91353616180368E-14));
#19424=CARTESIAN_POINT('',(-172.,328.,-18.));
#19425=CARTESIAN_POINT('',(-170.,328.,-17.9999999999999));
#19426=CARTESIAN_POINT('',(-172.,328.,117.));
#19427=CARTESIAN_POINT('Origin',(-170.,-75.,115.));
#19428=CARTESIAN_POINT('',(-172.,231.987503247092,115.));
#19429=CARTESIAN_POINT('Origin',(-170.,231.987503247092,115.));
#19430=CARTESIAN_POINT('',(-172.,237.987503247092,115.));
#19431=CARTESIAN_POINT('Origin',(-170.,237.987503247092,115.));
#19432=CARTESIAN_POINT('',(-172.,-75.,115.));
#19433=CARTESIAN_POINT('Origin',(-113.999926878225,237.987503247092,117.));
#19434=CARTESIAN_POINT('',(-113.999926878225,237.987503247092,115.));
#19435=CARTESIAN_POINT('',(-113.999926878225,237.987503247092,117.));
#19436=CARTESIAN_POINT('',(-170.,237.987503247092,115.));
#19437=CARTESIAN_POINT('',(-141.999963439112,237.987503247092,115.));
#19438=CARTESIAN_POINT('',(-170.,237.987503247092,47.));
#19439=CARTESIAN_POINT('',(-170.,237.987503247092,49.5));
#19440=CARTESIAN_POINT('',(-172.,237.987503247092,47.));
#19441=CARTESIAN_POINT('',(-113.999926878225,237.987503247092,47.));
#19442=CARTESIAN_POINT('',(-172.,237.987503247092,117.));
#19443=CARTESIAN_POINT('Origin',(-170.,-75.,115.));
#19444=CARTESIAN_POINT('',(-172.,303.987503247092,115.));
#19445=CARTESIAN_POINT('Origin',(-170.,303.987503247092,115.));
#19446=CARTESIAN_POINT('',(-172.,309.987503247092,115.));
#19447=CARTESIAN_POINT('Origin',(-170.,309.987503247092,115.));
#19448=CARTESIAN_POINT('',(-172.,-75.,115.));
#19449=CARTESIAN_POINT('Origin',(-113.999926878225,309.987503247092,117.));
#19450=CARTESIAN_POINT('',(-113.999926878225,309.987503247092,115.));
#19451=CARTESIAN_POINT('',(-113.999926878225,309.987503247092,117.));
#19452=CARTESIAN_POINT('',(-170.,309.987503247092,115.));
#19453=CARTESIAN_POINT('',(-141.999963439112,309.987503247092,115.));
#19454=CARTESIAN_POINT('',(-170.,309.987503247092,47.));
#19455=CARTESIAN_POINT('',(-170.,309.987503247092,49.5));
#19456=CARTESIAN_POINT('',(-172.,309.987503247092,47.));
#19457=CARTESIAN_POINT('',(-113.999926878225,309.987503247092,47.));
#19458=CARTESIAN_POINT('',(-172.,309.987503247092,117.));
#19459=CARTESIAN_POINT('Origin',(-170.,-75.,115.));
#19460=CARTESIAN_POINT('',(-172.,240.987503247092,115.));
#19461=CARTESIAN_POINT('Origin',(-170.,240.987503247092,115.));
#19462=CARTESIAN_POINT('',(-172.,246.987503247092,115.));
#19463=CARTESIAN_POINT('Origin',(-170.,246.987503247092,115.));
#19464=CARTESIAN_POINT('',(-172.,-75.,115.));
#19465=CARTESIAN_POINT('Origin',(-113.999926878225,246.987503247092,117.));
#19466=CARTESIAN_POINT('',(-113.999926878225,246.987503247092,115.));
#19467=CARTESIAN_POINT('',(-113.999926878225,246.987503247092,117.));
#19468=CARTESIAN_POINT('',(-170.,246.987503247092,115.));
#19469=CARTESIAN_POINT('',(-141.999963439112,246.987503247092,115.));
#19470=CARTESIAN_POINT('',(-170.,246.987503247092,47.));
#19471=CARTESIAN_POINT('',(-170.,246.987503247092,49.5));
#19472=CARTESIAN_POINT('',(-172.,246.987503247092,47.));
#19473=CARTESIAN_POINT('',(-113.999926878225,246.987503247092,47.));
#19474=CARTESIAN_POINT('',(-172.,246.987503247092,117.));
#19475=CARTESIAN_POINT('Origin',(-170.,-75.,115.));
#19476=CARTESIAN_POINT('',(-172.,267.987503247092,115.));
#19477=CARTESIAN_POINT('Origin',(-170.,267.987503247092,115.));
#19478=CARTESIAN_POINT('',(-172.,273.987503247092,115.));
#19479=CARTESIAN_POINT('Origin',(-170.,273.987503247092,115.));
#19480=CARTESIAN_POINT('',(-172.,-75.,115.));
#19481=CARTESIAN_POINT('Origin',(-113.999926878225,273.987503247092,117.));
#19482=CARTESIAN_POINT('',(-113.999926878225,273.987503247092,115.));
#19483=CARTESIAN_POINT('',(-113.999926878225,273.987503247092,117.));
#19484=CARTESIAN_POINT('',(-170.,273.987503247092,115.));
#19485=CARTESIAN_POINT('',(-141.999963439112,273.987503247092,115.));
#19486=CARTESIAN_POINT('',(-170.,273.987503247092,47.));
#19487=CARTESIAN_POINT('',(-170.,273.987503247092,49.5));
#19488=CARTESIAN_POINT('',(-172.,273.987503247092,47.));
#19489=CARTESIAN_POINT('',(-113.999926878225,273.987503247092,47.));
#19490=CARTESIAN_POINT('',(-172.,273.987503247092,117.));
#19491=CARTESIAN_POINT('Origin',(-170.,-75.,115.));
#19492=CARTESIAN_POINT('',(-172.,285.987503247092,115.));
#19493=CARTESIAN_POINT('Origin',(-170.,285.987503247092,115.));
#19494=CARTESIAN_POINT('',(-172.,291.987503247092,115.));
#19495=CARTESIAN_POINT('Origin',(-170.,291.987503247092,115.));
#19496=CARTESIAN_POINT('',(-172.,-75.,115.));
#19497=CARTESIAN_POINT('Origin',(-113.999926878225,291.987503247092,117.));
#19498=CARTESIAN_POINT('',(-113.999926878225,291.987503247092,115.));
#19499=CARTESIAN_POINT('',(-113.999926878225,291.987503247092,117.));
#19500=CARTESIAN_POINT('',(-170.,291.987503247092,115.));
#19501=CARTESIAN_POINT('',(-141.999963439112,291.987503247092,115.));
#19502=CARTESIAN_POINT('',(-170.,291.987503247092,47.));
#19503=CARTESIAN_POINT('',(-170.,291.987503247092,49.5));
#19504=CARTESIAN_POINT('',(-172.,291.987503247092,47.));
#19505=CARTESIAN_POINT('',(-113.999926878225,291.987503247092,47.));
#19506=CARTESIAN_POINT('',(-172.,291.987503247092,117.));
#19507=CARTESIAN_POINT('Origin',(-170.,-75.,115.));
#19508=CARTESIAN_POINT('',(-172.,294.987503247092,115.));
#19509=CARTESIAN_POINT('Origin',(-170.,294.987503247092,115.));
#19510=CARTESIAN_POINT('',(-172.,300.987503247092,115.));
#19511=CARTESIAN_POINT('Origin',(-170.,300.987503247092,115.));
#19512=CARTESIAN_POINT('',(-172.,-75.,115.));
#19513=CARTESIAN_POINT('Origin',(-113.999926878225,300.987503247092,117.));
#19514=CARTESIAN_POINT('',(-113.999926878225,300.987503247092,115.));
#19515=CARTESIAN_POINT('',(-113.999926878225,300.987503247092,117.));
#19516=CARTESIAN_POINT('',(-170.,300.987503247092,115.));
#19517=CARTESIAN_POINT('',(-141.999963439112,300.987503247092,115.));
#19518=CARTESIAN_POINT('',(-170.,300.987503247092,47.));
#19519=CARTESIAN_POINT('',(-170.,300.987503247092,49.5));
#19520=CARTESIAN_POINT('',(-172.,300.987503247092,47.));
#19521=CARTESIAN_POINT('',(-113.999926878225,300.987503247092,47.));
#19522=CARTESIAN_POINT('',(-172.,300.987503247092,117.));
#19523=CARTESIAN_POINT('Origin',(-170.,-75.,115.));
#19524=CARTESIAN_POINT('',(-172.,276.987503247092,115.));
#19525=CARTESIAN_POINT('Origin',(-170.,276.987503247092,115.));
#19526=CARTESIAN_POINT('',(-172.,282.987503247092,115.));
#19527=CARTESIAN_POINT('Origin',(-170.,282.987503247092,115.));
#19528=CARTESIAN_POINT('',(-172.,-75.,115.));
#19529=CARTESIAN_POINT('Origin',(-113.999926878225,282.987503247092,117.));
#19530=CARTESIAN_POINT('',(-113.999926878225,282.987503247092,115.));
#19531=CARTESIAN_POINT('',(-113.999926878225,282.987503247092,117.));
#19532=CARTESIAN_POINT('',(-170.,282.987503247093,115.));
#19533=CARTESIAN_POINT('',(-141.999963439112,282.987503247092,115.));
#19534=CARTESIAN_POINT('',(-170.,282.987503247092,47.));
#19535=CARTESIAN_POINT('',(-170.,282.987503247092,49.5));
#19536=CARTESIAN_POINT('',(-172.,282.987503247092,47.));
#19537=CARTESIAN_POINT('',(-113.999926878225,282.987503247092,47.));
#19538=CARTESIAN_POINT('',(-172.,282.987503247092,117.));
#19539=CARTESIAN_POINT('Origin',(-170.,-75.,115.));
#19540=CARTESIAN_POINT('',(-172.,258.987503247092,115.));
#19541=CARTESIAN_POINT('Origin',(-170.,258.987503247092,115.));
#19542=CARTESIAN_POINT('',(-172.,264.987503247092,115.));
#19543=CARTESIAN_POINT('Origin',(-170.,264.987503247092,115.));
#19544=CARTESIAN_POINT('',(-172.,-75.,115.));
#19545=CARTESIAN_POINT('Origin',(-113.999926878225,264.987503247092,117.));
#19546=CARTESIAN_POINT('',(-113.999926878225,264.987503247092,115.));
#19547=CARTESIAN_POINT('',(-113.999926878225,264.987503247092,117.));
#19548=CARTESIAN_POINT('',(-170.,264.987503247092,115.));
#19549=CARTESIAN_POINT('',(-141.999963439112,264.987503247092,115.));
#19550=CARTESIAN_POINT('',(-170.,264.987503247092,47.));
#19551=CARTESIAN_POINT('',(-170.,264.987503247092,49.5));
#19552=CARTESIAN_POINT('',(-172.,264.987503247092,47.));
#19553=CARTESIAN_POINT('',(-113.999926878225,264.987503247092,47.));
#19554=CARTESIAN_POINT('',(-172.,264.987503247092,117.));
#19555=CARTESIAN_POINT('Origin',(-170.,-75.,115.));
#19556=CARTESIAN_POINT('',(-172.,171.,115.));
#19557=CARTESIAN_POINT('Origin',(-170.,171.,115.));
#19558=CARTESIAN_POINT('',(-172.,219.987503247092,115.));
#19559=CARTESIAN_POINT('Origin',(-170.,219.987503247092,115.));
#19560=CARTESIAN_POINT('',(-172.,-75.,115.));
#19561=CARTESIAN_POINT('Origin',(-113.999926878225,219.987503247092,117.));
#19562=CARTESIAN_POINT('',(-113.999926878225,219.987503247092,115.));
#19563=CARTESIAN_POINT('',(-113.999926878225,219.987503247092,117.));
#19564=CARTESIAN_POINT('',(-170.,219.987503247092,115.));
#19565=CARTESIAN_POINT('',(-141.999963439112,219.987503247092,115.));
#19566=CARTESIAN_POINT('',(-170.,219.987503247092,47.));
#19567=CARTESIAN_POINT('',(-170.,219.987503247092,49.5));
#19568=CARTESIAN_POINT('',(-172.,219.987503247092,47.));
#19569=CARTESIAN_POINT('',(-113.999926878225,219.987503247092,47.));
#19570=CARTESIAN_POINT('',(-172.,219.987503247092,117.));
#19571=CARTESIAN_POINT('Origin',(-170.,-75.,115.));
#19572=CARTESIAN_POINT('',(-172.,249.987503247092,115.));
#19573=CARTESIAN_POINT('Origin',(-170.,249.987503247092,115.));
#19574=CARTESIAN_POINT('',(-172.,255.987503247092,115.));
#19575=CARTESIAN_POINT('Origin',(-170.,255.987503247092,115.));
#19576=CARTESIAN_POINT('',(-172.,-75.,115.));
#19577=CARTESIAN_POINT('Origin',(-113.999926878225,255.987503247092,117.));
#19578=CARTESIAN_POINT('',(-113.999926878225,255.987503247092,115.));
#19579=CARTESIAN_POINT('',(-113.999926878225,255.987503247092,117.));
#19580=CARTESIAN_POINT('',(-170.,255.987503247092,115.));
#19581=CARTESIAN_POINT('',(-141.999963439112,255.987503247092,115.));
#19582=CARTESIAN_POINT('',(-170.,255.987503247092,47.));
#19583=CARTESIAN_POINT('',(-170.,255.987503247092,49.5));
#19584=CARTESIAN_POINT('',(-172.,255.987503247092,47.));
#19585=CARTESIAN_POINT('',(-113.999926878225,255.987503247092,47.));
#19586=CARTESIAN_POINT('',(-172.,255.987503247092,117.));
#19587=CARTESIAN_POINT('Origin',(-170.,-75.,115.));
#19588=CARTESIAN_POINT('',(-172.,222.987503247092,115.));
#19589=CARTESIAN_POINT('Origin',(-170.,222.987503247092,115.));
#19590=CARTESIAN_POINT('',(-172.,228.987503247092,115.));
#19591=CARTESIAN_POINT('Origin',(-170.,228.987503247092,115.));
#19592=CARTESIAN_POINT('',(-172.,-75.,115.));
#19593=CARTESIAN_POINT('Origin',(-113.999926878225,228.987503247092,117.));
#19594=CARTESIAN_POINT('',(-113.999926878225,228.987503247092,115.));
#19595=CARTESIAN_POINT('',(-113.999926878225,228.987503247092,117.));
#19596=CARTESIAN_POINT('',(-170.,228.987503247092,115.));
#19597=CARTESIAN_POINT('',(-141.999963439112,228.987503247092,115.));
#19598=CARTESIAN_POINT('',(-170.,228.987503247092,47.));
#19599=CARTESIAN_POINT('',(-170.,228.987503247092,49.5));
#19600=CARTESIAN_POINT('',(-172.,228.987503247092,47.));
#19601=CARTESIAN_POINT('',(-113.999926878225,228.987503247092,47.));
#19602=CARTESIAN_POINT('',(-172.,228.987503247092,117.));
#19603=CARTESIAN_POINT('Origin',(-170.,-75.,115.));
#19604=CARTESIAN_POINT('',(-172.,153.,115.));
#19605=CARTESIAN_POINT('Origin',(-170.,153.,115.));
#19606=CARTESIAN_POINT('',(-172.,159.,115.));
#19607=CARTESIAN_POINT('Origin',(-170.,159.,115.));
#19608=CARTESIAN_POINT('',(-172.,-75.,115.));
#19609=CARTESIAN_POINT('Origin',(-114.,159.,117.));
#19610=CARTESIAN_POINT('',(-114.,159.,115.));
#19611=CARTESIAN_POINT('',(-114.,159.,117.));
#19612=CARTESIAN_POINT('',(-170.,159.,115.));
#19613=CARTESIAN_POINT('',(-142.,159.,115.));
#19614=CARTESIAN_POINT('',(-170.,159.,47.));
#19615=CARTESIAN_POINT('',(-170.,159.,49.5));
#19616=CARTESIAN_POINT('',(-172.,159.,47.));
#19617=CARTESIAN_POINT('',(-114.,159.,47.));
#19618=CARTESIAN_POINT('',(-172.,159.,117.));
#19619=CARTESIAN_POINT('Origin',(-170.,-75.,115.));
#19620=CARTESIAN_POINT('',(-172.,125.,115.));
#19621=CARTESIAN_POINT('Origin',(-170.,125.,115.));
#19622=CARTESIAN_POINT('',(-172.,132.,115.));
#19623=CARTESIAN_POINT('Origin',(-170.,132.,115.));
#19624=CARTESIAN_POINT('',(-172.,-75.,115.));
#19625=CARTESIAN_POINT('Origin',(-114.,132.,117.));
#19626=CARTESIAN_POINT('',(-114.,132.,115.));
#19627=CARTESIAN_POINT('',(-114.,132.,117.));
#19628=CARTESIAN_POINT('',(-170.,132.,115.));
#19629=CARTESIAN_POINT('',(-142.,132.,115.));
#19630=CARTESIAN_POINT('',(-170.,132.,47.));
#19631=CARTESIAN_POINT('',(-170.,132.,49.5));
#19632=CARTESIAN_POINT('',(-172.,132.,47.));
#19633=CARTESIAN_POINT('',(-114.,132.,47.));
#19634=CARTESIAN_POINT('',(-172.,132.,117.));
#19635=CARTESIAN_POINT('Origin',(-170.,-75.,115.));
#19636=CARTESIAN_POINT('',(-172.,144.,115.));
#19637=CARTESIAN_POINT('Origin',(-170.,144.,115.));
#19638=CARTESIAN_POINT('',(-172.,150.,115.));
#19639=CARTESIAN_POINT('Origin',(-170.,150.,115.));
#19640=CARTESIAN_POINT('',(-172.,-75.,115.));
#19641=CARTESIAN_POINT('Origin',(-114.,150.,117.));
#19642=CARTESIAN_POINT('',(-114.,150.,115.));
#19643=CARTESIAN_POINT('',(-114.,150.,117.));
#19644=CARTESIAN_POINT('',(-170.,150.,115.));
#19645=CARTESIAN_POINT('',(-142.,150.,115.));
#19646=CARTESIAN_POINT('',(-170.,150.,47.));
#19647=CARTESIAN_POINT('',(-170.,150.,49.5));
#19648=CARTESIAN_POINT('',(-172.,150.,47.));
#19649=CARTESIAN_POINT('',(-114.,150.,47.));
#19650=CARTESIAN_POINT('',(-172.,150.,117.));
#19651=CARTESIAN_POINT('Origin',(-170.,-75.,115.));
#19652=CARTESIAN_POINT('',(-172.,135.,115.));
#19653=CARTESIAN_POINT('Origin',(-170.,135.,115.));
#19654=CARTESIAN_POINT('',(-172.,141.,115.));
#19655=CARTESIAN_POINT('Origin',(-170.,141.,115.));
#19656=CARTESIAN_POINT('',(-172.,-75.,115.));
#19657=CARTESIAN_POINT('Origin',(-181.996057640258,135.,117.));
#19658=CARTESIAN_POINT('',(-172.,135.,47.));
#19659=CARTESIAN_POINT('',(-172.,135.,117.));
#19660=CARTESIAN_POINT('',(-170.,135.,47.));
#19661=CARTESIAN_POINT('',(-181.996057640258,135.,47.));
#19662=CARTESIAN_POINT('',(-170.,135.,115.));
#19663=CARTESIAN_POINT('',(-170.,135.,49.5));
#19664=CARTESIAN_POINT('',(-114.,135.,115.));
#19665=CARTESIAN_POINT('',(-175.998028820129,135.,115.));
#19666=CARTESIAN_POINT('',(-114.,135.,117.));
#19667=CARTESIAN_POINT('Origin',(107.,155.,-9.00000000000001));
#19668=CARTESIAN_POINT('',(-170.,153.35,-9.00000000000001));
#19669=CARTESIAN_POINT('Origin',(-170.,155.,-9.00000000000001));
#19670=CARTESIAN_POINT('',(-172.,153.35,-9.00000000000001));
#19671=CARTESIAN_POINT('',(107.,153.35,-9.00000000000001));
#19672=CARTESIAN_POINT('Origin',(-172.,155.,-9.00000000000001));
#19673=CARTESIAN_POINT('Origin',(107.,295.,-9.00000000000001));
#19674=CARTESIAN_POINT('',(-170.,293.35,-9.00000000000001));
#19675=CARTESIAN_POINT('Origin',(-170.,295.,-9.00000000000001));
#19676=CARTESIAN_POINT('',(-172.,293.35,-9.00000000000001));
#19677=CARTESIAN_POINT('',(107.,293.35,-9.00000000000001));
#19678=CARTESIAN_POINT('Origin',(-172.,295.,-9.00000000000001));
#19679=CARTESIAN_POINT('Origin',(-105.,225.75,107.));
#19680=CARTESIAN_POINT('',(-105.,325.,107.));
#19681=CARTESIAN_POINT('',(-105.,126.5,107.));
#19682=CARTESIAN_POINT('',(-105.,175.375,107.));
#19683=CARTESIAN_POINT('',(-108.,126.5,107.));
#19684=CARTESIAN_POINT('',(-108.,126.5,107.));
#19685=CARTESIAN_POINT('',(-108.,325.,107.));
#19686=CARTESIAN_POINT('',(-108.,325.,107.));
#19687=CARTESIAN_POINT('',(-102.,325.,107.));
#19688=CARTESIAN_POINT('Origin',(-108.,126.5,115.));
#19689=CARTESIAN_POINT('',(-108.,325.,115.));
#19690=CARTESIAN_POINT('',(-108.,126.5,115.));
#19691=CARTESIAN_POINT('',(-108.,25.75,115.));
#19692=CARTESIAN_POINT('',(-108.,325.,115.));
#19693=CARTESIAN_POINT('',(-108.,126.5,115.));
#19694=CARTESIAN_POINT('',(-108.,262.8,111.));
#19695=CARTESIAN_POINT('Origin',(-108.,265.,111.));
#19696=CARTESIAN_POINT('',(-108.,206.8,111.));
#19697=CARTESIAN_POINT('Origin',(-108.,209.,111.));
#19698=CARTESIAN_POINT('',(-108.,318.8,111.));
#19699=CARTESIAN_POINT('Origin',(-108.,321.,111.));
#19700=CARTESIAN_POINT('',(-108.,150.8,111.));
#19701=CARTESIAN_POINT('Origin',(-108.,153.,111.));
#19702=CARTESIAN_POINT('Origin',(-108.,325.,115.));
#19703=CARTESIAN_POINT('',(-105.,325.,115.));
#19704=CARTESIAN_POINT('',(-105.,325.,82.25));
#19705=CARTESIAN_POINT('',(-139.,325.,115.));
#19706=CARTESIAN_POINT('Origin',(-102.,126.5,115.));
#19707=CARTESIAN_POINT('',(-105.,126.5,115.));
#19708=CARTESIAN_POINT('',(-105.,126.5,82.25));
#19709=CARTESIAN_POINT('',(-136.,126.5,115.));
#19710=CARTESIAN_POINT('Origin',(-102.,153.,111.));
#19711=CARTESIAN_POINT('',(-105.,150.8,111.));
#19712=CARTESIAN_POINT('Origin',(-105.,153.,111.));
#19713=CARTESIAN_POINT('',(-102.,150.8,111.));
#19714=CARTESIAN_POINT('Origin',(-102.,321.,111.));
#19715=CARTESIAN_POINT('',(-105.,318.8,111.));
#19716=CARTESIAN_POINT('Origin',(-105.,321.,111.));
#19717=CARTESIAN_POINT('',(-102.,318.8,111.));
#19718=CARTESIAN_POINT('Origin',(-102.,209.,111.));
#19719=CARTESIAN_POINT('',(-105.,206.8,111.));
#19720=CARTESIAN_POINT('Origin',(-105.,209.,111.));
#19721=CARTESIAN_POINT('',(-102.,206.8,111.));
#19722=CARTESIAN_POINT('Origin',(-102.,265.,111.));
#19723=CARTESIAN_POINT('',(-105.,262.8,111.));
#19724=CARTESIAN_POINT('Origin',(-105.,265.,111.));
#19725=CARTESIAN_POINT('',(-102.,262.8,111.));
#19726=CARTESIAN_POINT('Origin',(-105.,125.,49.5));
#19727=CARTESIAN_POINT('',(-105.,125.,115.));
#19728=CARTESIAN_POINT('',(-105.,125.,49.5));
#19729=CARTESIAN_POINT('',(-105.,25.,115.));
#19730=CARTESIAN_POINT('',(-105.,25.,115.));
#19731=CARTESIAN_POINT('Origin',(-113.999926878225,312.987503247092,117.));
#19732=CARTESIAN_POINT('',(-113.999926878225,312.987503247092,115.));
#19733=CARTESIAN_POINT('',(-113.999926878225,118.993751623546,115.));
#19734=CARTESIAN_POINT('',(-113.999926878225,312.987503247092,117.));
#19735=CARTESIAN_POINT('Origin',(-182.000073475114,312.987503247092,117.));
#19736=CARTESIAN_POINT('',(-172.,312.987503247092,47.));
#19737=CARTESIAN_POINT('',(-172.,312.987503247092,117.));
#19738=CARTESIAN_POINT('',(-170.,312.987503247092,47.));
#19739=CARTESIAN_POINT('',(-182.000073475114,312.987503247092,47.));
#19740=CARTESIAN_POINT('',(-170.,312.987503247092,115.));
#19741=CARTESIAN_POINT('',(-170.,312.987503247092,49.5));
#19742=CARTESIAN_POINT('',(-176.000036737557,312.987503247092,115.));
#19743=CARTESIAN_POINT('Origin',(-148.00000017667,311.487503247092,47.));
#19744=CARTESIAN_POINT('',(-172.,118.243751623546,47.));
#19745=CARTESIAN_POINT('',(-170.,118.243751623546,47.));
#19746=CARTESIAN_POINT('Origin',(-148.00000017667,302.487503247092,47.));
#19747=CARTESIAN_POINT('',(-172.,303.987503247092,47.));
#19748=CARTESIAN_POINT('',(-172.,113.743751623546,47.));
#19749=CARTESIAN_POINT('',(-170.,303.987503247092,47.));
#19750=CARTESIAN_POINT('',(-170.,113.743751623546,47.));
#19751=CARTESIAN_POINT('',(-182.000073475114,303.987503247092,47.));
#19752=CARTESIAN_POINT('Origin',(-182.000073475114,303.987503247092,117.));
#19753=CARTESIAN_POINT('',(-172.,303.987503247092,117.));
#19754=CARTESIAN_POINT('',(-170.,303.987503247092,115.));
#19755=CARTESIAN_POINT('',(-170.,303.987503247092,49.5));
#19756=CARTESIAN_POINT('',(-113.999926878225,303.987503247092,115.));
#19757=CARTESIAN_POINT('',(-176.000036737557,303.987503247092,115.));
#19758=CARTESIAN_POINT('',(-113.999926878225,303.987503247092,117.));
#19759=CARTESIAN_POINT('Origin',(-113.999926878225,303.987503247092,117.));
#19760=CARTESIAN_POINT('',(-113.999926878225,114.493751623546,115.));
#19761=CARTESIAN_POINT('Origin',(-113.999926878225,294.987503247092,117.));
#19762=CARTESIAN_POINT('',(-113.999926878225,294.987503247092,115.));
#19763=CARTESIAN_POINT('',(-113.999926878225,109.993751623546,115.));
#19764=CARTESIAN_POINT('',(-113.999926878225,294.987503247092,117.));
#19765=CARTESIAN_POINT('Origin',(-148.00000017667,293.487503247092,47.));
#19766=CARTESIAN_POINT('',(-172.,294.987503247092,47.));
#19767=CARTESIAN_POINT('',(-172.,109.243751623546,47.));
#19768=CARTESIAN_POINT('',(-170.,294.987503247092,47.));
#19769=CARTESIAN_POINT('',(-170.,109.243751623546,47.));
#19770=CARTESIAN_POINT('',(-182.000073475114,294.987503247092,47.));
#19771=CARTESIAN_POINT('Origin',(-182.000073475114,294.987503247092,117.));
#19772=CARTESIAN_POINT('',(-172.,294.987503247092,117.));
#19773=CARTESIAN_POINT('',(-170.,294.987503247092,115.));
#19774=CARTESIAN_POINT('',(-170.,294.987503247092,49.5));
#19775=CARTESIAN_POINT('',(-176.000036737557,294.987503247092,115.));
#19776=CARTESIAN_POINT('Origin',(-148.00000017667,284.487503247092,47.));
#19777=CARTESIAN_POINT('',(-172.,285.987503247092,47.));
#19778=CARTESIAN_POINT('',(-172.,104.743751623546,47.));
#19779=CARTESIAN_POINT('',(-170.,285.987503247092,47.));
#19780=CARTESIAN_POINT('',(-170.,104.743751623546,47.));
#19781=CARTESIAN_POINT('',(-182.000073475114,285.987503247092,47.));
#19782=CARTESIAN_POINT('Origin',(-182.000073475114,285.987503247092,117.));
#19783=CARTESIAN_POINT('',(-172.,285.987503247092,117.));
#19784=CARTESIAN_POINT('',(-170.,285.987503247092,115.));
#19785=CARTESIAN_POINT('',(-170.,285.987503247092,49.5));
#19786=CARTESIAN_POINT('',(-113.999926878225,285.987503247092,115.));
#19787=CARTESIAN_POINT('',(-176.000036737557,285.987503247092,115.));
#19788=CARTESIAN_POINT('',(-113.999926878225,285.987503247092,117.));
#19789=CARTESIAN_POINT('Origin',(-113.999926878225,285.987503247092,117.));
#19790=CARTESIAN_POINT('',(-113.999926878225,105.493751623546,115.));
#19791=CARTESIAN_POINT('Origin',(-113.999926878225,276.987503247092,117.));
#19792=CARTESIAN_POINT('',(-113.999926878225,276.987503247092,115.));
#19793=CARTESIAN_POINT('',(-113.999926878225,100.993751623546,115.));
#19794=CARTESIAN_POINT('',(-113.999926878225,276.987503247092,117.));
#19795=CARTESIAN_POINT('Origin',(-148.00000017667,275.487503247092,47.));
#19796=CARTESIAN_POINT('',(-172.,276.987503247092,47.));
#19797=CARTESIAN_POINT('',(-172.,100.243751623546,47.));
#19798=CARTESIAN_POINT('',(-170.,276.987503247092,47.));
#19799=CARTESIAN_POINT('',(-170.,100.243751623546,47.));
#19800=CARTESIAN_POINT('',(-182.000073475114,276.987503247092,47.));
#19801=CARTESIAN_POINT('Origin',(-182.000073475114,276.987503247092,117.));
#19802=CARTESIAN_POINT('',(-172.,276.987503247092,117.));
#19803=CARTESIAN_POINT('',(-170.,276.987503247092,115.));
#19804=CARTESIAN_POINT('',(-170.,276.987503247092,49.5));
#19805=CARTESIAN_POINT('',(-176.000036737557,276.987503247092,115.));
#19806=CARTESIAN_POINT('Origin',(-148.00000017667,266.487503247092,47.));
#19807=CARTESIAN_POINT('',(-172.,267.987503247092,47.));
#19808=CARTESIAN_POINT('',(-172.,95.7437516235462,47.));
#19809=CARTESIAN_POINT('',(-170.,267.987503247092,47.));
#19810=CARTESIAN_POINT('',(-170.,95.7437516235462,47.));
#19811=CARTESIAN_POINT('',(-182.000073475114,267.987503247092,47.));
#19812=CARTESIAN_POINT('Origin',(-182.000073475114,267.987503247092,117.));
#19813=CARTESIAN_POINT('',(-172.,267.987503247092,117.));
#19814=CARTESIAN_POINT('',(-170.,267.987503247092,115.));
#19815=CARTESIAN_POINT('',(-170.,267.987503247092,49.5));
#19816=CARTESIAN_POINT('',(-113.999926878225,267.987503247092,115.));
#19817=CARTESIAN_POINT('',(-176.000036737557,267.987503247092,115.));
#19818=CARTESIAN_POINT('',(-113.999926878225,267.987503247092,117.));
#19819=CARTESIAN_POINT('Origin',(-113.999926878225,267.987503247092,117.));
#19820=CARTESIAN_POINT('',(-113.999926878225,96.4937516235461,115.));
#19821=CARTESIAN_POINT('Origin',(-113.999926878225,258.987503247092,117.));
#19822=CARTESIAN_POINT('',(-113.999926878225,258.987503247092,115.));
#19823=CARTESIAN_POINT('',(-113.999926878225,91.9937516235461,115.));
#19824=CARTESIAN_POINT('',(-113.999926878225,258.987503247092,117.));
#19825=CARTESIAN_POINT('Origin',(-148.00000017667,257.487503247092,47.));
#19826=CARTESIAN_POINT('',(-172.,258.987503247092,47.));
#19827=CARTESIAN_POINT('',(-172.,91.2437516235462,47.));
#19828=CARTESIAN_POINT('',(-170.,258.987503247092,47.));
#19829=CARTESIAN_POINT('',(-170.,91.2437516235462,47.));
#19830=CARTESIAN_POINT('',(-182.000073475114,258.987503247092,47.));
#19831=CARTESIAN_POINT('Origin',(-182.000073475114,258.987503247092,117.));
#19832=CARTESIAN_POINT('',(-172.,258.987503247092,117.));
#19833=CARTESIAN_POINT('',(-170.,258.987503247092,115.));
#19834=CARTESIAN_POINT('',(-170.,258.987503247092,49.5));
#19835=CARTESIAN_POINT('',(-176.000036737557,258.987503247092,115.));
#19836=CARTESIAN_POINT('Origin',(-148.00000017667,248.487503247092,47.));
#19837=CARTESIAN_POINT('',(-172.,249.987503247092,47.));
#19838=CARTESIAN_POINT('',(-172.,86.7437516235462,47.));
#19839=CARTESIAN_POINT('',(-170.,249.987503247092,47.));
#19840=CARTESIAN_POINT('',(-170.,86.7437516235462,47.));
#19841=CARTESIAN_POINT('',(-182.000073475114,249.987503247092,47.));
#19842=CARTESIAN_POINT('Origin',(-182.000073475114,249.987503247092,117.));
#19843=CARTESIAN_POINT('',(-172.,249.987503247092,117.));
#19844=CARTESIAN_POINT('',(-170.,249.987503247092,115.));
#19845=CARTESIAN_POINT('',(-170.,249.987503247092,49.5));
#19846=CARTESIAN_POINT('',(-113.999926878225,249.987503247092,115.));
#19847=CARTESIAN_POINT('',(-176.000036737557,249.987503247092,115.));
#19848=CARTESIAN_POINT('',(-113.999926878225,249.987503247092,117.));
#19849=CARTESIAN_POINT('Origin',(-113.999926878225,249.987503247092,117.));
#19850=CARTESIAN_POINT('',(-113.999926878225,87.4937516235461,115.));
#19851=CARTESIAN_POINT('Origin',(-113.999926878225,240.987503247092,117.));
#19852=CARTESIAN_POINT('',(-113.999926878225,240.987503247092,115.));
#19853=CARTESIAN_POINT('',(-113.999926878225,82.9937516235461,115.));
#19854=CARTESIAN_POINT('',(-113.999926878225,240.987503247092,117.));
#19855=CARTESIAN_POINT('Origin',(-148.00000017667,239.487503247092,47.));
#19856=CARTESIAN_POINT('',(-172.,240.987503247092,47.));
#19857=CARTESIAN_POINT('',(-172.,82.2437516235462,47.));
#19858=CARTESIAN_POINT('',(-170.,240.987503247092,47.));
#19859=CARTESIAN_POINT('',(-170.,82.2437516235462,47.));
#19860=CARTESIAN_POINT('',(-182.000073475114,240.987503247092,47.));
#19861=CARTESIAN_POINT('Origin',(-182.000073475114,240.987503247092,117.));
#19862=CARTESIAN_POINT('',(-172.,240.987503247092,117.));
#19863=CARTESIAN_POINT('',(-170.,240.987503247092,115.));
#19864=CARTESIAN_POINT('',(-170.,240.987503247092,49.5));
#19865=CARTESIAN_POINT('',(-176.000036737557,240.987503247092,115.));
#19866=CARTESIAN_POINT('Origin',(-148.00000017667,230.487503247092,47.));
#19867=CARTESIAN_POINT('',(-172.,231.987503247092,47.));
#19868=CARTESIAN_POINT('',(-172.,77.7437516235462,47.));
#19869=CARTESIAN_POINT('',(-170.,231.987503247092,47.));
#19870=CARTESIAN_POINT('',(-170.,77.7437516235462,47.));
#19871=CARTESIAN_POINT('',(-182.000073475114,231.987503247092,47.));
#19872=CARTESIAN_POINT('Origin',(-182.000073475114,231.987503247092,117.));
#19873=CARTESIAN_POINT('',(-172.,231.987503247092,117.));
#19874=CARTESIAN_POINT('',(-170.,231.987503247092,115.));
#19875=CARTESIAN_POINT('',(-170.,231.987503247092,49.5));
#19876=CARTESIAN_POINT('',(-113.999926878225,231.987503247092,115.));
#19877=CARTESIAN_POINT('',(-176.000036737557,231.987503247092,115.));
#19878=CARTESIAN_POINT('',(-113.999926878225,231.987503247092,117.));
#19879=CARTESIAN_POINT('Origin',(-113.999926878225,231.987503247092,117.));
#19880=CARTESIAN_POINT('',(-113.999926878225,78.4937516235462,115.));
#19881=CARTESIAN_POINT('Origin',(-113.999926878225,222.987503247092,117.));
#19882=CARTESIAN_POINT('',(-113.999926878225,222.987503247092,115.));
#19883=CARTESIAN_POINT('',(-113.999926878225,73.9937516235461,115.));
#19884=CARTESIAN_POINT('',(-113.999926878225,222.987503247092,117.));
#19885=CARTESIAN_POINT('Origin',(-148.00000017667,221.487503247092,47.));
#19886=CARTESIAN_POINT('',(-172.,222.987503247092,47.));
#19887=CARTESIAN_POINT('',(-172.,73.2437516235462,47.));
#19888=CARTESIAN_POINT('',(-170.,222.987503247092,47.));
#19889=CARTESIAN_POINT('',(-170.,73.2437516235462,47.));
#19890=CARTESIAN_POINT('',(-182.000073475114,222.987503247092,47.));
#19891=CARTESIAN_POINT('Origin',(-182.000073475114,222.987503247092,117.));
#19892=CARTESIAN_POINT('',(-172.,222.987503247092,117.));
#19893=CARTESIAN_POINT('',(-170.,222.987503247092,115.));
#19894=CARTESIAN_POINT('',(-170.,222.987503247092,49.5));
#19895=CARTESIAN_POINT('',(-176.000036737557,222.987503247092,115.));
#19896=CARTESIAN_POINT('Origin',(-147.998028820129,169.5,47.));
#19897=CARTESIAN_POINT('',(-172.,171.,47.));
#19898=CARTESIAN_POINT('',(-172.,47.25,47.));
#19899=CARTESIAN_POINT('',(-170.,171.,47.));
#19900=CARTESIAN_POINT('',(-170.,47.25,47.));
#19901=CARTESIAN_POINT('',(-181.996057640258,171.,47.));
#19902=CARTESIAN_POINT('Origin',(-114.,171.,117.));
#19903=CARTESIAN_POINT('',(-114.,171.,115.));
#19904=CARTESIAN_POINT('',(-114.,48.,115.));
#19905=CARTESIAN_POINT('',(-114.,171.,117.));
#19906=CARTESIAN_POINT('Origin',(-181.996057640258,171.,117.));
#19907=CARTESIAN_POINT('',(-172.,171.,117.));
#19908=CARTESIAN_POINT('',(-170.,171.,115.));
#19909=CARTESIAN_POINT('',(-170.,171.,49.5));
#19910=CARTESIAN_POINT('',(-175.998028820129,171.,115.));
#19911=CARTESIAN_POINT('Origin',(-147.998028820129,160.5,47.));
#19912=CARTESIAN_POINT('',(-172.,162.,47.));
#19913=CARTESIAN_POINT('',(-172.,42.7500000000001,47.));
#19914=CARTESIAN_POINT('',(-170.,162.,47.));
#19915=CARTESIAN_POINT('',(-170.,42.7500000000001,47.));
#19916=CARTESIAN_POINT('',(-181.996057640258,162.,47.));
#19917=CARTESIAN_POINT('Origin',(-114.,162.,117.));
#19918=CARTESIAN_POINT('',(-114.,162.,115.));
#19919=CARTESIAN_POINT('',(-114.,43.5,115.));
#19920=CARTESIAN_POINT('',(-114.,162.,117.));
#19921=CARTESIAN_POINT('Origin',(-181.996057640258,162.,117.));
#19922=CARTESIAN_POINT('',(-172.,162.,117.));
#19923=CARTESIAN_POINT('',(-170.,162.,115.));
#19924=CARTESIAN_POINT('',(-170.,162.,49.5));
#19925=CARTESIAN_POINT('',(-175.998028820129,162.,115.));
#19926=CARTESIAN_POINT('Origin',(-147.998028820129,151.5,47.));
#19927=CARTESIAN_POINT('',(-172.,153.,47.));
#19928=CARTESIAN_POINT('',(-172.,38.25,47.));
#19929=CARTESIAN_POINT('',(-170.,153.,47.));
#19930=CARTESIAN_POINT('',(-170.,38.25,47.));
#19931=CARTESIAN_POINT('',(-181.996057640258,153.,47.));
#19932=CARTESIAN_POINT('Origin',(-114.,153.,117.));
#19933=CARTESIAN_POINT('',(-114.,153.,115.));
#19934=CARTESIAN_POINT('',(-114.,39.,115.));
#19935=CARTESIAN_POINT('',(-114.,153.,117.));
#19936=CARTESIAN_POINT('Origin',(-181.996057640258,153.,117.));
#19937=CARTESIAN_POINT('',(-172.,153.,117.));
#19938=CARTESIAN_POINT('',(-170.,153.,115.));
#19939=CARTESIAN_POINT('',(-170.,153.,49.5));
#19940=CARTESIAN_POINT('',(-175.998028820129,153.,115.));
#19941=CARTESIAN_POINT('Origin',(-147.998028820129,142.5,47.));
#19942=CARTESIAN_POINT('',(-172.,141.,47.));
#19943=CARTESIAN_POINT('',(-172.,144.,47.));
#19944=CARTESIAN_POINT('',(-172.,33.7500000000001,47.));
#19945=CARTESIAN_POINT('',(-170.,141.,47.));
#19946=CARTESIAN_POINT('',(-114.,141.,47.));
#19947=CARTESIAN_POINT('',(-170.,144.,47.));
#19948=CARTESIAN_POINT('',(-170.,33.7500000000001,47.));
#19949=CARTESIAN_POINT('',(-181.996057640258,144.,47.));
#19950=CARTESIAN_POINT('Origin',(-114.,144.,117.));
#19951=CARTESIAN_POINT('',(-114.,141.,115.));
#19952=CARTESIAN_POINT('',(-114.,144.,115.));
#19953=CARTESIAN_POINT('',(-114.,34.5,115.));
#19954=CARTESIAN_POINT('',(-114.,141.,117.));
#19955=CARTESIAN_POINT('',(-114.,144.,117.));
#19956=CARTESIAN_POINT('Origin',(-114.,141.,117.));
#19957=CARTESIAN_POINT('',(-170.,141.,115.));
#19958=CARTESIAN_POINT('',(-142.,141.,115.));
#19959=CARTESIAN_POINT('',(-170.,141.,49.5));
#19960=CARTESIAN_POINT('',(-172.,141.,117.));
#19961=CARTESIAN_POINT('Origin',(-181.996057640258,144.,117.));
#19962=CARTESIAN_POINT('',(-172.,144.,117.));
#19963=CARTESIAN_POINT('',(-170.,144.,115.));
#19964=CARTESIAN_POINT('',(-170.,144.,49.5));
#19965=CARTESIAN_POINT('',(-175.998028820129,144.,115.));
#19966=CARTESIAN_POINT('Origin',(-147.998028820129,133.5,47.));
#19967=CARTESIAN_POINT('',(-172.,29.25,47.));
#19968=CARTESIAN_POINT('',(-170.,29.25,47.));
#19969=CARTESIAN_POINT('Origin',(-114.,135.,117.));
#19970=CARTESIAN_POINT('',(-114.,30.,115.));
#19971=CARTESIAN_POINT('Origin',(-170.,-75.,115.));
#19972=CARTESIAN_POINT('',(-110.,125.,115.));
#19973=CARTESIAN_POINT('',(-101.25,125.,115.));
#19974=CARTESIAN_POINT('',(-110.,128.,115.));
#19975=CARTESIAN_POINT('',(-110.,25.,115.));
#19976=CARTESIAN_POINT('',(-170.,128.,115.));
#19977=CARTESIAN_POINT('',(-155.,128.,115.));
#19978=CARTESIAN_POINT('',(-170.,-75.,115.));
#19979=CARTESIAN_POINT('',(-170.,-75.,115.));
#19980=CARTESIAN_POINT('',(-170.,-75.,115.));
#19981=CARTESIAN_POINT('',(-170.,-75.,115.));
#19982=CARTESIAN_POINT('',(-170.,-75.,115.));
#19983=CARTESIAN_POINT('',(-170.,-75.,115.));
#19984=CARTESIAN_POINT('',(-170.,-75.,115.));
#19985=CARTESIAN_POINT('',(-170.,-75.,115.));
#19986=CARTESIAN_POINT('',(-170.,-75.,115.));
#19987=CARTESIAN_POINT('',(-170.,-75.,115.));
#19988=CARTESIAN_POINT('',(-170.,-75.,115.));
#19989=CARTESIAN_POINT('',(-170.,-75.,115.));
#19990=CARTESIAN_POINT('',(-170.,-75.,115.));
#19991=CARTESIAN_POINT('',(-170.,-75.,115.));
#19992=CARTESIAN_POINT('',(-170.,-75.,115.));
#19993=CARTESIAN_POINT('',(-170.,-75.,115.));
#19994=CARTESIAN_POINT('',(-170.,-75.,115.));
#19995=CARTESIAN_POINT('Origin',(-162.,125.,107.));
#19996=CARTESIAN_POINT('',(-162.,125.,107.));
#19997=CARTESIAN_POINT('',(-110.,125.,107.));
#19998=CARTESIAN_POINT('',(-97.25,125.,107.));
#19999=CARTESIAN_POINT('',(-162.,128.,107.));
#20000=CARTESIAN_POINT('',(-162.,125.,107.));
#20001=CARTESIAN_POINT('',(-110.,128.,107.));
#20002=CARTESIAN_POINT('',(-110.,128.,107.));
#20003=CARTESIAN_POINT('',(-110.,125.,107.));
#20004=CARTESIAN_POINT('Origin',(-110.,125.,107.));
#20005=CARTESIAN_POINT('',(-110.,125.,78.25));
#20006=CARTESIAN_POINT('',(-110.,128.,107.));
#20007=CARTESIAN_POINT('Origin',(-162.,125.,52.0000000000001));
#20008=CARTESIAN_POINT('',(-162.,125.,52.0000000000001));
#20009=CARTESIAN_POINT('',(-162.,125.,50.75));
#20010=CARTESIAN_POINT('',(-162.,128.,52.0000000000001));
#20011=CARTESIAN_POINT('',(-162.,125.,52.0000000000001));
#20012=CARTESIAN_POINT('',(-162.,128.,107.));
#20013=CARTESIAN_POINT('Origin',(-140.,128.,83.5000000000001));
#20014=CARTESIAN_POINT('',(-170.,128.,52.0000000000001));
#20015=CARTESIAN_POINT('',(-162.,128.,52.0000000000001));
#20016=CARTESIAN_POINT('',(-170.,128.,32.7500000000001));
#20017=CARTESIAN_POINT('',(-163.8,128.,111.));
#20018=CARTESIAN_POINT('Origin',(-166.,128.,111.));
#20019=CARTESIAN_POINT('Origin',(-166.,125.,111.));
#20020=CARTESIAN_POINT('',(-163.8,125.,111.));
#20021=CARTESIAN_POINT('Origin',(-166.,125.,111.));
#20022=CARTESIAN_POINT('',(-163.8,125.,111.));
#20023=CARTESIAN_POINT('Origin',(-172.,-75.,117.));
#20024=CARTESIAN_POINT('',(-172.,125.,-18.));
#20025=CARTESIAN_POINT('',(-172.,-75.,-18.));
#20026=CARTESIAN_POINT('',(-172.,125.,83.25));
#20027=CARTESIAN_POINT('Origin',(-172.,-75.,-18.));
#20028=CARTESIAN_POINT('',(-170.,125.,-17.9999999999999));
#20029=CARTESIAN_POINT('',(-102.249999999999,125.,-17.9999999999977));
#20030=CARTESIAN_POINT('',(-170.,-75.,-17.9999999999999));
#20031=CARTESIAN_POINT('Origin',(-170.,-75.,-17.9999999999999));
#20032=CARTESIAN_POINT('',(-170.,125.,52.0000000000001));
#20033=CARTESIAN_POINT('',(-170.,125.,15.75));
#20034=CARTESIAN_POINT('',(-170.,25.,52.0000000000001));
#20035=CARTESIAN_POINT('Origin',(-170.,125.,52.0000000000001));
#20036=CARTESIAN_POINT('',(-101.25,125.,52.0000000000001));
#20037=CARTESIAN_POINT('Origin',(-32.5,125.,49.5));
#20038=CARTESIAN_POINT('Origin',(-145.,325.,4.99999999999996));
#20039=CARTESIAN_POINT('',(-155.,325.,4.99999999999996));
#20040=CARTESIAN_POINT('',(-145.,325.,4.99999999999996));
#20041=CARTESIAN_POINT('',(-88.75,325.,4.99999999999996));
#20042=CARTESIAN_POINT('',(-155.,320.,4.99999999999996));
#20043=CARTESIAN_POINT('',(-155.,325.,4.99999999999996));
#20044=CARTESIAN_POINT('',(-145.,320.,4.99999999999996));
#20045=CARTESIAN_POINT('',(-89.5,320.,4.99999999999996));
#20046=CARTESIAN_POINT('',(-145.,325.,4.99999999999996));
#20047=CARTESIAN_POINT('Origin',(-145.,325.,-3.33066907387547E-14));
#20048=CARTESIAN_POINT('',(-145.,325.,-3.33823877631609E-14));
#20049=CARTESIAN_POINT('',(-145.,325.,24.25));
#20050=CARTESIAN_POINT('',(-145.,320.,-3.33823877631609E-14));
#20051=CARTESIAN_POINT('',(-145.,320.,1.24999999999998));
#20052=CARTESIAN_POINT('',(-145.,325.,-3.33823877631609E-14));
#20053=CARTESIAN_POINT('Origin',(-155.,325.,-3.57103235870682E-14));
#20054=CARTESIAN_POINT('',(-155.,325.,-3.56835773051113E-14));
#20055=CARTESIAN_POINT('',(-93.75,325.,-2.22044604925031E-14));
#20056=CARTESIAN_POINT('',(-155.,320.,-3.56835773051113E-14));
#20057=CARTESIAN_POINT('',(-94.5,320.,-2.17881268582687E-14));
#20058=CARTESIAN_POINT('',(-155.,325.,-3.56835773051113E-14));
#20059=CARTESIAN_POINT('Origin',(-155.,325.,4.99999999999996));
#20060=CARTESIAN_POINT('',(-155.,325.,26.75));
#20061=CARTESIAN_POINT('',(-155.,320.,3.74999999999998));
#20062=CARTESIAN_POINT('Origin',(-34.,320.,2.49999999999999));
#20063=CARTESIAN_POINT('Origin',(-147.,326.8,-9.00000000000003));
#20064=CARTESIAN_POINT('',(-145.35,326.8,-9.00000000000003));
#20065=CARTESIAN_POINT('Origin',(-147.,326.8,-9.00000000000003));
#20066=CARTESIAN_POINT('',(-145.35,325.,-9.00000000000003));
#20067=CARTESIAN_POINT('',(-145.35,326.8,-9.00000000000003));
#20068=CARTESIAN_POINT('Origin',(-147.,325.,-9.00000000000003));
#20069=CARTESIAN_POINT('Origin',(-166.,325.85,111.));
#20070=CARTESIAN_POINT('',(-166.,326.8,107.5));
#20071=CARTESIAN_POINT('Origin',(-166.,326.8,111.));
#20072=CARTESIAN_POINT('',(-166.,324.9,109.4));
#20073=CARTESIAN_POINT('',(-166.,325.85,108.45));
#20074=CARTESIAN_POINT('Origin',(-166.,324.9,111.));
#20075=CARTESIAN_POINT('Origin',(-166.,325.3,111.));
#20076=CARTESIAN_POINT('',(-166.,323.8,109.4));
#20077=CARTESIAN_POINT('',(-166.,325.3,109.4));
#20078=CARTESIAN_POINT('Origin',(-166.,323.8,111.));
#20079=CARTESIAN_POINT('Origin',(-166.,323.8,111.));
#20080=CARTESIAN_POINT('',(-167.45,323.8,111.));
#20081=CARTESIAN_POINT('Origin',(-166.,323.8,111.));
#20082=CARTESIAN_POINT('Origin',(-166.,325.85,53.5000000000735));
#20083=CARTESIAN_POINT('',(-166.,326.8,50.0000000000735));
#20084=CARTESIAN_POINT('Origin',(-166.,326.8,53.5000000000735));
#20085=CARTESIAN_POINT('',(-166.,324.9,51.9000000000735));
#20086=CARTESIAN_POINT('',(-166.,325.85,50.9500000000735));
#20087=CARTESIAN_POINT('Origin',(-166.,324.9,53.5000000000735));
#20088=CARTESIAN_POINT('Origin',(-166.,325.3,53.5000000000735));
#20089=CARTESIAN_POINT('',(-166.,323.8,51.9000000000735));
#20090=CARTESIAN_POINT('',(-166.,325.3,51.9000000000735));
#20091=CARTESIAN_POINT('Origin',(-166.,323.8,53.5000000000735));
#20092=CARTESIAN_POINT('Origin',(-166.,323.8,53.5000000000735));
#20093=CARTESIAN_POINT('',(-167.45,323.8,53.5000000000735));
#20094=CARTESIAN_POINT('Origin',(-166.,323.8,53.5000000000735));
#20095=CARTESIAN_POINT('Origin',(-166.,325.,53.5000000000735));
#20096=CARTESIAN_POINT('',(-167.45,319.,53.5000000000735));
#20097=CARTESIAN_POINT('Origin',(-166.,319.,53.5000000000735));
#20098=CARTESIAN_POINT('',(-167.45,325.,53.5000000000735));
#20099=CARTESIAN_POINT('Origin',(-162.,325.,49.500000000075));
#20100=CARTESIAN_POINT('',(-162.,325.,57.500000000075));
#20101=CARTESIAN_POINT('',(-162.,325.,49.500000000075));
#20102=CARTESIAN_POINT('',(-162.,325.,49.0000000000375));
#20103=CARTESIAN_POINT('',(-162.,319.,57.500000000075));
#20104=CARTESIAN_POINT('',(-162.,325.,57.500000000075));
#20105=CARTESIAN_POINT('',(-162.,319.,49.500000000075));
#20106=CARTESIAN_POINT('',(-162.,319.,69.8750000000556));
#20107=CARTESIAN_POINT('',(-162.,325.,49.500000000075));
#20108=CARTESIAN_POINT('Origin',(-170.,325.,49.5000000000721));
#20109=CARTESIAN_POINT('',(-169.8,325.,49.5000000000721));
#20110=CARTESIAN_POINT('',(-101.25,325.,49.500000000097));
#20111=CARTESIAN_POINT('',(-169.8,319.,49.5000000000721));
#20112=CARTESIAN_POINT('',(-97.249999999994,319.,49.5000000000984));
#20113=CARTESIAN_POINT('',(-169.8,325.,49.5000000000721));
#20114=CARTESIAN_POINT('Origin',(-162.,325.,57.500000000075));
#20115=CARTESIAN_POINT('',(-169.8,325.,65.3000000000722));
#20116=CARTESIAN_POINT('',(-127.374999999969,325.,22.8750000000572));
#20117=CARTESIAN_POINT('',(-169.8,319.,65.3000000000722));
#20118=CARTESIAN_POINT('',(-169.8,325.,65.3000000000722));
#20119=CARTESIAN_POINT('',(-139.812499999978,319.,35.3125000000616));
#20120=CARTESIAN_POINT('Origin',(-32.5,319.,82.2500000000361));
#20121=CARTESIAN_POINT('',(-169.8,319.,98.6250000000181));
#20122=CARTESIAN_POINT('Origin',(-166.,325.,111.));
#20123=CARTESIAN_POINT('',(-167.45,319.,111.));
#20124=CARTESIAN_POINT('Origin',(-166.,319.,111.));
#20125=CARTESIAN_POINT('',(-167.45,325.,111.));
#20126=CARTESIAN_POINT('Origin',(-170.,325.,107.));
#20127=CARTESIAN_POINT('',(-162.,325.,107.));
#20128=CARTESIAN_POINT('',(-169.8,325.,107.));
#20129=CARTESIAN_POINT('',(-101.25,325.,107.));
#20130=CARTESIAN_POINT('',(-162.,319.,107.));
#20131=CARTESIAN_POINT('',(-162.,325.,107.));
#20132=CARTESIAN_POINT('',(-169.8,319.,107.));
#20133=CARTESIAN_POINT('',(-97.2499999999999,319.,107.));
#20134=CARTESIAN_POINT('',(-169.8,325.,107.));
#20135=CARTESIAN_POINT('Origin',(-162.,325.,107.));
#20136=CARTESIAN_POINT('',(-162.,325.,114.799999999999));
#20137=CARTESIAN_POINT('',(-162.,325.,77.75));
#20138=CARTESIAN_POINT('',(-162.,319.,114.799999999999));
#20139=CARTESIAN_POINT('',(-162.,325.,114.799999999999));
#20140=CARTESIAN_POINT('',(-162.,319.,98.625000000018));
#20141=CARTESIAN_POINT('Origin',(-32.5,319.,82.2500000000361));
#20142=CARTESIAN_POINT('',(-169.8,319.,114.799999999999));
#20143=CARTESIAN_POINT('',(36.2499999999999,319.,114.8));
#20144=CARTESIAN_POINT('',(-169.8,319.,98.6250000000181));
#20145=CARTESIAN_POINT('Origin',(-32.5,325.,48.5));
#20146=CARTESIAN_POINT('',(-169.8,325.,-17.9999999999999));
#20147=CARTESIAN_POINT('',(-169.8,325.,81.7500000000001));
#20148=CARTESIAN_POINT('',(-105.,325.,-17.9999999999999));
#20149=CARTESIAN_POINT('',(-170.,325.,-17.9999999999999));
#20150=CARTESIAN_POINT('',(-105.,325.,0.199999999999977));
#20151=CARTESIAN_POINT('',(-105.,325.,49.));
#20152=CARTESIAN_POINT('',(-108.,325.,0.199999999999974));
#20153=CARTESIAN_POINT('',(-67.25,325.,0.199999999999987));
#20154=CARTESIAN_POINT('',(-108.,325.,106.));
#20155=CARTESIAN_POINT('',(-108.,325.,24.25));
#20156=CARTESIAN_POINT('',(-105.,325.,106.));
#20157=CARTESIAN_POINT('',(-70.25,325.,106.));
#20158=CARTESIAN_POINT('',(-105.,325.,114.799999999999));
#20159=CARTESIAN_POINT('',(-105.,325.,49.));
#20160=CARTESIAN_POINT('',(36.2499999999998,325.,114.8));
#20161=CARTESIAN_POINT('',(-169.8,325.,81.7500000000001));
#20162=CARTESIAN_POINT('',(-142.5,325.,17.));
#20163=CARTESIAN_POINT('Origin',(-146.,325.,17.));
#20164=CARTESIAN_POINT('',(-144.5,325.,28.5));
#20165=CARTESIAN_POINT('',(-144.5,325.,35.5));
#20166=CARTESIAN_POINT('',(-144.5,325.,42.5));
#20167=CARTESIAN_POINT('',(-143.5,325.,36.5));
#20168=CARTESIAN_POINT('Origin',(-143.5,325.,35.5));
#20169=CARTESIAN_POINT('',(-131.5,325.,36.5));
#20170=CARTESIAN_POINT('',(-81.5,325.,36.5));
#20171=CARTESIAN_POINT('',(-130.5,325.,35.5));
#20172=CARTESIAN_POINT('Origin',(-131.5,325.,35.5));
#20173=CARTESIAN_POINT('',(-130.5,325.,28.5));
#20174=CARTESIAN_POINT('',(-130.5,325.,38.));
#20175=CARTESIAN_POINT('',(-131.5,325.,27.5));
#20176=CARTESIAN_POINT('Origin',(-131.5,325.,28.5));
#20177=CARTESIAN_POINT('',(-143.5,325.,27.5));
#20178=CARTESIAN_POINT('',(-88.5,325.,27.5));
#20179=CARTESIAN_POINT('Origin',(-143.5,325.,28.5));
#20180=CARTESIAN_POINT('',(-125.5,325.,17.));
#20181=CARTESIAN_POINT('Origin',(-129.,325.,17.));
#20182=CARTESIAN_POINT('',(-149.65,325.,32.));
#20183=CARTESIAN_POINT('Origin',(-151.25,325.,32.));
#20184=CARTESIAN_POINT('',(-122.15,325.,32.));
#20185=CARTESIAN_POINT('Origin',(-123.75,325.,32.));
#20186=CARTESIAN_POINT('Origin',(-143.5,326.8,28.5));
#20187=CARTESIAN_POINT('',(-143.5,326.8,27.5));
#20188=CARTESIAN_POINT('',(-144.5,326.8,28.5));
#20189=CARTESIAN_POINT('Origin',(-143.5,326.8,28.5));
#20190=CARTESIAN_POINT('',(-144.5,326.8,28.5));
#20191=CARTESIAN_POINT('',(-143.5,326.8,27.5));
#20192=CARTESIAN_POINT('Origin',(-144.5,326.8,36.5));
#20193=CARTESIAN_POINT('',(-144.5,326.8,35.5));
#20194=CARTESIAN_POINT('',(-144.5,326.8,42.5));
#20195=CARTESIAN_POINT('',(-144.5,326.8,35.5));
#20196=CARTESIAN_POINT('Origin',(-143.5,326.8,35.5));
#20197=CARTESIAN_POINT('',(-143.5,326.8,36.5));
#20198=CARTESIAN_POINT('Origin',(-143.5,326.8,35.5));
#20199=CARTESIAN_POINT('',(-143.5,326.8,36.5));
#20200=CARTESIAN_POINT('Origin',(-130.5,326.8,36.5));
#20201=CARTESIAN_POINT('',(-131.5,326.8,36.5));
#20202=CARTESIAN_POINT('',(-81.5,326.8,36.5));
#20203=CARTESIAN_POINT('',(-131.5,326.8,36.5));
#20204=CARTESIAN_POINT('Origin',(-131.5,326.8,35.5));
#20205=CARTESIAN_POINT('',(-130.5,326.8,35.5));
#20206=CARTESIAN_POINT('Origin',(-131.5,326.8,35.5));
#20207=CARTESIAN_POINT('',(-130.5,326.8,35.5));
#20208=CARTESIAN_POINT('Origin',(-130.5,326.8,27.5));
#20209=CARTESIAN_POINT('',(-130.5,326.8,28.5));
#20210=CARTESIAN_POINT('',(-130.5,326.8,38.));
#20211=CARTESIAN_POINT('',(-130.5,326.8,28.5));
#20212=CARTESIAN_POINT('Origin',(-131.5,326.8,28.5));
#20213=CARTESIAN_POINT('',(-131.5,326.8,27.5));
#20214=CARTESIAN_POINT('Origin',(-131.5,326.8,28.5));
#20215=CARTESIAN_POINT('',(-131.5,326.8,27.5));
#20216=CARTESIAN_POINT('Origin',(-144.5,326.8,27.5));
#20217=CARTESIAN_POINT('',(-88.5,326.8,27.5));
#20218=CARTESIAN_POINT('Origin',(-123.75,326.8,32.));
#20219=CARTESIAN_POINT('',(-122.15,326.8,32.));
#20220=CARTESIAN_POINT('Origin',(-123.75,326.8,32.));
#20221=CARTESIAN_POINT('',(-122.15,326.8,32.));
#20222=CARTESIAN_POINT('Origin',(-151.25,326.8,32.));
#20223=CARTESIAN_POINT('',(-149.65,326.8,32.));
#20224=CARTESIAN_POINT('Origin',(-151.25,326.8,32.));
#20225=CARTESIAN_POINT('',(-149.65,326.8,32.));
#20226=CARTESIAN_POINT('Origin',(-129.,326.8,17.));
#20227=CARTESIAN_POINT('',(-125.5,326.8,17.));
#20228=CARTESIAN_POINT('Origin',(-129.,326.8,17.));
#20229=CARTESIAN_POINT('',(-125.5,326.8,17.));
#20230=CARTESIAN_POINT('Origin',(-146.,326.8,17.));
#20231=CARTESIAN_POINT('',(-142.5,326.8,17.));
#20232=CARTESIAN_POINT('Origin',(-146.,326.8,17.));
#20233=CARTESIAN_POINT('',(-142.5,326.8,17.));
#20234=CARTESIAN_POINT('Origin',(-105.,125.,49.5));
#20235=CARTESIAN_POINT('',(-105.,326.4,-17.9999999999999));
#20236=CARTESIAN_POINT('',(-105.,326.4,114.799999999999));
#20237=CARTESIAN_POINT('',(-105.,326.4,49.));
#20238=CARTESIAN_POINT('',(-105.,225.,114.799999999999));
#20239=CARTESIAN_POINT('',(-105.,317.,106.));
#20240=CARTESIAN_POINT('',(-105.,225.,106.));
#20241=CARTESIAN_POINT('',(-105.,317.,0.199999999999977));
#20242=CARTESIAN_POINT('',(-105.,317.,51.25));
#20243=CARTESIAN_POINT('',(-105.,225.,0.199999999999978));
#20244=CARTESIAN_POINT('',(-105.,225.,-17.9999999999999));
#20245=CARTESIAN_POINT('',(-105.,323.2,11.));
#20246=CARTESIAN_POINT('Origin',(-105.,321.,11.));
#20247=CARTESIAN_POINT('',(-105.,323.2,102.));
#20248=CARTESIAN_POINT('Origin',(-105.,321.,102.));
#20249=CARTESIAN_POINT('',(-105.,323.2,41.3333333333333));
#20250=CARTESIAN_POINT('Origin',(-105.,321.,41.3333333333333));
#20251=CARTESIAN_POINT('',(-105.,323.2,71.6666666666666));
#20252=CARTESIAN_POINT('Origin',(-105.,321.,71.6666666666666));
#20253=CARTESIAN_POINT('Origin',(-105.,317.,53.));
#20254=CARTESIAN_POINT('',(-108.,317.,106.));
#20255=CARTESIAN_POINT('',(-102.,317.,106.));
#20256=CARTESIAN_POINT('',(-108.,317.,0.199999999999975));
#20257=CARTESIAN_POINT('',(-108.,317.,-17.9999999999999));
#20258=CARTESIAN_POINT('',(-103.5,317.,0.199999999999978));
#20259=CARTESIAN_POINT('Origin',(-102.,325.,0.199999999999977));
#20260=CARTESIAN_POINT('',(-108.,325.,0.199999999999975));
#20261=CARTESIAN_POINT('Origin',(-170.,325.,-17.9999999999999));
#20262=CARTESIAN_POINT('',(-169.8,326.8,-17.9999999999999));
#20263=CARTESIAN_POINT('',(-169.8,325.,-17.9999999999999));
#20264=CARTESIAN_POINT('',(-105.9,326.8,-17.9999999999999));
#20265=CARTESIAN_POINT('',(-170.,326.8,-17.9999999999999));
#20266=CARTESIAN_POINT('',(-105.9,326.4,-18.));
#20267=CARTESIAN_POINT('',(-105.9,325.9,-17.9999999999999));
#20268=CARTESIAN_POINT('',(-137.5,326.4,-17.9999999999999));
#20269=CARTESIAN_POINT('Origin',(-102.,321.,71.6666666666666));
#20270=CARTESIAN_POINT('',(-108.,323.2,71.6666666666666));
#20271=CARTESIAN_POINT('',(-102.,323.2,71.6666666666666));
#20272=CARTESIAN_POINT('Origin',(-108.,321.,71.6666666666666));
#20273=CARTESIAN_POINT('Origin',(-102.,321.,41.3333333333333));
#20274=CARTESIAN_POINT('',(-108.,323.2,41.3333333333333));
#20275=CARTESIAN_POINT('',(-102.,323.2,41.3333333333333));
#20276=CARTESIAN_POINT('Origin',(-108.,321.,41.3333333333333));
#20277=CARTESIAN_POINT('Origin',(-102.,321.,102.));
#20278=CARTESIAN_POINT('',(-108.,323.2,102.));
#20279=CARTESIAN_POINT('',(-102.,323.2,102.));
#20280=CARTESIAN_POINT('Origin',(-108.,321.,102.));
#20281=CARTESIAN_POINT('Origin',(-102.,321.,11.));
#20282=CARTESIAN_POINT('',(-108.,323.2,11.));
#20283=CARTESIAN_POINT('',(-102.,323.2,11.));
#20284=CARTESIAN_POINT('Origin',(-108.,321.,11.));
#20285=CARTESIAN_POINT('Origin',(-108.,325.,106.));
#20286=CARTESIAN_POINT('',(-108.,325.,106.));
#20287=CARTESIAN_POINT('Origin',(-108.,325.,-2.44249065417534E-14));
#20288=CARTESIAN_POINT('Origin',(-105.9,326.8,-18.));
#20289=CARTESIAN_POINT('',(-105.9,326.8,114.799999999999));
#20290=CARTESIAN_POINT('',(-105.9,326.8,15.25));
#20291=CARTESIAN_POINT('',(-105.9,326.4,114.799999999999));
#20292=CARTESIAN_POINT('',(-105.9,325.9,114.799999999999));
#20293=CARTESIAN_POINT('',(-105.9,326.4,81.75));
#20294=CARTESIAN_POINT('Origin',(-105.,326.4,48.5));
#20295=CARTESIAN_POINT('',(-1.1168843627729E-13,326.4,114.8));
#20296=CARTESIAN_POINT('Origin',(-32.5,326.8,48.5));
#20297=CARTESIAN_POINT('',(-169.8,326.8,114.799999999999));
#20298=CARTESIAN_POINT('',(-169.8,326.8,81.7500000000001));
#20299=CARTESIAN_POINT('',(36.2499999999998,326.8,114.8));
#20300=CARTESIAN_POINT('Origin',(105.,325.,114.8));
#20301=CARTESIAN_POINT('',(-169.8,325.,114.799999999999));
#20302=CARTESIAN_POINT('Origin',(-169.8,325.,115.));
#20303=CARTESIAN_POINT('Origin',(76.9999999999999,325.,1.93659670260172E-14));
#20304=CARTESIAN_POINT('',(86.9999999999999,325.,8.29874637304568E-16));
#20305=CARTESIAN_POINT('',(76.9999999999999,325.,1.99840144432528E-14));
#20306=CARTESIAN_POINT('',(22.2499999999999,325.,1.19904086659517E-13));
#20307=CARTESIAN_POINT('',(86.9999999999999,320.,1.11022302462516E-15));
#20308=CARTESIAN_POINT('',(86.9999999999999,325.,8.29874637304568E-16));
#20309=CARTESIAN_POINT('',(76.9999999999999,320.,1.99840144432528E-14));
#20310=CARTESIAN_POINT('',(21.5,320.,1.23234755733392E-13));
#20311=CARTESIAN_POINT('',(76.9999999999999,325.,1.99840144432528E-14));
#20312=CARTESIAN_POINT('Origin',(76.9999999999999,325.,5.00000000000002));
#20313=CARTESIAN_POINT('',(76.9999999999999,325.,5.00000000000002));
#20314=CARTESIAN_POINT('',(76.9999999999999,325.,26.75));
#20315=CARTESIAN_POINT('',(76.9999999999999,320.,5.00000000000002));
#20316=CARTESIAN_POINT('',(76.9999999999999,320.,3.75000000000001));
#20317=CARTESIAN_POINT('',(76.9999999999999,325.,5.00000000000002));
#20318=CARTESIAN_POINT('Origin',(86.9999999999999,325.,5.00000000000002));
#20319=CARTESIAN_POINT('',(86.9999999999999,325.,5.00000000000002));
#20320=CARTESIAN_POINT('',(27.25,325.,5.00000000000002));
#20321=CARTESIAN_POINT('',(86.9999999999999,320.,5.00000000000002));
#20322=CARTESIAN_POINT('',(26.5,320.,5.00000000000002));
#20323=CARTESIAN_POINT('',(86.9999999999999,325.,5.00000000000002));
#20324=CARTESIAN_POINT('Origin',(86.9999999999999,325.,8.32667268468867E-16));
#20325=CARTESIAN_POINT('',(86.9999999999999,325.,24.25));
#20326=CARTESIAN_POINT('',(86.9999999999999,320.,1.25));
#20327=CARTESIAN_POINT('Origin',(-34.,320.,2.49999999999999));
#20328=CARTESIAN_POINT('Origin',(81.9999999999999,326.8,-9.00000000000003));
#20329=CARTESIAN_POINT('',(83.6499999999999,326.8,-9.00000000000003));
#20330=CARTESIAN_POINT('Origin',(81.9999999999999,326.8,-9.00000000000003));
#20331=CARTESIAN_POINT('',(83.6499999999999,325.,-9.00000000000003));
#20332=CARTESIAN_POINT('',(83.6499999999999,326.8,-9.00000000000003));
#20333=CARTESIAN_POINT('Origin',(81.9999999999999,325.,-9.00000000000003));
#20334=CARTESIAN_POINT('Origin',(-32.4999999999999,326.8,-9.00000000000004));
#20335=CARTESIAN_POINT('',(-30.8499999999999,326.8,-9.00000000000004));
#20336=CARTESIAN_POINT('Origin',(-32.4999999999999,326.8,-9.00000000000004));
#20337=CARTESIAN_POINT('',(-30.8499999999999,325.,-9.00000000000004));
#20338=CARTESIAN_POINT('',(-30.8499999999999,326.8,-9.00000000000004));
#20339=CARTESIAN_POINT('Origin',(-32.4999999999999,325.,-9.00000000000004));
#20340=CARTESIAN_POINT('Origin',(101.,325.85,111.));
#20341=CARTESIAN_POINT('',(101.,326.8,107.5));
#20342=CARTESIAN_POINT('Origin',(101.,326.8,111.));
#20343=CARTESIAN_POINT('',(101.,324.9,109.4));
#20344=CARTESIAN_POINT('',(101.,325.85,108.45));
#20345=CARTESIAN_POINT('Origin',(101.,324.9,111.));
#20346=CARTESIAN_POINT('Origin',(101.,325.3,111.));
#20347=CARTESIAN_POINT('',(101.,323.8,109.4));
#20348=CARTESIAN_POINT('',(101.,325.3,109.4));
#20349=CARTESIAN_POINT('Origin',(101.,323.8,111.));
#20350=CARTESIAN_POINT('Origin',(101.,323.8,111.));
#20351=CARTESIAN_POINT('',(99.55,323.8,111.));
#20352=CARTESIAN_POINT('Origin',(101.,323.8,111.));
#20353=CARTESIAN_POINT('Origin',(101.,325.85,53.500000000651));
#20354=CARTESIAN_POINT('',(101.,326.8,50.000000000651));
#20355=CARTESIAN_POINT('Origin',(101.,326.8,53.500000000651));
#20356=CARTESIAN_POINT('',(101.,324.9,51.900000000651));
#20357=CARTESIAN_POINT('',(101.,325.85,50.950000000651));
#20358=CARTESIAN_POINT('Origin',(101.,324.9,53.500000000651));
#20359=CARTESIAN_POINT('Origin',(101.,325.3,53.500000000651));
#20360=CARTESIAN_POINT('',(101.,323.8,51.900000000651));
#20361=CARTESIAN_POINT('',(101.,325.3,51.900000000651));
#20362=CARTESIAN_POINT('Origin',(101.,323.8,53.500000000651));
#20363=CARTESIAN_POINT('Origin',(101.,323.8,53.500000000651));
#20364=CARTESIAN_POINT('',(99.55,323.8,53.500000000651));
#20365=CARTESIAN_POINT('Origin',(101.,323.8,53.500000000651));
#20366=CARTESIAN_POINT('Origin',(-32.5,325.85,111.));
#20367=CARTESIAN_POINT('',(-32.5,326.8,107.5));
#20368=CARTESIAN_POINT('Origin',(-32.5,326.8,111.));
#20369=CARTESIAN_POINT('',(-32.5,324.9,109.4));
#20370=CARTESIAN_POINT('',(-32.5,325.85,108.45));
#20371=CARTESIAN_POINT('Origin',(-32.5,324.9,111.));
#20372=CARTESIAN_POINT('Origin',(-32.5,325.3,111.));
#20373=CARTESIAN_POINT('',(-32.5,323.8,109.4));
#20374=CARTESIAN_POINT('',(-32.5,325.3,109.4));
#20375=CARTESIAN_POINT('Origin',(-32.5,323.8,111.));
#20376=CARTESIAN_POINT('Origin',(-32.5,323.8,111.));
#20377=CARTESIAN_POINT('',(-33.95,323.8,111.));
#20378=CARTESIAN_POINT('Origin',(-32.5,323.8,111.));
#20379=CARTESIAN_POINT('Origin',(101.,325.,111.));
#20380=CARTESIAN_POINT('',(99.55,319.,111.));
#20381=CARTESIAN_POINT('Origin',(101.,319.,111.));
#20382=CARTESIAN_POINT('',(99.55,325.,111.));
#20383=CARTESIAN_POINT('Origin',(96.9999999999999,325.,107.));
#20384=CARTESIAN_POINT('',(104.8,325.,107.));
#20385=CARTESIAN_POINT('',(96.9999999999999,325.,107.));
#20386=CARTESIAN_POINT('',(32.25,325.,107.));
#20387=CARTESIAN_POINT('',(104.8,319.,107.));
#20388=CARTESIAN_POINT('',(104.8,325.,107.));
#20389=CARTESIAN_POINT('',(96.9999999999999,319.,107.));
#20390=CARTESIAN_POINT('',(36.25,319.,107.));
#20391=CARTESIAN_POINT('',(96.9999999999999,325.,107.));
#20392=CARTESIAN_POINT('Origin',(97.,325.,115.));
#20393=CARTESIAN_POINT('',(97.,325.,114.8));
#20394=CARTESIAN_POINT('',(96.9999999999997,325.,81.7499999999994));
#20395=CARTESIAN_POINT('',(97.,319.,114.8));
#20396=CARTESIAN_POINT('',(96.9999999999998,319.,94.6250000000175));
#20397=CARTESIAN_POINT('',(97.,325.,114.8));
#20398=CARTESIAN_POINT('Origin',(-32.5,319.,82.2500000000361));
#20399=CARTESIAN_POINT('',(104.8,319.,114.8));
#20400=CARTESIAN_POINT('',(36.2499999999999,319.,114.8));
#20401=CARTESIAN_POINT('',(104.8,319.,32.125000000018));
#20402=CARTESIAN_POINT('Origin',(101.,325.,53.500000000651));
#20403=CARTESIAN_POINT('',(99.55,319.,53.500000000651));
#20404=CARTESIAN_POINT('Origin',(101.,319.,53.500000000651));
#20405=CARTESIAN_POINT('',(99.55,325.,53.500000000651));
#20406=CARTESIAN_POINT('Origin',(96.9999999999999,325.,49.500000000651));
#20407=CARTESIAN_POINT('',(104.8,325.,49.500000000651));
#20408=CARTESIAN_POINT('',(96.9999999999999,325.,49.500000000651));
#20409=CARTESIAN_POINT('',(32.25,325.,49.500000000651));
#20410=CARTESIAN_POINT('',(104.8,319.,49.500000000651));
#20411=CARTESIAN_POINT('',(104.8,325.,49.500000000651));
#20412=CARTESIAN_POINT('',(96.9999999999999,319.,49.500000000651));
#20413=CARTESIAN_POINT('',(36.25,319.,49.500000000651));
#20414=CARTESIAN_POINT('',(96.9999999999999,325.,49.500000000651));
#20415=CARTESIAN_POINT('Origin',(96.9999999999999,325.,57.500000000651));
#20416=CARTESIAN_POINT('',(96.9999999999999,325.,57.500000000651));
#20417=CARTESIAN_POINT('',(96.9999999999999,325.,53.0000000003254));
#20418=CARTESIAN_POINT('',(96.9999999999999,319.,57.500000000651));
#20419=CARTESIAN_POINT('',(96.9999999999999,319.,65.8750000003434));
#20420=CARTESIAN_POINT('',(96.9999999999999,325.,57.500000000651));
#20421=CARTESIAN_POINT('Origin',(105.,325.,65.500000000651));
#20422=CARTESIAN_POINT('',(104.8,325.,65.3000000006511));
#20423=CARTESIAN_POINT('',(66.3749999998372,325.,26.8750000004883));
#20424=CARTESIAN_POINT('',(104.8,319.,65.3000000006511));
#20425=CARTESIAN_POINT('',(70.8124999998461,319.,31.3125000004973));
#20426=CARTESIAN_POINT('',(104.8,325.,65.3000000006511));
#20427=CARTESIAN_POINT('Origin',(-32.5,319.,82.2500000000361));
#20428=CARTESIAN_POINT('',(104.8,319.,32.125000000018));
#20429=CARTESIAN_POINT('Origin',(-32.5,325.,111.));
#20430=CARTESIAN_POINT('',(-33.95,319.,111.));
#20431=CARTESIAN_POINT('Origin',(-32.5,319.,111.));
#20432=CARTESIAN_POINT('',(-33.95,325.,111.));
#20433=CARTESIAN_POINT('Origin',(-36.5,325.,107.));
#20434=CARTESIAN_POINT('',(-28.5,325.,107.));
#20435=CARTESIAN_POINT('',(-36.5,325.,107.));
#20436=CARTESIAN_POINT('',(-34.4999999999999,325.,107.));
#20437=CARTESIAN_POINT('',(-28.5,319.,107.));
#20438=CARTESIAN_POINT('',(-28.5,325.,107.));
#20439=CARTESIAN_POINT('',(-36.5,319.,107.));
#20440=CARTESIAN_POINT('',(-30.4999999999999,319.,107.));
#20441=CARTESIAN_POINT('',(-36.5,325.,107.));
#20442=CARTESIAN_POINT('Origin',(-36.5,325.,115.));
#20443=CARTESIAN_POINT('',(-36.5,325.,114.799999999999));
#20444=CARTESIAN_POINT('',(-36.4999999999999,325.,81.75));
#20445=CARTESIAN_POINT('',(-36.5,319.,114.799999999999));
#20446=CARTESIAN_POINT('',(-36.4999999999999,319.,94.6250000000181));
#20447=CARTESIAN_POINT('',(-36.5,325.,114.799999999999));
#20448=CARTESIAN_POINT('Origin',(-28.5,325.,107.));
#20449=CARTESIAN_POINT('',(-28.5,325.,114.799999999999));
#20450=CARTESIAN_POINT('',(-28.4999999999996,325.,77.75));
#20451=CARTESIAN_POINT('',(-28.5,319.,114.799999999999));
#20452=CARTESIAN_POINT('',(-28.5,325.,114.799999999999));
#20453=CARTESIAN_POINT('',(-28.4999999999999,319.,98.625000000018));
#20454=CARTESIAN_POINT('Origin',(-32.5,319.,82.2500000000361));
#20455=CARTESIAN_POINT('',(36.2499999999999,319.,114.8));
#20456=CARTESIAN_POINT('Origin',(-65.0000000000001,326.8,10.));
#20457=CARTESIAN_POINT('',(-61.2500000000001,326.8,10.));
#20458=CARTESIAN_POINT('Origin',(-65.0000000000001,326.8,10.));
#20459=CARTESIAN_POINT('',(-61.2500000000001,325.,10.));
#20460=CARTESIAN_POINT('',(-61.2500000000001,326.8,10.));
#20461=CARTESIAN_POINT('Origin',(-65.0000000000001,325.,10.));
#20462=CARTESIAN_POINT('Origin',(-170.,325.,-17.9999999999999));
#20463=CARTESIAN_POINT('',(-105.,325.,-17.9999999999999));
#20464=CARTESIAN_POINT('',(-105.,326.4,-17.9999999999999));
#20465=CARTESIAN_POINT('',(-105.,225.,-17.9999999999999));
#20466=CARTESIAN_POINT('',(-104.1,326.4,-18.));
#20467=CARTESIAN_POINT('',(-137.5,326.4,-17.9999999999999));
#20468=CARTESIAN_POINT('',(-104.1,326.8,-17.9999999999999));
#20469=CARTESIAN_POINT('',(-104.1,325.9,-17.9999999999999));
#20470=CARTESIAN_POINT('',(104.8,326.8,-18.));
#20471=CARTESIAN_POINT('',(-170.,326.8,-17.9999999999999));
#20472=CARTESIAN_POINT('',(104.8,325.,-18.));
#20473=CARTESIAN_POINT('',(104.8,325.,-18.));
#20474=CARTESIAN_POINT('',(-170.,325.,-17.9999999999999));
#20475=CARTESIAN_POINT('Origin',(104.8,325.,-18.));
#20476=CARTESIAN_POINT('',(104.8,325.,15.2499999999999));
#20477=CARTESIAN_POINT('',(104.8,325.,15.2499999999999));
#20478=CARTESIAN_POINT('',(104.8,326.8,114.8));
#20479=CARTESIAN_POINT('',(104.8,326.8,15.2499999999999));
#20480=CARTESIAN_POINT('',(104.8,325.,114.8));
#20481=CARTESIAN_POINT('Origin',(-32.5,326.8,48.5));
#20482=CARTESIAN_POINT('',(-104.1,326.8,114.799999999999));
#20483=CARTESIAN_POINT('',(-104.1,326.8,81.75));
#20484=CARTESIAN_POINT('',(36.2499999999998,326.8,114.8));
#20485=CARTESIAN_POINT('Origin',(-104.1,326.8,115.));
#20486=CARTESIAN_POINT('',(-104.1,326.4,114.799999999999));
#20487=CARTESIAN_POINT('',(-104.1,326.4,15.2500000000001));
#20488=CARTESIAN_POINT('',(-104.1,325.9,114.799999999999));
#20489=CARTESIAN_POINT('Origin',(-105.,317.,53.));
#20490=CARTESIAN_POINT('',(-105.,317.,106.));
#20491=CARTESIAN_POINT('',(-105.,317.,0.199999999999977));
#20492=CARTESIAN_POINT('',(-105.,317.,51.25));
#20493=CARTESIAN_POINT('',(-102.,317.,0.199999999999977));
#20494=CARTESIAN_POINT('',(-103.5,317.,0.199999999999978));
#20495=CARTESIAN_POINT('',(-102.,317.,106.));
#20496=CARTESIAN_POINT('',(-102.,317.,115.));
#20497=CARTESIAN_POINT('',(-102.,317.,106.));
#20498=CARTESIAN_POINT('Origin',(-102.,325.,106.));
#20499=CARTESIAN_POINT('',(-102.,325.,0.199999999999977));
#20500=CARTESIAN_POINT('',(-102.,325.,106.));
#20501=CARTESIAN_POINT('',(-102.,325.,77.25));
#20502=CARTESIAN_POINT('',(-102.,325.,106.));
#20503=CARTESIAN_POINT('',(-102.,325.,0.199999999999978));
#20504=CARTESIAN_POINT('',(-102.,323.2,71.6666666666666));
#20505=CARTESIAN_POINT('Origin',(-102.,321.,71.6666666666666));
#20506=CARTESIAN_POINT('',(-102.,323.2,41.3333333333333));
#20507=CARTESIAN_POINT('Origin',(-102.,321.,41.3333333333333));
#20508=CARTESIAN_POINT('',(-102.,323.2,102.));
#20509=CARTESIAN_POINT('Origin',(-102.,321.,102.));
#20510=CARTESIAN_POINT('',(-102.,323.2,11.));
#20511=CARTESIAN_POINT('Origin',(-102.,321.,11.));
#20512=CARTESIAN_POINT('Origin',(-102.,325.,0.199999999999977));
#20513=CARTESIAN_POINT('',(-105.,325.,0.199999999999977));
#20514=CARTESIAN_POINT('',(-105.,225.,0.199999999999978));
#20515=CARTESIAN_POINT('',(-67.25,325.,0.199999999999987));
#20516=CARTESIAN_POINT('Origin',(-102.,321.,11.));
#20517=CARTESIAN_POINT('',(-105.,323.2,11.));
#20518=CARTESIAN_POINT('',(-102.,323.2,11.));
#20519=CARTESIAN_POINT('Origin',(-105.,321.,11.));
#20520=CARTESIAN_POINT('Origin',(-102.,321.,102.));
#20521=CARTESIAN_POINT('',(-105.,323.2,102.));
#20522=CARTESIAN_POINT('',(-102.,323.2,102.));
#20523=CARTESIAN_POINT('Origin',(-105.,321.,102.));
#20524=CARTESIAN_POINT('Origin',(-102.,321.,41.3333333333333));
#20525=CARTESIAN_POINT('',(-105.,323.2,41.3333333333333));
#20526=CARTESIAN_POINT('',(-102.,323.2,41.3333333333333));
#20527=CARTESIAN_POINT('Origin',(-105.,321.,41.3333333333333));
#20528=CARTESIAN_POINT('Origin',(-102.,321.,71.6666666666666));
#20529=CARTESIAN_POINT('',(-105.,323.2,71.6666666666666));
#20530=CARTESIAN_POINT('',(-102.,323.2,71.6666666666666));
#20531=CARTESIAN_POINT('Origin',(-105.,321.,71.6666666666666));
#20532=CARTESIAN_POINT('Origin',(-105.,326.4,48.5));
#20533=CARTESIAN_POINT('',(-105.,326.4,114.799999999999));
#20534=CARTESIAN_POINT('',(-105.,326.4,49.));
#20535=CARTESIAN_POINT('',(-1.1168843627729E-13,326.4,114.8));
#20536=CARTESIAN_POINT('Origin',(105.,325.,114.8));
#20537=CARTESIAN_POINT('',(-105.,325.,114.799999999999));
#20538=CARTESIAN_POINT('',(-105.,225.,114.799999999999));
#20539=CARTESIAN_POINT('',(36.2499999999998,325.,114.8));
#20540=CARTESIAN_POINT('',(36.2499999999998,325.,114.8));
#20541=CARTESIAN_POINT('Origin',(-32.5,325.,48.5));
#20542=CARTESIAN_POINT('',(-105.,325.,106.));
#20543=CARTESIAN_POINT('',(-105.,325.,49.));
#20544=CARTESIAN_POINT('',(-70.25,325.,106.));
#20545=CARTESIAN_POINT('',(-105.,325.,49.));
#20546=CARTESIAN_POINT('Origin',(-108.,325.,106.));
#20547=CARTESIAN_POINT('',(-105.,225.,106.));
#20548=CARTESIAN_POINT('Origin',(-105.,125.,49.5));
#20549=CARTESIAN_POINT('Origin',(105.,-75.,115.));
#20550=CARTESIAN_POINT('',(105.,-78.,117.));
#20551=CARTESIAN_POINT('',(107.,-78.,115.));
#20552=CARTESIAN_POINT('Origin',(105.,-78.,115.));
#20553=CARTESIAN_POINT('',(107.,125.,115.));
#20554=CARTESIAN_POINT('',(107.,-75.,115.));
#20555=CARTESIAN_POINT('',(105.,125.,117.));
#20556=CARTESIAN_POINT('Origin',(105.,125.,115.));
#20557=CARTESIAN_POINT('',(105.,-75.,117.));
#20558=CARTESIAN_POINT('Origin',(107.,-75.,117.));
#20559=CARTESIAN_POINT('',(-105.,125.,117.));
#20560=CARTESIAN_POINT('',(37.25,125.,117.));
#20561=CARTESIAN_POINT('',(-105.,-78.,117.));
#20562=CARTESIAN_POINT('',(-105.,25.,117.));
#20563=CARTESIAN_POINT('',(-172.,-78.,117.));
#20564=CARTESIAN_POINT('',(-96.,114.,117.));
#20565=CARTESIAN_POINT('',(-96.,117.,117.));
#20566=CARTESIAN_POINT('',(-96.,19.5000000000001,117.));
#20567=CARTESIAN_POINT('',(-21.,117.,117.));
#20568=CARTESIAN_POINT('',(5.49999999999983,117.,117.));
#20569=CARTESIAN_POINT('',(-21.,114.,117.));
#20570=CARTESIAN_POINT('',(-21.0000000000007,21.0000000000006,117.));
#20571=CARTESIAN_POINT('',(43.0000000000001,114.,117.));
#20572=CARTESIAN_POINT('',(-96.,105.,117.));
#20573=CARTESIAN_POINT('',(-96.,108.,117.));
#20574=CARTESIAN_POINT('',(-96.,15.0000000000001,117.));
#20575=CARTESIAN_POINT('',(-21.,108.,117.));
#20576=CARTESIAN_POINT('',(5.49999999999983,108.,117.));
#20577=CARTESIAN_POINT('',(-21.,105.,117.));
#20578=CARTESIAN_POINT('',(-21.0000000000007,16.5000000000006,117.));
#20579=CARTESIAN_POINT('',(43.0000000000001,105.,117.));
#20580=CARTESIAN_POINT('',(-96.,96.0000000000001,117.));
#20581=CARTESIAN_POINT('',(-96.,99.0000000000002,117.));
#20582=CARTESIAN_POINT('',(-96.,10.5000000000001,117.));
#20583=CARTESIAN_POINT('',(-21.,99.0000000000003,117.));
#20584=CARTESIAN_POINT('',(5.49999999999984,99.0000000000003,117.));
#20585=CARTESIAN_POINT('',(-21.,96.,117.));
#20586=CARTESIAN_POINT('',(-21.0000000000006,12.0000000000006,117.));
#20587=CARTESIAN_POINT('',(43.0000000000001,95.9999999999999,117.));
#20588=CARTESIAN_POINT('',(-96.,87.0000000000001,117.));
#20589=CARTESIAN_POINT('',(-96.,90.0000000000002,117.));
#20590=CARTESIAN_POINT('',(-96.,6.00000000000006,117.));
#20591=CARTESIAN_POINT('',(-21.,90.0000000000003,117.));
#20592=CARTESIAN_POINT('',(5.49999999999985,90.0000000000004,117.));
#20593=CARTESIAN_POINT('',(-21.,87.,117.));
#20594=CARTESIAN_POINT('',(-21.0000000000006,7.50000000000063,117.));
#20595=CARTESIAN_POINT('',(43.0000000000001,86.9999999999999,117.));
#20596=CARTESIAN_POINT('',(-96.,78.0000000000001,117.));
#20597=CARTESIAN_POINT('',(-96.,81.0000000000002,117.));
#20598=CARTESIAN_POINT('',(-96.,1.50000000000006,117.));
#20599=CARTESIAN_POINT('',(-21.,81.0000000000003,117.));
#20600=CARTESIAN_POINT('',(5.49999999999985,81.0000000000003,117.));
#20601=CARTESIAN_POINT('',(-21.,78.,117.));
#20602=CARTESIAN_POINT('',(-21.0000000000006,3.00000000000062,117.));
#20603=CARTESIAN_POINT('',(43.0000000000001,77.9999999999998,117.));
#20604=CARTESIAN_POINT('',(-96.,69.0000000000001,117.));
#20605=CARTESIAN_POINT('',(-96.,72.0000000000002,117.));
#20606=CARTESIAN_POINT('',(-96.,-2.99999999999994,117.));
#20607=CARTESIAN_POINT('',(-21.,72.0000000000003,117.));
#20608=CARTESIAN_POINT('',(5.49999999999986,72.0000000000003,117.));
#20609=CARTESIAN_POINT('',(-21.,69.,117.));
#20610=CARTESIAN_POINT('',(-21.0000000000005,-1.49999999999938,117.));
#20611=CARTESIAN_POINT('',(43.0000000000001,68.9999999999998,117.));
#20612=CARTESIAN_POINT('',(-96.,60.0000000000001,117.));
#20613=CARTESIAN_POINT('',(-96.,63.0000000000002,117.));
#20614=CARTESIAN_POINT('',(-96.,-7.49999999999995,117.));
#20615=CARTESIAN_POINT('',(-21.,63.0000000000003,117.));
#20616=CARTESIAN_POINT('',(5.49999999999986,63.0000000000003,117.));
#20617=CARTESIAN_POINT('',(-21.,60.,117.));
#20618=CARTESIAN_POINT('',(-21.0000000000005,-5.99999999999938,117.));
#20619=CARTESIAN_POINT('',(43.0000000000001,59.9999999999998,117.));
#20620=CARTESIAN_POINT('',(-96.,51.0000000000001,117.));
#20621=CARTESIAN_POINT('',(-96.,54.0000000000002,117.));
#20622=CARTESIAN_POINT('',(-96.,-11.9999999999999,117.));
#20623=CARTESIAN_POINT('',(-21.,54.0000000000003,117.));
#20624=CARTESIAN_POINT('',(5.49999999999987,54.0000000000003,117.));
#20625=CARTESIAN_POINT('',(-21.,51.,117.));
#20626=CARTESIAN_POINT('',(-21.0000000000005,-10.4999999999994,117.));
#20627=CARTESIAN_POINT('',(43.0000000000001,50.9999999999998,117.));
#20628=CARTESIAN_POINT('Origin',(-32.5,125.,49.5));
#20629=CARTESIAN_POINT('',(107.,125.,-18.));
#20630=CARTESIAN_POINT('',(107.,125.,15.75));
#20631=CARTESIAN_POINT('',(105.,125.,-18.));
#20632=CARTESIAN_POINT('',(36.25,125.,-18.));
#20633=CARTESIAN_POINT('',(105.,125.,52.0000000000001));
#20634=CARTESIAN_POINT('',(105.,125.,82.25));
#20635=CARTESIAN_POINT('',(96.9999999999999,125.,52.0000000000001));
#20636=CARTESIAN_POINT('',(32.25,125.,52.));
#20637=CARTESIAN_POINT('',(96.9999999999999,125.,107.));
#20638=CARTESIAN_POINT('',(96.9999999999999,125.,78.25));
#20639=CARTESIAN_POINT('',(88.9999999999999,125.,107.));
#20640=CARTESIAN_POINT('',(28.25,125.,107.));
#20641=CARTESIAN_POINT('',(88.9999999999999,125.,115.));
#20642=CARTESIAN_POINT('',(88.9999999999999,125.,82.25));
#20643=CARTESIAN_POINT('',(28.7142857142857,125.,115.));
#20644=CARTESIAN_POINT('',(-101.25,125.,115.));
#20645=CARTESIAN_POINT('',(28.7142857142857,125.,107.));
#20646=CARTESIAN_POINT('',(28.7142857142857,125.,78.25));
#20647=CARTESIAN_POINT('',(-100.,125.,107.));
#20648=CARTESIAN_POINT('',(-66.25,125.,107.));
#20649=CARTESIAN_POINT('',(-100.,125.,115.));
#20650=CARTESIAN_POINT('',(-100.,125.,82.25));
#20651=CARTESIAN_POINT('',(-105.,125.,115.));
#20652=CARTESIAN_POINT('',(-101.25,125.,115.));
#20653=CARTESIAN_POINT('',(-105.,125.,49.5));
#20654=CARTESIAN_POINT('',(26.9142857142857,125.,111.));
#20655=CARTESIAN_POINT('Origin',(24.7142857142857,125.,111.));
#20656=CARTESIAN_POINT('',(-11.2285714285714,125.,111.));
#20657=CARTESIAN_POINT('Origin',(-13.4285714285714,125.,111.));
#20658=CARTESIAN_POINT('',(-49.3714285714286,125.,111.));
#20659=CARTESIAN_POINT('Origin',(-51.5714285714286,125.,111.));
#20660=CARTESIAN_POINT('',(-87.5142857142857,125.,111.));
#20661=CARTESIAN_POINT('Origin',(-89.7142857142857,125.,111.));
#20662=CARTESIAN_POINT('',(103.2,125.,57.));
#20663=CARTESIAN_POINT('Origin',(101.,125.,57.));
#20664=CARTESIAN_POINT('',(103.2,125.,111.));
#20665=CARTESIAN_POINT('Origin',(101.,125.,111.));
#20666=CARTESIAN_POINT('',(103.2,125.,84.));
#20667=CARTESIAN_POINT('Origin',(101.,125.,84.));
#20668=CARTESIAN_POINT('Origin',(107.,95.,-9.00000000000001));
#20669=CARTESIAN_POINT('',(107.,93.35,-9.00000000000001));
#20670=CARTESIAN_POINT('Origin',(107.,95.,-9.00000000000001));
#20671=CARTESIAN_POINT('',(105.,93.35,-9.00000000000001));
#20672=CARTESIAN_POINT('',(107.,93.35,-9.00000000000001));
#20673=CARTESIAN_POINT('Origin',(105.,95.,-9.00000000000001));
#20674=CARTESIAN_POINT('Origin',(107.,-45.,-9.00000000000001));
#20675=CARTESIAN_POINT('',(107.,-46.65,-9.00000000000001));
#20676=CARTESIAN_POINT('Origin',(107.,-45.,-9.00000000000001));
#20677=CARTESIAN_POINT('',(105.,-46.65,-9.00000000000001));
#20678=CARTESIAN_POINT('',(107.,-46.65,-9.00000000000001));
#20679=CARTESIAN_POINT('Origin',(105.,-45.,-9.00000000000001));
#20680=CARTESIAN_POINT('Origin',(101.,-75.,111.));
#20681=CARTESIAN_POINT('',(99.55,-69.,111.));
#20682=CARTESIAN_POINT('Origin',(101.,-69.,111.));
#20683=CARTESIAN_POINT('',(99.55,-75.,111.));
#20684=CARTESIAN_POINT('',(99.55,-75.,111.));
#20685=CARTESIAN_POINT('Origin',(101.,-75.,111.));
#20686=CARTESIAN_POINT('Origin',(96.9999999999999,-75.,107.));
#20687=CARTESIAN_POINT('',(97.,-75.,115.));
#20688=CARTESIAN_POINT('',(96.9999999999999,-75.,107.));
#20689=CARTESIAN_POINT('',(97.,-75.,115.));
#20690=CARTESIAN_POINT('',(97.,-69.,115.));
#20691=CARTESIAN_POINT('',(97.,-75.,115.));
#20692=CARTESIAN_POINT('',(96.9999999999999,-69.,107.));
#20693=CARTESIAN_POINT('',(97.,-69.,115.));
#20694=CARTESIAN_POINT('',(96.9999999999999,-75.,107.));
#20695=CARTESIAN_POINT('Origin',(105.,-75.,107.));
#20696=CARTESIAN_POINT('',(105.,-75.,107.));
#20697=CARTESIAN_POINT('',(96.9999999999999,-75.,107.));
#20698=CARTESIAN_POINT('',(105.,-69.,107.));
#20699=CARTESIAN_POINT('',(96.9999999999999,-69.,107.));
#20700=CARTESIAN_POINT('',(105.,-75.,107.));
#20701=CARTESIAN_POINT('Origin',(101.,-75.,111.));
#20702=CARTESIAN_POINT('',(105.,-75.,115.));
#20703=CARTESIAN_POINT('',(105.,-75.,113.));
#20704=CARTESIAN_POINT('',(-34.5,-75.,115.));
#20705=CARTESIAN_POINT('Origin',(101.,-69.,111.));
#20706=CARTESIAN_POINT('',(105.,-69.,115.));
#20707=CARTESIAN_POINT('',(105.,-69.,113.));
#20708=CARTESIAN_POINT('',(-34.5,-69.,115.));
#20709=CARTESIAN_POINT('Origin',(-170.,-75.,115.));
#20710=CARTESIAN_POINT('',(105.,-78.,115.));
#20711=CARTESIAN_POINT('',(105.,-75.,115.));
#20712=CARTESIAN_POINT('',(-105.,-78.,115.));
#20713=CARTESIAN_POINT('',(-170.,-78.,115.));
#20714=CARTESIAN_POINT('',(-105.,-75.,115.));
#20715=CARTESIAN_POINT('',(-105.,25.,115.));
#20716=CARTESIAN_POINT('',(-102.,-75.,115.));
#20717=CARTESIAN_POINT('',(-136.,-75.,115.));
#20718=CARTESIAN_POINT('',(-102.,123.5,115.));
#20719=CARTESIAN_POINT('',(-102.,24.25,115.));
#20720=CARTESIAN_POINT('',(-105.,123.5,115.));
#20721=CARTESIAN_POINT('',(-139.,123.5,115.));
#20722=CARTESIAN_POINT('',(-105.,25.,115.));
#20723=CARTESIAN_POINT('',(-100.,122.,115.));
#20724=CARTESIAN_POINT('',(-100.,25.,115.));
#20725=CARTESIAN_POINT('',(28.7142857142857,122.,115.));
#20726=CARTESIAN_POINT('',(-102.821428571429,122.,115.));
#20727=CARTESIAN_POINT('',(28.7142857142857,25.,115.));
#20728=CARTESIAN_POINT('',(88.9999999999999,122.,115.));
#20729=CARTESIAN_POINT('',(88.9999999999999,25.,115.));
#20730=CARTESIAN_POINT('',(105.,122.,115.));
#20731=CARTESIAN_POINT('',(-36.5,122.,115.));
#20732=CARTESIAN_POINT('',(105.,-75.,115.));
#20733=CARTESIAN_POINT('',(-96.,54.0000000000002,115.));
#20734=CARTESIAN_POINT('',(-96.,51.0000000000001,115.));
#20735=CARTESIAN_POINT('',(-96.,-11.9999999999999,115.));
#20736=CARTESIAN_POINT('',(-21.,51.,115.));
#20737=CARTESIAN_POINT('',(-95.4999999999998,51.0000000000001,115.));
#20738=CARTESIAN_POINT('',(-21.,54.0000000000003,115.));
#20739=CARTESIAN_POINT('',(-21.0000000000005,-10.5000000000004,115.));
#20740=CARTESIAN_POINT('',(-133.,54.0000000000001,115.));
#20741=CARTESIAN_POINT('',(-96.,63.0000000000002,115.));
#20742=CARTESIAN_POINT('',(-96.,60.0000000000001,115.));
#20743=CARTESIAN_POINT('',(-96.,-7.49999999999995,115.));
#20744=CARTESIAN_POINT('',(-21.,60.,115.));
#20745=CARTESIAN_POINT('',(-95.4999999999998,60.0000000000001,115.));
#20746=CARTESIAN_POINT('',(-21.,63.0000000000003,115.));
#20747=CARTESIAN_POINT('',(-21.0000000000005,-6.00000000000041,115.));
#20748=CARTESIAN_POINT('',(-133.,63.0000000000001,115.));
#20749=CARTESIAN_POINT('',(-96.,72.0000000000002,115.));
#20750=CARTESIAN_POINT('',(-96.,69.0000000000001,115.));
#20751=CARTESIAN_POINT('',(-96.,-2.99999999999994,115.));
#20752=CARTESIAN_POINT('',(-21.,69.,115.));
#20753=CARTESIAN_POINT('',(-95.4999999999998,69.0000000000001,115.));
#20754=CARTESIAN_POINT('',(-21.,72.0000000000003,115.));
#20755=CARTESIAN_POINT('',(-21.0000000000005,-1.5000000000004,115.));
#20756=CARTESIAN_POINT('',(-133.,72.0000000000001,115.));
#20757=CARTESIAN_POINT('',(-96.,81.0000000000002,115.));
#20758=CARTESIAN_POINT('',(-96.,78.0000000000001,115.));
#20759=CARTESIAN_POINT('',(-96.,1.50000000000006,115.));
#20760=CARTESIAN_POINT('',(-21.,78.,115.));
#20761=CARTESIAN_POINT('',(-95.4999999999998,78.0000000000001,115.));
#20762=CARTESIAN_POINT('',(-21.,81.0000000000003,115.));
#20763=CARTESIAN_POINT('',(-21.0000000000006,2.9999999999996,115.));
#20764=CARTESIAN_POINT('',(-133.,81.0000000000001,115.));
#20765=CARTESIAN_POINT('',(-96.,90.0000000000002,115.));
#20766=CARTESIAN_POINT('',(-96.,87.0000000000001,115.));
#20767=CARTESIAN_POINT('',(-96.,6.00000000000006,115.));
#20768=CARTESIAN_POINT('',(-21.,87.,115.));
#20769=CARTESIAN_POINT('',(-95.4999999999998,87.0000000000001,115.));
#20770=CARTESIAN_POINT('',(-21.,90.0000000000003,115.));
#20771=CARTESIAN_POINT('',(-21.0000000000006,7.4999999999996,115.));
#20772=CARTESIAN_POINT('',(-133.,90.0000000000001,115.));
#20773=CARTESIAN_POINT('',(-96.,99.0000000000002,115.));
#20774=CARTESIAN_POINT('',(-96.,96.0000000000001,115.));
#20775=CARTESIAN_POINT('',(-96.,10.5000000000001,115.));
#20776=CARTESIAN_POINT('',(-21.,96.,115.));
#20777=CARTESIAN_POINT('',(-95.4999999999998,96.0000000000001,115.));
#20778=CARTESIAN_POINT('',(-21.,99.0000000000003,115.));
#20779=CARTESIAN_POINT('',(-21.0000000000006,11.9999999999996,115.));
#20780=CARTESIAN_POINT('',(-133.,99.0000000000001,115.));
#20781=CARTESIAN_POINT('',(-96.,108.,115.));
#20782=CARTESIAN_POINT('',(-96.,105.,115.));
#20783=CARTESIAN_POINT('',(-96.,15.0000000000001,115.));
#20784=CARTESIAN_POINT('',(-21.,105.,115.));
#20785=CARTESIAN_POINT('',(-95.4999999999998,105.,115.));
#20786=CARTESIAN_POINT('',(-21.,108.,115.));
#20787=CARTESIAN_POINT('',(-21.0000000000007,16.4999999999996,115.));
#20788=CARTESIAN_POINT('',(-133.,108.,115.));
#20789=CARTESIAN_POINT('',(-96.,117.,115.));
#20790=CARTESIAN_POINT('',(-96.,114.,115.));
#20791=CARTESIAN_POINT('',(-96.,19.5000000000001,115.));
#20792=CARTESIAN_POINT('',(-21.,114.,115.));
#20793=CARTESIAN_POINT('',(-95.4999999999998,114.,115.));
#20794=CARTESIAN_POINT('',(-21.,117.,115.));
#20795=CARTESIAN_POINT('',(-21.0000000000007,20.9999999999996,115.));
#20796=CARTESIAN_POINT('',(-133.,117.,115.));
#20797=CARTESIAN_POINT('',(-36.5,-69.,115.));
#20798=CARTESIAN_POINT('',(-36.5,-75.,115.));
#20799=CARTESIAN_POINT('',(-36.5,-75.,115.));
#20800=CARTESIAN_POINT('',(-28.5000000000001,-75.,115.));
#20801=CARTESIAN_POINT('',(-101.25,-75.,115.));
#20802=CARTESIAN_POINT('',(-28.5000000000001,-69.,115.));
#20803=CARTESIAN_POINT('',(-28.5,-75.,115.));
#20804=CARTESIAN_POINT('',(-101.25,-69.,115.));
#20805=CARTESIAN_POINT('Origin',(-32.5,-75.,111.));
#20806=CARTESIAN_POINT('',(-33.95,-69.,111.));
#20807=CARTESIAN_POINT('Origin',(-32.5,-69.,111.));
#20808=CARTESIAN_POINT('',(-33.95,-75.,111.));
#20809=CARTESIAN_POINT('',(-33.95,-75.,111.));
#20810=CARTESIAN_POINT('Origin',(-32.5,-75.,111.));
#20811=CARTESIAN_POINT('Origin',(-28.5000000000001,-75.,115.));
#20812=CARTESIAN_POINT('',(-28.5,-75.,107.));
#20813=CARTESIAN_POINT('',(-28.5000000000001,-75.,115.));
#20814=CARTESIAN_POINT('',(-28.5,-69.,107.));
#20815=CARTESIAN_POINT('',(-28.5,-75.,107.));
#20816=CARTESIAN_POINT('',(-28.5000000000001,-69.,115.));
#20817=CARTESIAN_POINT('Origin',(-36.5,-75.,107.));
#20818=CARTESIAN_POINT('',(-36.5,-75.,107.));
#20819=CARTESIAN_POINT('',(-36.5,-75.,107.));
#20820=CARTESIAN_POINT('',(-36.5,-69.,107.));
#20821=CARTESIAN_POINT('',(-36.5,-69.,107.));
#20822=CARTESIAN_POINT('',(-36.5,-75.,107.));
#20823=CARTESIAN_POINT('Origin',(-28.5,-75.,107.));
#20824=CARTESIAN_POINT('',(-28.5,-75.,107.));
#20825=CARTESIAN_POINT('',(-28.5,-69.,107.));
#20826=CARTESIAN_POINT('Origin',(-32.5,-75.,111.));
#20827=CARTESIAN_POINT('Origin',(-32.5,-69.,111.));
#20828=CARTESIAN_POINT('Origin',(88.9999999999999,125.,115.));
#20829=CARTESIAN_POINT('',(88.9999999999999,122.,107.));
#20830=CARTESIAN_POINT('',(88.9999999999999,125.,107.));
#20831=CARTESIAN_POINT('',(88.9999999999999,122.,115.));
#20832=CARTESIAN_POINT('Origin',(88.9999999999999,125.,107.));
#20833=CARTESIAN_POINT('',(96.9999999999999,122.,107.));
#20834=CARTESIAN_POINT('',(96.9999999999999,125.,107.));
#20835=CARTESIAN_POINT('',(-100.,122.,107.));
#20836=CARTESIAN_POINT('Origin',(96.9999999999999,125.,107.));
#20837=CARTESIAN_POINT('',(96.9999999999999,122.,52.0000000000001));
#20838=CARTESIAN_POINT('',(96.9999999999999,125.,52.0000000000001));
#20839=CARTESIAN_POINT('',(96.9999999999999,122.,107.));
#20840=CARTESIAN_POINT('Origin',(96.9999999999999,125.,52.0000000000001));
#20841=CARTESIAN_POINT('',(105.,122.,52.0000000000001));
#20842=CARTESIAN_POINT('',(105.,25.,52.0000000000001));
#20843=CARTESIAN_POINT('',(96.9999999999999,122.,52.0000000000001));
#20844=CARTESIAN_POINT('Origin',(105.,-75.,115.));
#20845=CARTESIAN_POINT('',(105.,122.,99.25));
#20846=CARTESIAN_POINT('',(105.,-78.,-18.));
#20847=CARTESIAN_POINT('',(105.,-75.,-18.));
#20848=CARTESIAN_POINT('',(105.,-78.,107.));
#20849=CARTESIAN_POINT('Origin',(105.,-75.,-18.));
#20850=CARTESIAN_POINT('',(107.,-78.,-18.));
#20851=CARTESIAN_POINT('',(107.,-75.,-18.));
#20852=CARTESIAN_POINT('',(-170.,-78.,-17.9999999999999));
#20853=CARTESIAN_POINT('Origin',(24.7142857142857,125.,111.));
#20854=CARTESIAN_POINT('',(26.9142857142857,122.,111.));
#20855=CARTESIAN_POINT('Origin',(24.7142857142857,122.,111.));
#20856=CARTESIAN_POINT('',(26.9142857142857,125.,111.));
#20857=CARTESIAN_POINT('Origin',(-13.4285714285714,125.,111.));
#20858=CARTESIAN_POINT('',(-11.2285714285714,122.,111.));
#20859=CARTESIAN_POINT('Origin',(-13.4285714285714,122.,111.));
#20860=CARTESIAN_POINT('',(-11.2285714285714,125.,111.));
#20861=CARTESIAN_POINT('Origin',(-51.5714285714286,125.,111.));
#20862=CARTESIAN_POINT('',(-49.3714285714286,122.,111.));
#20863=CARTESIAN_POINT('Origin',(-51.5714285714286,122.,111.));
#20864=CARTESIAN_POINT('',(-49.3714285714286,125.,111.));
#20865=CARTESIAN_POINT('Origin',(-89.7142857142857,125.,111.));
#20866=CARTESIAN_POINT('',(-87.5142857142857,122.,111.));
#20867=CARTESIAN_POINT('Origin',(-89.7142857142857,122.,111.));
#20868=CARTESIAN_POINT('',(-87.5142857142857,125.,111.));
#20869=CARTESIAN_POINT('Origin',(-100.,125.,115.));
#20870=CARTESIAN_POINT('',(-100.,122.,107.));
#20871=CARTESIAN_POINT('',(-100.,125.,107.));
#20872=CARTESIAN_POINT('',(-100.,122.,107.));
#20873=CARTESIAN_POINT('Origin',(28.7142857142857,125.,107.));
#20874=CARTESIAN_POINT('',(28.7142857142857,122.,107.));
#20875=CARTESIAN_POINT('',(28.7142857142857,122.,115.));
#20876=CARTESIAN_POINT('',(28.7142857142857,125.,107.));
#20877=CARTESIAN_POINT('Origin',(-100.,125.,107.));
#20878=CARTESIAN_POINT('',(-100.,122.,107.));
#20879=CARTESIAN_POINT('Origin',(-35.6428571428572,122.,111.));
#20880=CARTESIAN_POINT('Origin',(101.,125.,57.));
#20881=CARTESIAN_POINT('',(103.2,122.,57.));
#20882=CARTESIAN_POINT('Origin',(101.,122.,57.));
#20883=CARTESIAN_POINT('',(103.2,125.,57.));
#20884=CARTESIAN_POINT('Origin',(101.,125.,111.));
#20885=CARTESIAN_POINT('',(103.2,122.,111.));
#20886=CARTESIAN_POINT('Origin',(101.,122.,111.));
#20887=CARTESIAN_POINT('',(103.2,125.,111.));
#20888=CARTESIAN_POINT('Origin',(101.,125.,84.));
#20889=CARTESIAN_POINT('',(103.2,122.,84.));
#20890=CARTESIAN_POINT('Origin',(101.,122.,84.));
#20891=CARTESIAN_POINT('',(103.2,125.,84.));
#20892=CARTESIAN_POINT('Origin',(96.9999999999999,122.,83.5000000000001));
#20893=CARTESIAN_POINT('Origin',(-21.,54.0000000000003,117.));
#20894=CARTESIAN_POINT('',(-21.,51.,117.));
#20895=CARTESIAN_POINT('',(-21.,54.0000000000003,117.));
#20896=CARTESIAN_POINT('Origin',(-96.,54.0000000000002,117.));
#20897=CARTESIAN_POINT('',(-96.,54.0000000000002,117.));
#20898=CARTESIAN_POINT('Origin',(-96.,51.0000000000001,117.));
#20899=CARTESIAN_POINT('',(-96.,51.0000000000001,117.));
#20900=CARTESIAN_POINT('Origin',(-21.,51.,117.));
#20901=CARTESIAN_POINT('Origin',(-21.,63.0000000000003,117.));
#20902=CARTESIAN_POINT('',(-21.,60.,117.));
#20903=CARTESIAN_POINT('',(-21.,63.0000000000003,117.));
#20904=CARTESIAN_POINT('Origin',(-96.,63.0000000000002,117.));
#20905=CARTESIAN_POINT('',(-96.,63.0000000000002,117.));
#20906=CARTESIAN_POINT('Origin',(-96.,60.0000000000001,117.));
#20907=CARTESIAN_POINT('',(-96.,60.0000000000001,117.));
#20908=CARTESIAN_POINT('Origin',(-21.,60.,117.));
#20909=CARTESIAN_POINT('Origin',(-21.,72.0000000000003,117.));
#20910=CARTESIAN_POINT('',(-21.,69.,117.));
#20911=CARTESIAN_POINT('',(-21.,72.0000000000003,117.));
#20912=CARTESIAN_POINT('Origin',(-96.,72.0000000000002,117.));
#20913=CARTESIAN_POINT('',(-96.,72.0000000000002,117.));
#20914=CARTESIAN_POINT('Origin',(-96.,69.0000000000001,117.));
#20915=CARTESIAN_POINT('',(-96.,69.0000000000001,117.));
#20916=CARTESIAN_POINT('Origin',(-21.,69.,117.));
#20917=CARTESIAN_POINT('Origin',(-21.,81.0000000000003,117.));
#20918=CARTESIAN_POINT('',(-21.,78.,117.));
#20919=CARTESIAN_POINT('',(-21.,81.0000000000003,117.));
#20920=CARTESIAN_POINT('Origin',(-96.,81.0000000000002,117.));
#20921=CARTESIAN_POINT('',(-96.,81.0000000000002,117.));
#20922=CARTESIAN_POINT('Origin',(-96.,78.0000000000001,117.));
#20923=CARTESIAN_POINT('',(-96.,78.0000000000001,117.));
#20924=CARTESIAN_POINT('Origin',(-21.,78.,117.));
#20925=CARTESIAN_POINT('Origin',(-21.,90.0000000000003,117.));
#20926=CARTESIAN_POINT('',(-21.,87.,117.));
#20927=CARTESIAN_POINT('',(-21.,90.0000000000003,117.));
#20928=CARTESIAN_POINT('Origin',(-96.,90.0000000000002,117.));
#20929=CARTESIAN_POINT('',(-96.,90.0000000000002,117.));
#20930=CARTESIAN_POINT('Origin',(-96.,87.0000000000001,117.));
#20931=CARTESIAN_POINT('',(-96.,87.0000000000001,117.));
#20932=CARTESIAN_POINT('Origin',(-21.,87.,117.));
#20933=CARTESIAN_POINT('Origin',(-21.,99.0000000000003,117.));
#20934=CARTESIAN_POINT('',(-21.,96.,117.));
#20935=CARTESIAN_POINT('',(-21.,99.0000000000003,117.));
#20936=CARTESIAN_POINT('Origin',(-96.,99.0000000000002,117.));
#20937=CARTESIAN_POINT('',(-96.,99.0000000000002,117.));
#20938=CARTESIAN_POINT('Origin',(-96.,96.0000000000001,117.));
#20939=CARTESIAN_POINT('',(-96.,96.0000000000001,117.));
#20940=CARTESIAN_POINT('Origin',(-21.,96.,117.));
#20941=CARTESIAN_POINT('Origin',(-21.,108.,117.));
#20942=CARTESIAN_POINT('',(-21.,105.,117.));
#20943=CARTESIAN_POINT('',(-21.,108.,117.));
#20944=CARTESIAN_POINT('Origin',(-96.,108.,117.));
#20945=CARTESIAN_POINT('',(-96.,108.,117.));
#20946=CARTESIAN_POINT('Origin',(-96.,105.,117.));
#20947=CARTESIAN_POINT('',(-96.,105.,117.));
#20948=CARTESIAN_POINT('Origin',(-21.,105.,117.));
#20949=CARTESIAN_POINT('Origin',(-21.,117.,117.));
#20950=CARTESIAN_POINT('',(-21.,114.,117.));
#20951=CARTESIAN_POINT('',(-21.,117.,117.));
#20952=CARTESIAN_POINT('Origin',(-96.,117.,117.));
#20953=CARTESIAN_POINT('',(-96.,117.,117.));
#20954=CARTESIAN_POINT('Origin',(-96.,114.,117.));
#20955=CARTESIAN_POINT('',(-96.,114.,117.));
#20956=CARTESIAN_POINT('Origin',(-21.,114.,117.));
#20957=CARTESIAN_POINT('Origin',(107.,-75.,-18.));
#20958=CARTESIAN_POINT('',(107.,-78.,117.));
#20959=CARTESIAN_POINT('Origin',(-32.5,-78.,49.5));
#20960=CARTESIAN_POINT('',(-105.,-78.,49.5));
#20961=CARTESIAN_POINT('Origin',(-105.,24.25,107.));
#20962=CARTESIAN_POINT('',(-105.,123.5,107.));
#20963=CARTESIAN_POINT('',(-105.,-75.,107.));
#20964=CARTESIAN_POINT('',(-105.,74.625,107.));
#20965=CARTESIAN_POINT('',(-102.,123.5,107.));
#20966=CARTESIAN_POINT('',(-108.,123.5,107.));
#20967=CARTESIAN_POINT('',(-102.,-75.,107.));
#20968=CARTESIAN_POINT('',(-102.,-75.,107.));
#20969=CARTESIAN_POINT('',(-108.,-75.,107.));
#20970=CARTESIAN_POINT('Origin',(-108.,123.5,115.));
#20971=CARTESIAN_POINT('',(-105.,123.5,82.25));
#20972=CARTESIAN_POINT('',(-102.,123.5,115.));
#20973=CARTESIAN_POINT('Origin',(-102.,123.5,115.));
#20974=CARTESIAN_POINT('',(-102.,-75.,115.));
#20975=CARTESIAN_POINT('',(-102.,38.8,111.));
#20976=CARTESIAN_POINT('Origin',(-102.,41.,111.));
#20977=CARTESIAN_POINT('',(-102.,-17.2,111.));
#20978=CARTESIAN_POINT('Origin',(-102.,-15.,111.));
#20979=CARTESIAN_POINT('',(-102.,94.8,111.));
#20980=CARTESIAN_POINT('Origin',(-102.,97.,111.));
#20981=CARTESIAN_POINT('',(-102.,-73.2,111.));
#20982=CARTESIAN_POINT('Origin',(-102.,-71.,111.));
#20983=CARTESIAN_POINT('Origin',(-102.,-75.,115.));
#20984=CARTESIAN_POINT('',(-105.,-75.,82.25));
#20985=CARTESIAN_POINT('Origin',(-102.,-71.,111.));
#20986=CARTESIAN_POINT('',(-105.,-73.2,111.));
#20987=CARTESIAN_POINT('',(-102.,-73.2,111.));
#20988=CARTESIAN_POINT('Origin',(-105.,-71.,111.));
#20989=CARTESIAN_POINT('Origin',(-102.,97.,111.));
#20990=CARTESIAN_POINT('',(-105.,94.8,111.));
#20991=CARTESIAN_POINT('',(-102.,94.8,111.));
#20992=CARTESIAN_POINT('Origin',(-105.,97.,111.));
#20993=CARTESIAN_POINT('Origin',(-102.,-15.,111.));
#20994=CARTESIAN_POINT('',(-105.,-17.2,111.));
#20995=CARTESIAN_POINT('',(-102.,-17.2,111.));
#20996=CARTESIAN_POINT('Origin',(-105.,-15.,111.));
#20997=CARTESIAN_POINT('Origin',(-102.,41.,111.));
#20998=CARTESIAN_POINT('',(-105.,38.8,111.));
#20999=CARTESIAN_POINT('',(-102.,38.8,111.));
#21000=CARTESIAN_POINT('Origin',(-105.,41.,111.));
#21001=CARTESIAN_POINT('Origin',(-105.,125.,49.5));
#21002=CARTESIAN_POINT('Origin',(-170.,-75.,115.));
#21003=CARTESIAN_POINT('',(-172.,-78.,115.));
#21004=CARTESIAN_POINT('',(-170.,-78.,117.));
#21005=CARTESIAN_POINT('Origin',(-170.,-78.,115.));
#21006=CARTESIAN_POINT('',(-170.,51.0000000000001,117.));
#21007=CARTESIAN_POINT('',(-170.,-75.,117.));
#21008=CARTESIAN_POINT('',(-172.,51.0000000000001,115.));
#21009=CARTESIAN_POINT('Origin',(-170.,51.0000000000001,115.));
#21010=CARTESIAN_POINT('',(-172.,-75.,115.));
#21011=CARTESIAN_POINT('Origin',(-32.5,-78.,49.5));
#21012=CARTESIAN_POINT('',(-172.,-78.,-18.));
#21013=CARTESIAN_POINT('',(-172.,-78.,117.));
#21014=CARTESIAN_POINT('',(-170.,-78.,-17.9999999999999));
#21015=CARTESIAN_POINT('',(-170.,-78.,-17.9999999999999));
#21016=CARTESIAN_POINT('',(-170.,-78.,115.));
#21017=CARTESIAN_POINT('',(-170.,-78.,-3.91353616180368E-14));
#21018=CARTESIAN_POINT('',(-105.,-78.,115.));
#21019=CARTESIAN_POINT('',(-170.,-78.,115.));
#21020=CARTESIAN_POINT('',(-105.,-78.,117.));
#21021=CARTESIAN_POINT('',(-105.,-78.,49.5));
#21022=CARTESIAN_POINT('',(-172.,-78.,117.));
#21023=CARTESIAN_POINT('Origin',(-172.,-75.,117.));
#21024=CARTESIAN_POINT('',(-172.,51.0000000000001,47.));
#21025=CARTESIAN_POINT('',(-172.,51.0000000000001,117.));
#21026=CARTESIAN_POINT('',(-172.,54.0000000000001,47.));
#21027=CARTESIAN_POINT('',(-172.,-11.25,47.));
#21028=CARTESIAN_POINT('',(-172.,54.0000000000001,115.));
#21029=CARTESIAN_POINT('',(-172.,54.0000000000001,117.));
#21030=CARTESIAN_POINT('',(-172.,60.0000000000001,115.));
#21031=CARTESIAN_POINT('',(-172.,-75.,115.));
#21032=CARTESIAN_POINT('',(-172.,60.0000000000001,47.));
#21033=CARTESIAN_POINT('',(-172.,60.0000000000001,117.));
#21034=CARTESIAN_POINT('',(-172.,63.0000000000001,47.));
#21035=CARTESIAN_POINT('',(-172.,-6.74999999999995,47.));
#21036=CARTESIAN_POINT('',(-172.,63.0000000000001,115.));
#21037=CARTESIAN_POINT('',(-172.,63.0000000000001,117.));
#21038=CARTESIAN_POINT('',(-172.,69.0000000000001,115.));
#21039=CARTESIAN_POINT('',(-172.,-75.,115.));
#21040=CARTESIAN_POINT('',(-172.,69.0000000000001,47.));
#21041=CARTESIAN_POINT('',(-172.,69.0000000000001,117.));
#21042=CARTESIAN_POINT('',(-172.,72.0000000000001,47.));
#21043=CARTESIAN_POINT('',(-172.,-2.24999999999995,47.));
#21044=CARTESIAN_POINT('',(-172.,72.0000000000001,115.));
#21045=CARTESIAN_POINT('',(-172.,72.0000000000001,117.));
#21046=CARTESIAN_POINT('',(-172.,78.0000000000001,115.));
#21047=CARTESIAN_POINT('',(-172.,-75.,115.));
#21048=CARTESIAN_POINT('',(-172.,78.0000000000001,47.));
#21049=CARTESIAN_POINT('',(-172.,78.0000000000001,117.));
#21050=CARTESIAN_POINT('',(-172.,81.0000000000001,47.));
#21051=CARTESIAN_POINT('',(-172.,2.25000000000005,47.));
#21052=CARTESIAN_POINT('',(-172.,81.0000000000001,115.));
#21053=CARTESIAN_POINT('',(-172.,81.0000000000001,117.));
#21054=CARTESIAN_POINT('',(-172.,87.0000000000001,115.));
#21055=CARTESIAN_POINT('',(-172.,-75.,115.));
#21056=CARTESIAN_POINT('',(-172.,87.0000000000001,47.));
#21057=CARTESIAN_POINT('',(-172.,87.0000000000001,117.));
#21058=CARTESIAN_POINT('',(-172.,90.0000000000001,47.));
#21059=CARTESIAN_POINT('',(-172.,6.75000000000005,47.));
#21060=CARTESIAN_POINT('',(-172.,90.0000000000001,115.));
#21061=CARTESIAN_POINT('',(-172.,90.0000000000001,117.));
#21062=CARTESIAN_POINT('',(-172.,96.0000000000001,115.));
#21063=CARTESIAN_POINT('',(-172.,-75.,115.));
#21064=CARTESIAN_POINT('',(-172.,96.0000000000001,47.));
#21065=CARTESIAN_POINT('',(-172.,96.0000000000001,117.));
#21066=CARTESIAN_POINT('',(-172.,99.0000000000001,47.));
#21067=CARTESIAN_POINT('',(-172.,11.2500000000001,47.));
#21068=CARTESIAN_POINT('',(-172.,99.0000000000001,115.));
#21069=CARTESIAN_POINT('',(-172.,99.0000000000001,117.));
#21070=CARTESIAN_POINT('',(-172.,105.,115.));
#21071=CARTESIAN_POINT('',(-172.,-75.,115.));
#21072=CARTESIAN_POINT('',(-172.,105.,47.));
#21073=CARTESIAN_POINT('',(-172.,105.,117.));
#21074=CARTESIAN_POINT('',(-172.,108.,47.));
#21075=CARTESIAN_POINT('',(-172.,15.75,47.));
#21076=CARTESIAN_POINT('',(-172.,108.,115.));
#21077=CARTESIAN_POINT('',(-172.,108.,117.));
#21078=CARTESIAN_POINT('',(-172.,114.,115.));
#21079=CARTESIAN_POINT('',(-172.,-75.,115.));
#21080=CARTESIAN_POINT('',(-172.,114.,47.));
#21081=CARTESIAN_POINT('',(-172.,114.,117.));
#21082=CARTESIAN_POINT('',(-172.,117.,47.));
#21083=CARTESIAN_POINT('',(-172.,20.25,47.));
#21084=CARTESIAN_POINT('',(-172.,117.,115.));
#21085=CARTESIAN_POINT('',(-172.,117.,117.));
#21086=CARTESIAN_POINT('',(-172.,125.,115.));
#21087=CARTESIAN_POINT('',(-172.,-75.,115.));
#21088=CARTESIAN_POINT('',(-172.,125.,-18.));
#21089=CARTESIAN_POINT('',(-172.,125.,83.25));
#21090=CARTESIAN_POINT('',(-172.,-75.,-18.));
#21091=CARTESIAN_POINT('',(-172.,-46.65,-9.00000000000001));
#21092=CARTESIAN_POINT('Origin',(-172.,-45.,-9.00000000000001));
#21093=CARTESIAN_POINT('',(-172.,93.35,-9.00000000000001));
#21094=CARTESIAN_POINT('Origin',(-172.,95.,-9.00000000000001));
#21095=CARTESIAN_POINT('Origin',(-170.,-75.,115.));
#21096=CARTESIAN_POINT('',(-170.,54.0000000000001,117.));
#21097=CARTESIAN_POINT('Origin',(-170.,54.0000000000001,115.));
#21098=CARTESIAN_POINT('',(-170.,60.0000000000001,117.));
#21099=CARTESIAN_POINT('',(-170.,-75.,117.));
#21100=CARTESIAN_POINT('Origin',(-170.,60.0000000000001,115.));
#21101=CARTESIAN_POINT('Origin',(-114.,60.0000000000001,117.));
#21102=CARTESIAN_POINT('',(-114.,60.0000000000001,117.));
#21103=CARTESIAN_POINT('',(-3.50000000000004,60.0000000000001,117.));
#21104=CARTESIAN_POINT('',(-114.,60.0000000000001,115.));
#21105=CARTESIAN_POINT('',(-114.,60.0000000000001,117.));
#21106=CARTESIAN_POINT('',(-170.,60.0000000000001,115.));
#21107=CARTESIAN_POINT('',(-142.,60.0000000000001,115.));
#21108=CARTESIAN_POINT('',(-170.,60.0000000000001,47.));
#21109=CARTESIAN_POINT('',(-170.,60.0000000000001,49.5));
#21110=CARTESIAN_POINT('',(-114.,60.0000000000001,47.));
#21111=CARTESIAN_POINT('Origin',(107.,-75.,117.));
#21112=CARTESIAN_POINT('',(-105.,125.,117.));
#21113=CARTESIAN_POINT('',(-105.,25.,117.));
#21114=CARTESIAN_POINT('',(-170.,125.,117.));
#21115=CARTESIAN_POINT('',(37.25,125.,117.));
#21116=CARTESIAN_POINT('',(-170.,117.,117.));
#21117=CARTESIAN_POINT('',(-170.,-75.,117.));
#21118=CARTESIAN_POINT('',(-114.,117.,117.));
#21119=CARTESIAN_POINT('',(-37.4980288201291,117.,117.));
#21120=CARTESIAN_POINT('',(-114.,114.,117.));
#21121=CARTESIAN_POINT('',(-114.,21.,117.));
#21122=CARTESIAN_POINT('',(-170.,114.,117.));
#21123=CARTESIAN_POINT('',(-3.50000000000004,114.,117.));
#21124=CARTESIAN_POINT('',(-170.,108.,117.));
#21125=CARTESIAN_POINT('',(-170.,-75.,117.));
#21126=CARTESIAN_POINT('',(-114.,108.,117.));
#21127=CARTESIAN_POINT('',(-37.4980288201291,108.,117.));
#21128=CARTESIAN_POINT('',(-114.,105.,117.));
#21129=CARTESIAN_POINT('',(-114.,16.5,117.));
#21130=CARTESIAN_POINT('',(-170.,105.,117.));
#21131=CARTESIAN_POINT('',(-3.50000000000004,105.,117.));
#21132=CARTESIAN_POINT('',(-170.,99.0000000000001,117.));
#21133=CARTESIAN_POINT('',(-170.,-75.,117.));
#21134=CARTESIAN_POINT('',(-114.,99.0000000000001,117.));
#21135=CARTESIAN_POINT('',(-37.4980288201291,99.0000000000001,117.));
#21136=CARTESIAN_POINT('',(-114.,96.0000000000001,117.));
#21137=CARTESIAN_POINT('',(-114.,12.,117.));
#21138=CARTESIAN_POINT('',(-170.,96.0000000000001,117.));
#21139=CARTESIAN_POINT('',(-3.50000000000004,96.0000000000001,117.));
#21140=CARTESIAN_POINT('',(-170.,90.0000000000001,117.));
#21141=CARTESIAN_POINT('',(-170.,-75.,117.));
#21142=CARTESIAN_POINT('',(-114.,90.0000000000001,117.));
#21143=CARTESIAN_POINT('',(-37.4980288201291,90.0000000000001,117.));
#21144=CARTESIAN_POINT('',(-114.,87.0000000000001,117.));
#21145=CARTESIAN_POINT('',(-114.,7.50000000000004,117.));
#21146=CARTESIAN_POINT('',(-170.,87.0000000000001,117.));
#21147=CARTESIAN_POINT('',(-3.50000000000004,87.0000000000001,117.));
#21148=CARTESIAN_POINT('',(-170.,81.0000000000001,117.));
#21149=CARTESIAN_POINT('',(-170.,-75.,117.));
#21150=CARTESIAN_POINT('',(-114.,81.0000000000001,117.));
#21151=CARTESIAN_POINT('',(-37.4980288201291,81.0000000000001,117.));
#21152=CARTESIAN_POINT('',(-114.,78.0000000000001,117.));
#21153=CARTESIAN_POINT('',(-114.,3.00000000000004,117.));
#21154=CARTESIAN_POINT('',(-170.,78.0000000000001,117.));
#21155=CARTESIAN_POINT('',(-3.50000000000004,78.0000000000001,117.));
#21156=CARTESIAN_POINT('',(-170.,72.0000000000001,117.));
#21157=CARTESIAN_POINT('',(-170.,-75.,117.));
#21158=CARTESIAN_POINT('',(-114.,72.0000000000001,117.));
#21159=CARTESIAN_POINT('',(-37.4980288201291,72.,117.));
#21160=CARTESIAN_POINT('',(-114.,69.0000000000001,117.));
#21161=CARTESIAN_POINT('',(-114.,-1.49999999999996,117.));
#21162=CARTESIAN_POINT('',(-170.,69.0000000000001,117.));
#21163=CARTESIAN_POINT('',(-3.50000000000004,69.0000000000001,117.));
#21164=CARTESIAN_POINT('',(-170.,63.0000000000001,117.));
#21165=CARTESIAN_POINT('',(-170.,-75.,117.));
#21166=CARTESIAN_POINT('',(-114.,63.0000000000001,117.));
#21167=CARTESIAN_POINT('',(-37.4980288201291,63.,117.));
#21168=CARTESIAN_POINT('',(-114.,-5.99999999999996,117.));
#21169=CARTESIAN_POINT('',(-114.,54.0000000000001,117.));
#21170=CARTESIAN_POINT('',(-37.4980288201291,54.,117.));
#21171=CARTESIAN_POINT('',(-114.,51.0000000000001,117.));
#21172=CARTESIAN_POINT('',(-114.,-10.5,117.));
#21173=CARTESIAN_POINT('',(-3.50000000000004,51.0000000000001,117.));
#21174=CARTESIAN_POINT('Origin',(-170.,-75.,115.));
#21175=CARTESIAN_POINT('Origin',(-170.,63.0000000000001,115.));
#21176=CARTESIAN_POINT('Origin',(-170.,69.0000000000001,115.));
#21177=CARTESIAN_POINT('Origin',(-181.996057640258,63.0000000000001,117.));
#21178=CARTESIAN_POINT('',(-170.,63.0000000000001,47.));
#21179=CARTESIAN_POINT('',(-181.996057640258,63.0000000000001,47.));
#21180=CARTESIAN_POINT('',(-170.,63.0000000000001,115.));
#21181=CARTESIAN_POINT('',(-170.,63.0000000000001,49.5));
#21182=CARTESIAN_POINT('',(-114.,63.0000000000001,115.));
#21183=CARTESIAN_POINT('',(-175.998028820129,63.0000000000001,115.));
#21184=CARTESIAN_POINT('',(-114.,63.0000000000001,117.));
#21185=CARTESIAN_POINT('Origin',(-170.,-75.,115.));
#21186=CARTESIAN_POINT('Origin',(-170.,81.0000000000001,115.));
#21187=CARTESIAN_POINT('Origin',(-170.,87.0000000000001,115.));
#21188=CARTESIAN_POINT('Origin',(-114.,87.0000000000001,117.));
#21189=CARTESIAN_POINT('',(-114.,87.0000000000001,115.));
#21190=CARTESIAN_POINT('',(-114.,87.0000000000001,117.));
#21191=CARTESIAN_POINT('',(-170.,87.0000000000001,115.));
#21192=CARTESIAN_POINT('',(-142.,87.0000000000001,115.));
#21193=CARTESIAN_POINT('',(-170.,87.0000000000001,47.));
#21194=CARTESIAN_POINT('',(-170.,87.0000000000001,49.5));
#21195=CARTESIAN_POINT('',(-114.,87.0000000000001,47.));
#21196=CARTESIAN_POINT('Origin',(-170.,-75.,115.));
#21197=CARTESIAN_POINT('Origin',(-170.,108.,115.));
#21198=CARTESIAN_POINT('Origin',(-170.,114.,115.));
#21199=CARTESIAN_POINT('Origin',(-181.996057640258,108.,117.));
#21200=CARTESIAN_POINT('',(-170.,108.,47.));
#21201=CARTESIAN_POINT('',(-181.996057640258,108.,47.));
#21202=CARTESIAN_POINT('',(-170.,108.,115.));
#21203=CARTESIAN_POINT('',(-170.,108.,49.5));
#21204=CARTESIAN_POINT('',(-114.,108.,115.));
#21205=CARTESIAN_POINT('',(-175.998028820129,108.,115.));
#21206=CARTESIAN_POINT('',(-114.,108.,117.));
#21207=CARTESIAN_POINT('Origin',(-170.,-75.,115.));
#21208=CARTESIAN_POINT('Origin',(-170.,90.0000000000001,115.));
#21209=CARTESIAN_POINT('Origin',(-170.,96.0000000000001,115.));
#21210=CARTESIAN_POINT('Origin',(-114.,96.0000000000001,117.));
#21211=CARTESIAN_POINT('',(-114.,96.0000000000001,115.));
#21212=CARTESIAN_POINT('',(-114.,96.0000000000001,117.));
#21213=CARTESIAN_POINT('',(-170.,96.0000000000001,115.));
#21214=CARTESIAN_POINT('',(-142.,96.0000000000001,115.));
#21215=CARTESIAN_POINT('',(-170.,96.0000000000001,47.));
#21216=CARTESIAN_POINT('',(-170.,96.0000000000001,49.5));
#21217=CARTESIAN_POINT('',(-114.,96.0000000000001,47.));
#21218=CARTESIAN_POINT('Origin',(-170.,-75.,115.));
#21219=CARTESIAN_POINT('Origin',(-170.,99.0000000000001,115.));
#21220=CARTESIAN_POINT('Origin',(-170.,105.,115.));
#21221=CARTESIAN_POINT('Origin',(-181.996057640258,99.0000000000001,117.));
#21222=CARTESIAN_POINT('',(-170.,99.0000000000001,47.));
#21223=CARTESIAN_POINT('',(-181.996057640258,99.0000000000001,47.));
#21224=CARTESIAN_POINT('',(-170.,99.0000000000001,115.));
#21225=CARTESIAN_POINT('',(-170.,99.0000000000001,49.5));
#21226=CARTESIAN_POINT('',(-114.,99.0000000000001,115.));
#21227=CARTESIAN_POINT('',(-175.998028820129,99.0000000000001,115.));
#21228=CARTESIAN_POINT('',(-114.,99.0000000000001,117.));
#21229=CARTESIAN_POINT('Origin',(-170.,-75.,115.));
#21230=CARTESIAN_POINT('Origin',(-170.,72.0000000000001,115.));
#21231=CARTESIAN_POINT('Origin',(-170.,78.0000000000001,115.));
#21232=CARTESIAN_POINT('Origin',(-114.,78.0000000000001,117.));
#21233=CARTESIAN_POINT('',(-114.,78.0000000000001,115.));
#21234=CARTESIAN_POINT('',(-114.,78.0000000000001,117.));
#21235=CARTESIAN_POINT('',(-170.,78.0000000000001,115.));
#21236=CARTESIAN_POINT('',(-142.,78.0000000000001,115.));
#21237=CARTESIAN_POINT('',(-170.,78.0000000000001,47.));
#21238=CARTESIAN_POINT('',(-170.,78.0000000000001,49.5));
#21239=CARTESIAN_POINT('',(-114.,78.0000000000001,47.));
#21240=CARTESIAN_POINT('Origin',(-170.,-75.,115.));
#21241=CARTESIAN_POINT('Origin',(-170.,125.,115.));
#21242=CARTESIAN_POINT('Origin',(-170.,117.,115.));
#21243=CARTESIAN_POINT('Origin',(-32.5,125.,49.5));
#21244=CARTESIAN_POINT('',(-105.,125.,115.));
#21245=CARTESIAN_POINT('',(-105.,125.,49.5));
#21246=CARTESIAN_POINT('',(-110.,125.,115.));
#21247=CARTESIAN_POINT('',(-101.25,125.,115.));
#21248=CARTESIAN_POINT('',(-110.,125.,107.));
#21249=CARTESIAN_POINT('',(-110.,125.,78.25));
#21250=CARTESIAN_POINT('',(-162.,125.,107.));
#21251=CARTESIAN_POINT('',(-97.25,125.,107.));
#21252=CARTESIAN_POINT('',(-162.,125.,52.0000000000001));
#21253=CARTESIAN_POINT('',(-162.,125.,50.75));
#21254=CARTESIAN_POINT('',(-170.,125.,52.0000000000001));
#21255=CARTESIAN_POINT('',(-101.25,125.,52.0000000000001));
#21256=CARTESIAN_POINT('',(-170.,125.,-17.9999999999999));
#21257=CARTESIAN_POINT('',(-170.,125.,15.75));
#21258=CARTESIAN_POINT('',(-102.249999999999,125.,-17.9999999999977));
#21259=CARTESIAN_POINT('',(-163.8,125.,111.));
#21260=CARTESIAN_POINT('Origin',(-166.,125.,111.));
#21261=CARTESIAN_POINT('Origin',(107.,95.,-9.00000000000001));
#21262=CARTESIAN_POINT('',(-170.,93.35,-9.00000000000001));
#21263=CARTESIAN_POINT('Origin',(-170.,95.,-9.00000000000001));
#21264=CARTESIAN_POINT('',(107.,93.35,-9.00000000000001));
#21265=CARTESIAN_POINT('Origin',(107.,-45.,-9.00000000000001));
#21266=CARTESIAN_POINT('',(-170.,-46.65,-9.00000000000001));
#21267=CARTESIAN_POINT('Origin',(-170.,-45.,-9.00000000000001));
#21268=CARTESIAN_POINT('',(107.,-46.65,-9.00000000000001));
#21269=CARTESIAN_POINT('Origin',(-166.,-75.,53.5000000000735));
#21270=CARTESIAN_POINT('',(-167.45,-69.,53.5000000000735));
#21271=CARTESIAN_POINT('Origin',(-166.,-69.,53.5000000000735));
#21272=CARTESIAN_POINT('',(-167.45,-75.,53.5000000000735));
#21273=CARTESIAN_POINT('',(-167.45,-75.,53.5000000000735));
#21274=CARTESIAN_POINT('Origin',(-166.,-75.,53.5000000000735));
#21275=CARTESIAN_POINT('Origin',(-170.,-75.,65.5000000000721));
#21276=CARTESIAN_POINT('',(-162.,-75.,57.500000000075));
#21277=CARTESIAN_POINT('',(-170.,-75.,65.5000000000721));
#21278=CARTESIAN_POINT('',(-162.,-75.,57.500000000075));
#21279=CARTESIAN_POINT('',(-162.,-69.,57.500000000075));
#21280=CARTESIAN_POINT('',(-162.,-75.,57.500000000075));
#21281=CARTESIAN_POINT('',(-170.,-69.,65.5000000000721));
#21282=CARTESIAN_POINT('',(-162.,-69.,57.500000000075));
#21283=CARTESIAN_POINT('',(-170.,-75.,65.5000000000722));
#21284=CARTESIAN_POINT('Origin',(-162.,-75.,49.500000000075));
#21285=CARTESIAN_POINT('',(-162.,-75.,49.500000000075));
#21286=CARTESIAN_POINT('',(-170.,-75.,49.5000000000721));
#21287=CARTESIAN_POINT('',(-162.,-75.,49.500000000075));
#21288=CARTESIAN_POINT('',(-170.,-69.,49.5000000000721));
#21289=CARTESIAN_POINT('',(-170.,-75.,49.5000000000721));
#21290=CARTESIAN_POINT('',(-162.,-69.,49.500000000075));
#21291=CARTESIAN_POINT('',(-162.,-69.,49.500000000075));
#21292=CARTESIAN_POINT('',(-162.,-75.,49.500000000075));
#21293=CARTESIAN_POINT('Origin',(-162.,-75.,57.500000000075));
#21294=CARTESIAN_POINT('',(-162.,-75.,57.500000000075));
#21295=CARTESIAN_POINT('',(-162.,-69.,57.500000000075));
#21296=CARTESIAN_POINT('Origin',(-166.,-75.,57.5000000000721));
#21297=CARTESIAN_POINT('',(-170.,-75.,19.7500000000361));
#21298=CARTESIAN_POINT('Origin',(-166.,-69.,57.5000000000721));
#21299=CARTESIAN_POINT('',(-170.,-69.,19.7500000000361));
#21300=CARTESIAN_POINT('Origin',(-166.,-75.,111.));
#21301=CARTESIAN_POINT('',(-167.45,-69.,111.));
#21302=CARTESIAN_POINT('Origin',(-166.,-69.,111.));
#21303=CARTESIAN_POINT('',(-167.45,-75.,111.));
#21304=CARTESIAN_POINT('',(-167.45,-75.,111.));
#21305=CARTESIAN_POINT('Origin',(-166.,-75.,111.));
#21306=CARTESIAN_POINT('Origin',(-162.,-75.,115.));
#21307=CARTESIAN_POINT('',(-162.,-75.,115.));
#21308=CARTESIAN_POINT('',(-162.,-75.,107.));
#21309=CARTESIAN_POINT('',(-162.,-75.,115.));
#21310=CARTESIAN_POINT('',(-162.,-69.,107.));
#21311=CARTESIAN_POINT('',(-162.,-75.,107.));
#21312=CARTESIAN_POINT('',(-162.,-69.,115.));
#21313=CARTESIAN_POINT('',(-162.,-69.,115.));
#21314=CARTESIAN_POINT('',(-162.,-75.,115.));
#21315=CARTESIAN_POINT('Origin',(-162.,-75.,107.));
#21316=CARTESIAN_POINT('',(-170.,-75.,107.));
#21317=CARTESIAN_POINT('',(-162.,-75.,107.));
#21318=CARTESIAN_POINT('',(-170.,-69.,107.));
#21319=CARTESIAN_POINT('',(-170.,-75.,107.));
#21320=CARTESIAN_POINT('',(-162.,-69.,107.));
#21321=CARTESIAN_POINT('Origin',(-166.,-75.,111.));
#21322=CARTESIAN_POINT('',(-170.,-75.,115.));
#21323=CARTESIAN_POINT('',(-168.,-75.,115.));
#21324=CARTESIAN_POINT('',(-170.,-75.,46.5));
#21325=CARTESIAN_POINT('Origin',(-166.,-69.,111.));
#21326=CARTESIAN_POINT('',(-170.,-69.,115.));
#21327=CARTESIAN_POINT('',(-170.,-69.,46.5));
#21328=CARTESIAN_POINT('',(-168.,-69.,115.));
#21329=CARTESIAN_POINT('Origin',(-170.,-75.,115.));
#21330=CARTESIAN_POINT('',(-170.,51.0000000000001,115.));
#21331=CARTESIAN_POINT('',(-170.,-75.,115.));
#21332=CARTESIAN_POINT('',(-114.,51.0000000000001,115.));
#21333=CARTESIAN_POINT('',(-142.,51.0000000000001,115.));
#21334=CARTESIAN_POINT('',(-114.,54.0000000000001,115.));
#21335=CARTESIAN_POINT('',(-114.,-10.5,115.));
#21336=CARTESIAN_POINT('',(-170.,54.0000000000001,115.));
#21337=CARTESIAN_POINT('',(-175.998028820129,54.0000000000001,115.));
#21338=CARTESIAN_POINT('',(-170.,-75.,115.));
#21339=CARTESIAN_POINT('',(-114.,-5.99999999999996,115.));
#21340=CARTESIAN_POINT('',(-170.,69.0000000000001,115.));
#21341=CARTESIAN_POINT('',(-170.,-75.,115.));
#21342=CARTESIAN_POINT('',(-114.,69.0000000000001,115.));
#21343=CARTESIAN_POINT('',(-142.,69.0000000000001,115.));
#21344=CARTESIAN_POINT('',(-114.,72.0000000000001,115.));
#21345=CARTESIAN_POINT('',(-114.,-1.49999999999996,115.));
#21346=CARTESIAN_POINT('',(-170.,72.0000000000001,115.));
#21347=CARTESIAN_POINT('',(-175.998028820129,72.0000000000001,115.));
#21348=CARTESIAN_POINT('',(-170.,-75.,115.));
#21349=CARTESIAN_POINT('',(-114.,81.0000000000001,115.));
#21350=CARTESIAN_POINT('',(-114.,3.00000000000004,115.));
#21351=CARTESIAN_POINT('',(-170.,81.0000000000001,115.));
#21352=CARTESIAN_POINT('',(-175.998028820129,81.0000000000001,115.));
#21353=CARTESIAN_POINT('',(-170.,-75.,115.));
#21354=CARTESIAN_POINT('',(-114.,90.0000000000001,115.));
#21355=CARTESIAN_POINT('',(-114.,7.50000000000004,115.));
#21356=CARTESIAN_POINT('',(-170.,90.0000000000001,115.));
#21357=CARTESIAN_POINT('',(-175.998028820129,90.0000000000001,115.));
#21358=CARTESIAN_POINT('',(-170.,-75.,115.));
#21359=CARTESIAN_POINT('',(-114.,12.,115.));
#21360=CARTESIAN_POINT('',(-170.,105.,115.));
#21361=CARTESIAN_POINT('',(-170.,-75.,115.));
#21362=CARTESIAN_POINT('',(-114.,105.,115.));
#21363=CARTESIAN_POINT('',(-142.,105.,115.));
#21364=CARTESIAN_POINT('',(-114.,16.5,115.));
#21365=CARTESIAN_POINT('',(-170.,114.,115.));
#21366=CARTESIAN_POINT('',(-170.,-75.,115.));
#21367=CARTESIAN_POINT('',(-114.,114.,115.));
#21368=CARTESIAN_POINT('',(-142.,114.,115.));
#21369=CARTESIAN_POINT('',(-114.,117.,115.));
#21370=CARTESIAN_POINT('',(-114.,21.,115.));
#21371=CARTESIAN_POINT('',(-170.,117.,115.));
#21372=CARTESIAN_POINT('',(-175.998028820129,117.,115.));
#21373=CARTESIAN_POINT('',(-170.,122.,115.));
#21374=CARTESIAN_POINT('',(-170.,-75.,115.));
#21375=CARTESIAN_POINT('',(-110.,122.,115.));
#21376=CARTESIAN_POINT('',(-155.,122.,115.));
#21377=CARTESIAN_POINT('',(-110.,25.,115.));
#21378=CARTESIAN_POINT('',(-105.,123.5,115.));
#21379=CARTESIAN_POINT('',(-105.,25.,115.));
#21380=CARTESIAN_POINT('',(-108.,123.5,115.));
#21381=CARTESIAN_POINT('',(-139.,123.5,115.));
#21382=CARTESIAN_POINT('',(-108.,-75.,115.));
#21383=CARTESIAN_POINT('',(-108.,-75.,115.));
#21384=CARTESIAN_POINT('',(-105.,-75.,115.));
#21385=CARTESIAN_POINT('',(-136.,-75.,115.));
#21386=CARTESIAN_POINT('',(-105.,25.,115.));
#21387=CARTESIAN_POINT('',(-170.,-75.,115.));
#21388=CARTESIAN_POINT('Origin',(-162.,125.,52.0000000000001));
#21389=CARTESIAN_POINT('',(-162.,122.,107.));
#21390=CARTESIAN_POINT('',(-162.,125.,107.));
#21391=CARTESIAN_POINT('',(-162.,122.,52.0000000000001));
#21392=CARTESIAN_POINT('',(-162.,122.,107.));
#21393=CARTESIAN_POINT('',(-162.,125.,52.0000000000001));
#21394=CARTESIAN_POINT('Origin',(-162.,125.,107.));
#21395=CARTESIAN_POINT('',(-110.,122.,107.));
#21396=CARTESIAN_POINT('',(-110.,125.,107.));
#21397=CARTESIAN_POINT('',(-110.,122.,107.));
#21398=CARTESIAN_POINT('Origin',(-110.,125.,107.));
#21399=CARTESIAN_POINT('',(-110.,122.,107.));
#21400=CARTESIAN_POINT('Origin',(-105.,125.,49.5));
#21401=CARTESIAN_POINT('',(-105.,-75.,107.));
#21402=CARTESIAN_POINT('',(-105.,-75.,82.25));
#21403=CARTESIAN_POINT('',(-105.,123.5,107.));
#21404=CARTESIAN_POINT('',(-105.,74.625,107.));
#21405=CARTESIAN_POINT('',(-105.,123.5,82.25));
#21406=CARTESIAN_POINT('',(-105.,38.8,111.));
#21407=CARTESIAN_POINT('Origin',(-105.,41.,111.));
#21408=CARTESIAN_POINT('',(-105.,-17.2,111.));
#21409=CARTESIAN_POINT('Origin',(-105.,-15.,111.));
#21410=CARTESIAN_POINT('',(-105.,94.8,111.));
#21411=CARTESIAN_POINT('Origin',(-105.,97.,111.));
#21412=CARTESIAN_POINT('',(-105.,-73.2,111.));
#21413=CARTESIAN_POINT('Origin',(-105.,-71.,111.));
#21414=CARTESIAN_POINT('Origin',(-166.,125.,111.));
#21415=CARTESIAN_POINT('',(-163.8,122.,111.));
#21416=CARTESIAN_POINT('Origin',(-166.,122.,111.));
#21417=CARTESIAN_POINT('',(-163.8,125.,111.));
#21418=CARTESIAN_POINT('Origin',(-170.,125.,52.0000000000001));
#21419=CARTESIAN_POINT('',(-170.,122.,52.0000000000001));
#21420=CARTESIAN_POINT('',(-162.,122.,52.0000000000001));
#21421=CARTESIAN_POINT('',(-170.,25.,52.0000000000001));
#21422=CARTESIAN_POINT('Origin',(-140.,122.,83.5000000000001));
#21423=CARTESIAN_POINT('',(-170.,122.,32.7500000000001));
#21424=CARTESIAN_POINT('Origin',(-181.996057640258,54.0000000000001,117.));
#21425=CARTESIAN_POINT('',(-170.,54.0000000000001,47.));
#21426=CARTESIAN_POINT('',(-181.996057640258,54.0000000000001,47.));
#21427=CARTESIAN_POINT('',(-170.,54.0000000000001,49.5));
#21428=CARTESIAN_POINT('',(-114.,54.0000000000001,117.));
#21429=CARTESIAN_POINT('Origin',(-114.,51.0000000000001,117.));
#21430=CARTESIAN_POINT('',(-114.,51.0000000000001,117.));
#21431=CARTESIAN_POINT('',(-170.,51.0000000000001,47.));
#21432=CARTESIAN_POINT('',(-170.,51.0000000000001,49.5));
#21433=CARTESIAN_POINT('',(-114.,51.0000000000001,47.));
#21434=CARTESIAN_POINT('Origin',(-114.,54.0000000000001,117.));
#21435=CARTESIAN_POINT('Origin',(-147.998028820129,52.5000000000001,47.));
#21436=CARTESIAN_POINT('',(-170.,-11.25,47.));
#21437=CARTESIAN_POINT('Origin',(-170.,-75.,-17.9999999999999));
#21438=CARTESIAN_POINT('',(-170.,-75.,-17.9999999999999));
#21439=CARTESIAN_POINT('',(-170.,117.,47.));
#21440=CARTESIAN_POINT('',(-170.,117.,49.5));
#21441=CARTESIAN_POINT('',(-170.,114.,47.));
#21442=CARTESIAN_POINT('',(-170.,20.25,47.));
#21443=CARTESIAN_POINT('',(-170.,114.,49.5));
#21444=CARTESIAN_POINT('',(-170.,105.,47.));
#21445=CARTESIAN_POINT('',(-170.,15.75,47.));
#21446=CARTESIAN_POINT('',(-170.,105.,49.5));
#21447=CARTESIAN_POINT('',(-170.,11.2500000000001,47.));
#21448=CARTESIAN_POINT('',(-170.,90.0000000000001,47.));
#21449=CARTESIAN_POINT('',(-170.,90.0000000000001,49.5));
#21450=CARTESIAN_POINT('',(-170.,6.75000000000005,47.));
#21451=CARTESIAN_POINT('',(-170.,81.0000000000001,47.));
#21452=CARTESIAN_POINT('',(-170.,81.0000000000001,49.5));
#21453=CARTESIAN_POINT('',(-170.,2.25000000000005,47.));
#21454=CARTESIAN_POINT('',(-170.,72.0000000000001,47.));
#21455=CARTESIAN_POINT('',(-170.,72.0000000000001,49.5));
#21456=CARTESIAN_POINT('',(-170.,69.0000000000001,47.));
#21457=CARTESIAN_POINT('',(-170.,-2.24999999999995,47.));
#21458=CARTESIAN_POINT('',(-170.,69.0000000000001,49.5));
#21459=CARTESIAN_POINT('',(-170.,-6.74999999999995,47.));
#21460=CARTESIAN_POINT('Origin',(-114.,63.0000000000001,117.));
#21461=CARTESIAN_POINT('Origin',(-147.998028820129,61.5000000000001,47.));
#21462=CARTESIAN_POINT('Origin',(-181.996057640258,72.0000000000001,117.));
#21463=CARTESIAN_POINT('',(-181.996057640258,72.0000000000001,47.));
#21464=CARTESIAN_POINT('',(-114.,72.0000000000001,117.));
#21465=CARTESIAN_POINT('Origin',(-114.,69.0000000000001,117.));
#21466=CARTESIAN_POINT('',(-114.,69.0000000000001,117.));
#21467=CARTESIAN_POINT('',(-114.,69.0000000000001,47.));
#21468=CARTESIAN_POINT('Origin',(-114.,72.0000000000001,117.));
#21469=CARTESIAN_POINT('Origin',(-147.998028820129,70.5000000000001,47.));
#21470=CARTESIAN_POINT('Origin',(-181.996057640258,81.0000000000001,117.));
#21471=CARTESIAN_POINT('',(-181.996057640258,81.0000000000001,47.));
#21472=CARTESIAN_POINT('',(-114.,81.0000000000001,117.));
#21473=CARTESIAN_POINT('Origin',(-114.,81.0000000000001,117.));
#21474=CARTESIAN_POINT('Origin',(-147.998028820129,79.5000000000001,47.));
#21475=CARTESIAN_POINT('Origin',(-181.996057640258,90.0000000000001,117.));
#21476=CARTESIAN_POINT('',(-181.996057640258,90.0000000000001,47.));
#21477=CARTESIAN_POINT('',(-114.,90.0000000000001,117.));
#21478=CARTESIAN_POINT('Origin',(-114.,90.0000000000001,117.));
#21479=CARTESIAN_POINT('Origin',(-147.998028820129,88.5000000000001,47.));
#21480=CARTESIAN_POINT('Origin',(-114.,99.0000000000001,117.));
#21481=CARTESIAN_POINT('Origin',(-147.998028820129,97.5000000000001,47.));
#21482=CARTESIAN_POINT('Origin',(-114.,105.,117.));
#21483=CARTESIAN_POINT('',(-114.,105.,117.));
#21484=CARTESIAN_POINT('',(-114.,105.,47.));
#21485=CARTESIAN_POINT('Origin',(-114.,108.,117.));
#21486=CARTESIAN_POINT('Origin',(-147.998028820129,106.5,47.));
#21487=CARTESIAN_POINT('Origin',(-181.996057640258,117.,117.));
#21488=CARTESIAN_POINT('',(-181.996057640258,117.,47.));
#21489=CARTESIAN_POINT('',(-114.,117.,117.));
#21490=CARTESIAN_POINT('Origin',(-114.,114.,117.));
#21491=CARTESIAN_POINT('',(-114.,114.,117.));
#21492=CARTESIAN_POINT('',(-114.,114.,47.));
#21493=CARTESIAN_POINT('Origin',(-114.,117.,117.));
#21494=CARTESIAN_POINT('Origin',(-147.998028820129,115.5,47.));
#21495=CARTESIAN_POINT('Origin',(-108.,123.5,115.));
#21496=CARTESIAN_POINT('',(-108.,123.5,107.));
#21497=CARTESIAN_POINT('',(-108.,123.5,107.));
#21498=CARTESIAN_POINT('',(-108.,123.5,115.));
#21499=CARTESIAN_POINT('Origin',(-105.,24.25,107.));
#21500=CARTESIAN_POINT('',(-108.,-75.,107.));
#21501=CARTESIAN_POINT('',(-108.,-75.,107.));
#21502=CARTESIAN_POINT('',(-108.,325.,107.));
#21503=CARTESIAN_POINT('Origin',(-102.,-75.,115.));
#21504=CARTESIAN_POINT('',(-108.,-75.,115.));
#21505=CARTESIAN_POINT('Origin',(-102.,41.,111.));
#21506=CARTESIAN_POINT('',(-108.,38.8,111.));
#21507=CARTESIAN_POINT('',(-102.,38.8,111.));
#21508=CARTESIAN_POINT('Origin',(-108.,41.,111.));
#21509=CARTESIAN_POINT('Origin',(-102.,-15.,111.));
#21510=CARTESIAN_POINT('',(-108.,-17.2,111.));
#21511=CARTESIAN_POINT('',(-102.,-17.2,111.));
#21512=CARTESIAN_POINT('Origin',(-108.,-15.,111.));
#21513=CARTESIAN_POINT('Origin',(-102.,97.,111.));
#21514=CARTESIAN_POINT('',(-108.,94.8,111.));
#21515=CARTESIAN_POINT('',(-102.,94.8,111.));
#21516=CARTESIAN_POINT('Origin',(-108.,97.,111.));
#21517=CARTESIAN_POINT('Origin',(-102.,-71.,111.));
#21518=CARTESIAN_POINT('',(-108.,-73.2,111.));
#21519=CARTESIAN_POINT('',(-102.,-73.2,111.));
#21520=CARTESIAN_POINT('Origin',(-108.,-71.,111.));
#21521=CARTESIAN_POINT('Origin',(-108.,-75.,115.));
#21522=CARTESIAN_POINT('Origin',(-172.,-75.,-18.));
#21523=CARTESIAN_POINT('Origin',(0.,-75.,48.));
#21524=CARTESIAN_POINT('',(-15.3704261489394,-75.,50.));
#21525=CARTESIAN_POINT('',(-15.3704261489394,-76.8,50.));
#21526=CARTESIAN_POINT('',(-15.3704261489394,-75.,50.));
#21527=CARTESIAN_POINT('',(15.3704261489394,-75.,50.));
#21528=CARTESIAN_POINT('Origin',(0.,-75.,48.));
#21529=CARTESIAN_POINT('',(15.3704261489394,-76.8,50.));
#21530=CARTESIAN_POINT('',(15.3704261489394,-75.,50.));
#21531=CARTESIAN_POINT('Origin',(0.,-76.8,48.));
#21532=CARTESIAN_POINT('Origin',(20.5,-76.8,115.));
#21533=CARTESIAN_POINT('',(20.5,-76.8,50.));
#21534=CARTESIAN_POINT('',(-20.3704261489395,-76.8,50.));
#21535=CARTESIAN_POINT('',(20.5,-76.8,114.8));
#21536=CARTESIAN_POINT('',(20.5,-76.8,115.));
#21537=CARTESIAN_POINT('',(-20.3704261489395,-76.8,114.8));
#21538=CARTESIAN_POINT('',(10.2823934627651,-76.8,114.8));
#21539=CARTESIAN_POINT('',(-20.3704261489395,-76.8,50.));
#21540=CARTESIAN_POINT('',(-20.3704261489395,-76.8,115.));
#21541=CARTESIAN_POINT('',(-20.3704261489395,-76.8,50.));
#21542=CARTESIAN_POINT('Origin',(0.0647869255302558,-75.9,50.));
#21543=CARTESIAN_POINT('',(22.3,-75.,50.));
#21544=CARTESIAN_POINT('',(22.3,-75.,50.));
#21545=CARTESIAN_POINT('',(20.5,-76.8,50.));
#21546=CARTESIAN_POINT('Origin',(22.3,-75.,115.));
#21547=CARTESIAN_POINT('',(22.3,-75.,114.8));
#21548=CARTESIAN_POINT('',(16.5161967313826,-80.7838032686174,114.8));
#21549=CARTESIAN_POINT('',(22.3,-75.,115.));
#21550=CARTESIAN_POINT('Origin',(-22.1704261489395,-75.,115.));
#21551=CARTESIAN_POINT('',(-22.1704261489395,-75.,50.));
#21552=CARTESIAN_POINT('',(22.3,-75.,50.));
#21553=CARTESIAN_POINT('',(-22.1704261489395,-75.,114.8));
#21554=CARTESIAN_POINT('',(-22.1704261489395,-75.,115.));
#21555=CARTESIAN_POINT('',(-11.0528196117046,-75.,114.8));
#21556=CARTESIAN_POINT('Origin',(-20.3704261489395,-76.8,115.));
#21557=CARTESIAN_POINT('',(-15.486622880322,-81.6838032686174,114.8));
#21558=CARTESIAN_POINT('',(-20.3704261489395,-76.8,50.));
#21559=CARTESIAN_POINT('Origin',(0.0647869255302558,-75.9,50.));
#21560=CARTESIAN_POINT('Origin',(0.0647869255302558,-75.9,114.8));
#21561=CARTESIAN_POINT('',(0.,0.,0.));
#21562=UNCERTAINTY_MEASURE_WITH_UNIT(LENGTH_MEASURE(0.01),#21568,
'DISTANCE_ACCURACY_VALUE',
'Maximum model space distance between geometric entities at asserted c
onnectivities');
#21563=UNCERTAINTY_MEASURE_WITH_UNIT(LENGTH_MEASURE(0.01),#21568,
'DISTANCE_ACCURACY_VALUE',
'Maximum model space distance between geometric entities at asserted c
onnectivities');
#21564=UNCERTAINTY_MEASURE_WITH_UNIT(LENGTH_MEASURE(0.01),#21568,
'DISTANCE_ACCURACY_VALUE',
'Maximum model space distance between geometric entities at asserted c
onnectivities');
#21565=(
GEOMETRIC_REPRESENTATION_CONTEXT(3)
GLOBAL_UNCERTAINTY_ASSIGNED_CONTEXT((#21562))
GLOBAL_UNIT_ASSIGNED_CONTEXT((#21568,#21570,#21571))
REPRESENTATION_CONTEXT('','3D')
);
#21566=(
GEOMETRIC_REPRESENTATION_CONTEXT(3)
GLOBAL_UNCERTAINTY_ASSIGNED_CONTEXT((#21563))
GLOBAL_UNIT_ASSIGNED_CONTEXT((#21568,#21570,#21571))
REPRESENTATION_CONTEXT('','3D')
);
#21567=(
GEOMETRIC_REPRESENTATION_CONTEXT(3)
GLOBAL_UNCERTAINTY_ASSIGNED_CONTEXT((#21564))
GLOBAL_UNIT_ASSIGNED_CONTEXT((#21568,#21570,#21571))
REPRESENTATION_CONTEXT('','3D')
);
#21568=(
LENGTH_UNIT()
NAMED_UNIT(*)
SI_UNIT(.MILLI.,.METRE.)
);
#21569=(
LENGTH_UNIT()
NAMED_UNIT(*)
SI_UNIT($,.METRE.)
);
#21570=(
NAMED_UNIT(*)
PLANE_ANGLE_UNIT()
SI_UNIT($,.RADIAN.)
);
#21571=(
NAMED_UNIT(*)
SI_UNIT($,.STERADIAN.)
SOLID_ANGLE_UNIT()
);
#21572=SHAPE_DEFINITION_REPRESENTATION(#21574,#21577);
#21573=SHAPE_DEFINITION_REPRESENTATION(#21575,#21578);
#21574=PRODUCT_DEFINITION_SHAPE('',$,#21580);
#21575=PRODUCT_DEFINITION_SHAPE('',$,#21581);
#21576=PRODUCT_DEFINITION_SHAPE($,$,#14);
#21577=SHAPE_REPRESENTATION('',(#13483,#14365),#21565);
#21578=SHAPE_REPRESENTATION('',(#13484),#21566);
#21579=PRODUCT_DEFINITION_CONTEXT('part definition',#21587,'design');
#21580=PRODUCT_DEFINITION('Case 18mm','Case 18mm v21',#21582,#21579);
#21581=PRODUCT_DEFINITION('Case - dowel','Case - dowel',#21583,#21579);
#21582=PRODUCT_DEFINITION_FORMATION('',$,#21589);
#21583=PRODUCT_DEFINITION_FORMATION('',$,#21590);
#21584=PRODUCT_RELATED_PRODUCT_CATEGORY('Case 18mm v21','Case 18mm v21',
(#21589));
#21585=PRODUCT_RELATED_PRODUCT_CATEGORY('Case - dowel','Case - dowel',(#21590));
#21586=APPLICATION_PROTOCOL_DEFINITION('international standard',
'automotive_design',2009,#21587);
#21587=APPLICATION_CONTEXT(
'Core Data for Automotive Mechanical Design Process');
#21588=PRODUCT_CONTEXT('part definition',#21587,'mechanical');
#21589=PRODUCT('Case 18mm','Case 18mm v21',$,(#21588));
#21590=PRODUCT('Case - dowel','Case - dowel',$,(#21588));
#21591=PRESENTATION_STYLE_ASSIGNMENT((#21593));
#21592=PRESENTATION_STYLE_ASSIGNMENT((#21594));
#21593=SURFACE_STYLE_USAGE(.BOTH.,#21595);
#21594=SURFACE_STYLE_USAGE(.BOTH.,#21596);
#21595=SURFACE_SIDE_STYLE('',(#21597));
#21596=SURFACE_SIDE_STYLE('',(#21598));
#21597=SURFACE_STYLE_FILL_AREA(#21599);
#21598=SURFACE_STYLE_FILL_AREA(#21600);
#21599=FILL_AREA_STYLE('Steel - Satin',(#21601));
#21600=FILL_AREA_STYLE('Tough 2000 (with Formlabs SLA 3D Printers)',(#21602));
#21601=FILL_AREA_STYLE_COLOUR('Steel - Satin',#21603);
#21602=FILL_AREA_STYLE_COLOUR(
'Tough 2000 (with Formlabs SLA 3D Printers)',#21604);
#21603=COLOUR_RGB('Steel - Satin',0.627450980392157,0.627450980392157,0.627450980392157);
#21604=COLOUR_RGB('Tough 2000 (with Formlabs SLA 3D Printers)',0.,0.,0.);
ENDSEC;
END-ISO-10303-21;
